id,comments,basic_card_res,basic_card_name_en,theme,French,German,Spanish,Portuguese,Thai,Indonesian,Dutch,Japanese,Italian,Polish,Turkish,Russian,Romanian,Traditional_Chinese,Danish,Ukrainian,Simplified_Chinese
string,string,string,string,string,string,string,string,string,string,string,string,string,string,string,string,string,string,string,string,string,string
基础牌ID,策划说明（备注）,基础牌图片资源,基础牌名称-英文,提示词主题,基础牌名称-法语,基础牌名称-德语,基础牌名称-西班牙语,基础牌名称-葡萄牙语,基础牌名称-泰语,基础牌名称-印尼语,基础牌名称-荷兰语,基础牌名称-日语,基础牌名称-意大利语,基础牌名称-波兰语,基础牌名称-土耳其语,基础牌名称-俄语,基础牌名称-罗马尼亚语,基礎牌名稱-繁體中文,基础牌名称-丹麦语,基础牌名称-乌克兰语,基础牌名称-简体中文
"""client,server""",,client,server,server,server,server,server,server,server,server,server,server,server,server,server,server,server,server,server,server,server
,,,,,,,,,,,,,,,,,,,,,
BED_WORD_FURNITURE_1,Bed,,Bed,Furniture,,,,,,,,,,,,,,,,,床
CHAIR_WORD_FURNITURE_1,Chair,,Chair,Furniture,,,,,,,,,,,,,,,,,椅子
SOFA_WORD_FURNITURE_1,Sofa,,Sofa,Furniture,,,,,,,,,,,,,,,,,沙发
WARDROBE_WORD_FURNITURE_1,Wardrobe,,Wardrobe,Furniture,,,,,,,,,,,,,,,,,衣柜
TABLE_WORD_FURNITURE_1,Table,,Table,Furniture,,,,,,,,,,,,,,,,,桌子
DOG_WORD_PETS_2,Dog,,Dog,Pets,Chien,Hund,Perro,Cão,สุนัข,Anjing,Hond,犬,Cane,Pies,Köpek,Собака,Câine,狗,Hund,Пес,狗
HAMSTER_WORD_PETS_2,Hamster,,Hamster,Pets,Hamster,Hamster,Hámster,Hamster,แฮมสเตอร์,Hamster,Hamster,ハムスター,Criceto,Chomik,Hamster,Хомяк,Hamster,倉鼠,Hamster,Хом'як,仓鼠
CAT_WORD_PETS_2,Cat,,Cat,Pets,Chat,Katze,Gato,Gato,แมว,Kucing,Kat,猫,Gatto,Kot,Kedi,Кошка,Pisică,貓,Kat,Кіт,猫
PARROT_WORD_PETS_2,Parrot,,Parrot,Pets,Perroquet,Papagei,Loro,Papagaio,นกแก้ว,Burung Nuri,Papegaai,オウム,Pappagallo,Papuga,Papağan,Попугай,Papagal,鸚鵡,Papegøje,Папуга,鹦鹉
HOT_DOG_WORD_FOOD_3,Hot dog,,Hot dog,Food,Hot dog,Hotdog,Perrito,Cachorro-quente,ฮอทด็อก,Hot dog,Hotdog,ホットドッグ,Hot dog,Hot dog,Sosisli,Хот-дог,Hot dog,熱狗,Hotdog,Хот-дог,热狗
PIZZA_WORD_FOOD_3,Pizza,,Pizza,Food,Pizza,Pizza,Pizza,Pizza,พิซซ่า,Pizza,Pizza,ピザ,Pizza,Pizza,Pizza,Пицца,Pizza,披薩,Pizza,Піца,披萨
BURGER_WORD_FOOD_3,Burger,,Burger,Food,Burger,Burger,Hamburguesa,Hambúrguer,เบอร์เกอร์,Burger,Burger,バーガー,Hamburger,Burger,Burger,Бургер,Burger,漢堡,Burger,Бургер,汉堡
FRIES_WORD_FOOD_3,Fries,,Fries,Food,Frites,Pommes,Patatas,Batatas,เฟรนช์ฟรายส์,Kentang goreng,Patat,フライドポテト,Patatine,Frytki,Patates kızartması,Картофель фри,Cartofi prăjiți,薯條,Pomfritter,Фрі,薯条
PEONY_WORD_FLOWERS_4,Peony,,Peony,Flowers,Pivoine,Pfingstrose,Peonía,Peônia,โบตั๋น,Peoni,Pioenroos,牡丹,Peonia,Piwonia,Şakayık,Пион,Bujor,牡丹,Pæon,Півонія,牡丹
LILY_WORD_FLOWERS_4,Lily,,Lily,Flowers,Lys,Lilie,Lirio,Lírio,ลิลลี่,Lili,Lelie,ユリ,Giglio,Lilia,Zambak,Лилия,Crin,百合,Lilje,Лілія,百合
ROSE_WORD_FLOWERS_4,Rose,,Rose,Flowers,Rose,Rose,Rosa,Rosa,กุหลาบ,Mawar,Roos,バラ,Rosa,Róża,Gül,Роза,Trandafir,玫瑰,Rose,Троянда,玫瑰
TULIP_WORD_FLOWERS_4,Tulip,,Tulip,Flowers,Tulipe,Tulpe,Tulipán,Tulipa,ทิวลิป,Tulip,Tulp,チューリップ,Tulipano,Tulipan,Lale,Тюльпан,Lalea,鬱金香,Tulipan,Тюльпан,郁金香
WESTERN_WORD_CINEMA_5,Western,,Western,Cinema,Western,Western,Western,Faroeste,เวสเทิร์น,Koboi,Western,西部劇,Western,Western,Western,Вестерн,Western,西部片,Western,Вестерн,西部片
DRAMA_WORD_CINEMA_5,Drama,,Drama,Cinema,Drame,Drama,Drama,Drama,ดราม่า,Drama,Drama,ドラマ,Dramma,Dramat,Dram,Драма,Dramă,劇情片,Drama,Драма,剧情片
COMEDY_WORD_CINEMA_5,Comedy,,Comedy,Cinema,Comédie,Komödie,Comedia,Comédia,ตลก,Komedi,Komedie,コメディ,Commedia,Komedia,Komedi,Комедия,Comedie,喜劇片,Komedie,Комедія,喜剧片
HORROR_WORD_CINEMA_5,Horror,,Horror,Cinema,Horreur,Horror,Terror,Terror,สยองขวัญ,Horor,Horror,ホラー,Horror,Horror,Korku,Ужасы,Horror,恐怖片,Gys,Жах,恐怖片
POPCORN_WORD_CINEMA_5,Popcorn,,Popcorn,Cinema,,,,,,,,,,,,,,,,,爆米花
TICKET_WORD_CINEMA_5,Ticket,,Ticket,Cinema,,,,,,,,,,,,,,,,,电影票
DAY_WORD_CALENDAR_6,Day,,Day,Calendar,,,,,,,,,,,,,,,,,日
WEEK_WORD_CALENDAR_6,Week,,Week,Calendar,,,,,,,,,,,,,,,,,周
MONTH_WORD_CALENDAR_6,Month,,Month,Calendar,,,,,,,,,,,,,,,,,月
YEAR_WORD_CALENDAR_6,Year,,Year,Calendar,,,,,,,,,,,,,,,,,年
PAGE_WORD_BOOK_7,Page,,Page,Book,Page,Seite,Página,Página,หน้า,Halaman,Pagina,ページ,Pagina,Strona,Sayfa,Страница,Pagină,頁面,Side,Сторінка,页面
PAPER_WORD_BOOK_7,Paper,,Paper,Book,Papier,Papier,Papel,Papel,กระดาษ,Kertas,Papier,紙,Carta,Papier,Kâğıt,Бумага,Hârtie,紙張,Papir,Папір,纸张
COVER_WORD_BOOK_7,Cover,,Cover,Book,Couverture,Umschlag,Portada,Capa,ปก,Sampul,Kaft,表紙,Copertina,Okładka,Kapak,Обложка,Copertă,封面,Omslag,Обкладинка,封面
ASIA_WORD_LANDMASS_8,Asia,,Asia,Landmass,Asie,Asien,Asia,Ásia,เอเชีย,Asia,Azië,アジア,Asia,Azja,Asya,Азия,Asia,亞洲,Asien,Азія,亚洲
AFRICA_WORD_LANDMASS_8,Africa,,Africa,Landmass,Afrique,Afrika,África,África,แอฟริกา,Afrika,Afrika,アフリカ,Africa,Afryka,Afrika,Африка,Africa,非洲,Afrika,Африка,非洲
EUROPE_WORD_LANDMASS_8,Europe,,Europe,Landmass,Europe,Europa,Europa,Europa,ยุโรป,Eropa,Europa,ヨーロッパ,Europa,Europa,Avrupa,Европа,Europa,歐洲,Europa,Європа,欧洲
PICTURE_WORD_MUSEUM_9,Picture,,Picture,Museum,,,,,,,,,,,,,,,,,图画
EXHIBIT_WORD_MUSEUM_9,Exhibit,,Exhibit,Museum,,,,,,,,,,,,,,,,,展品
ARTIFACT_WORD_MUSEUM_9,Artifact,,Artifact,Museum,,,,,,,,,,,,,,,,,文物
HALL_WORD_MUSEUM_9,Hall,,Hall,Museum,,,,,,,,,,,,,,,,,展厅
DISPLAY_WORD_MUSEUM_9,Display,,Display,Museum,,,,,,,,,,,,,,,,,陈列
CURATOR_WORD_MUSEUM_9,Curator,,Curator,Museum,,,,,,,,,,,,,,,,,馆长
ART_WORD_MUSEUM_9,Art,,Art,Museum,,,,,,,,,,,,,,,,,艺术
FLANNEL_WORD_FABRICS_10,Flannel,,Flannel,Fabrics,,,,,,,,,,,,,,,,,法兰绒
COTTON_WORD_FABRICS_10,Cotton,,Cotton,Fabrics,,,,,,,,,,,,,,,,,棉布
SILK_WORD_FABRICS_10,Silk,,Silk,Fabrics,,,,,,,,,,,,,,,,,丝绸
SATIN_WORD_FABRICS_10,Satin,,Satin,Fabrics,,,,,,,,,,,,,,,,,缎子
VELVET_WORD_FABRICS_10,Velvet,,Velvet,Fabrics,,,,,,,,,,,,,,,,,天鹅绒
LINEN_WORD_FABRICS_10,Linen,,Linen,Fabrics,,,,,,,,,,,,,,,,,亚麻布
FELT_WORD_FABRICS_10,Felt,,Felt,Fabrics,,,,,,,,,,,,,,,,,毡布
ORWELL_WORD_WRITER_11,Orwell,,Orwell,Writer,,,,,,,,,,,,,,,,,奥威尔
DICKENS_WORD_WRITER_11,Dickens,,Dickens,Writer,,,,,,,,,,,,,,,,,狄更斯
TWAIN_WORD_WRITER_11,Twain,,Twain,Writer,,,,,,,,,,,,,,,,,吐温
WILDE_WORD_WRITER_11,Wilde,,Wilde,Writer,,,,,,,,,,,,,,,,,王尔德
LONDON_WORD_WRITER_11,London,,London,Writer,,,,,,,,,,,,,,,,,伦敦
TOLKIEN_WORD_WRITER_11,Tolkien,,Tolkien,Writer,,,,,,,,,,,,,,,,,托尔金
FAULKNER_WORD_WRITER_11,Faulkner,,Faulkner,Writer,,,,,,,,,,,,,,,,,福克纳
HAMSTER_WORD_PETS_12,Hamster,,Hamster,Pets,Hamster,Hamster,Hámster,Hamster,แฮมสเตอร์,Hamster,Hamster,ハムスター,Criceto,Chomik,Hamster,Хомяк,Hamster,倉鼠,Hamster,Хом'як,仓鼠
CAT_WORD_PETS_12,Cat,,Cat,Pets,Chat,Katze,Gato,Gato,แมว,Kucing,Kat,猫,Gatto,Kot,Kedi,Кошка,Pisică,貓,Kat,Кіт,猫
DOG_WORD_PETS_12,Dog,,Dog,Pets,Chien,Hund,Perro,Cão,สุนัข,Anjing,Hond,犬,Cane,Pies,Köpek,Собака,Câine,狗,Hund,Пес,狗
RABBIT_WORD_PETS_12,Rabbit,,Rabbit,Pets,,,,,,,,,,,,,,,,,兔子
FERRET_WORD_PETS_12,Ferret,,Ferret,Pets,,,,,,,,,,,,,,,,,雪貂
DEGU_WORD_PETS_12,Degu,,Degu,Pets,,,,,,,,,,,,,,,,,八齿鼠
SUNNY_WORD_WEATHER_13,Sunny,,Sunny,Weather,,,,,,,,,,,,,,,,,晴朗
FOGGY_WORD_WEATHER_13,Foggy,,Foggy,Weather,,,,,,,,,,,,,,,,,有雾
SNOWY_WORD_WEATHER_13,Snowy,,Snowy,Weather,,,,,,,,,,,,,,,,,下雪
RAINY_WORD_WEATHER_13,Rainy,,Rainy,Weather,,,,,,,,,,,,,,,,,下雨
WINDY_WORD_WEATHER_13,Windy,,Windy,Weather,,,,,,,,,,,,,,,,,刮风
STORMY_WORD_WEATHER_13,Stormy,,Stormy,Weather,,,,,,,,,,,,,,,,,暴风雨
SPRING_WORD_SEASONS_14,Spring,,Spring,Seasons,Printemps,Frühling,Primavera,Primavera,ฤดูใบไม้ผลิ,Semi,Lente,春,Primavera,Wiosna,İlkbahar,Весна,Primăvară,春天,Forår,Весна,春天
AUTUMN_WORD_SEASONS_14,Autumn,,Autumn,Seasons,Automne,Herbst,Otoño,Outono,ฤดูใบไม้ร่วง,Gugur,Herfst,秋,Autunno,Jesień,Sonbahar,Осень,Toamnă,秋天,Efterår,Осінь,秋天
WINTER_WORD_SEASONS_14,Winter,,Winter,Seasons,Hiver,Winter,Invierno,Inverno,ฤดูหนาว,Dingin,Winter,冬,Inverno,Zima,Kış,Зима,Iarnă,冬天,Vinter,Зима,冬天
SUMMER_WORD_SEASONS_14,Summer,,Summer,Seasons,Été,Sommer,Verano,Verão,ฤดูร้อน,Panas,Zomer,夏,Estate,Lato,Yaz,Лето,Vară,夏天,Sommer,Літо,夏天
BEAK_WORD_BIRD_15,Beak,,Beak,Bird,,,,,,,,,,,,,,,,,喙
WING_WORD_BIRD_15,Wing,,Wing,Bird,,,,,,,,,,,,,,,,,翅膀
TAIL_WORD_BIRD_15,Tail,,Tail,Bird,,,,,,,,,,,,,,,,,尾巴
ROD_WORD_FISHING_16,Rod,,Rod,Fishing,Canne,Rute,Caña,Vara,คันเบ็ด,Joran,Hengel,竿,Canna,Wędka,Olta,Удочка,Undiță,釣竿,Stang,Стрижень,钓竿
BOBBER_WORD_FISHING_16,Bobber,,Bobber,Fishing,Flotteur,Schwimmer,Boya,Boia,ทุ่น,Pelampung,Dobber,浮き,Galleggiante,Spławik,Şamandıra,Поплавок,Plută,浮標,Flåd,Поплавець,浮标
BAIT_WORD_FISHING_16,Bait,,Bait,Fishing,Appât,Köder,Cebo,Isca,เหยื่อ,Umpan,Aas,餌,Esca,Przynęta,Yem,Наживка,Momeală,魚餌,Lokkemad,Наживка,鱼饵
JAMAICA_WORD_ISLANDS_17,Jamaica,,Jamaica,Islands,Jamaïque,Jamaika,Jamaica,Jamaica,จาเมกา,Jamaika,Jamaica,ジャマイカ,Giamaica,Jamajka,Jamaika,Ямайка,Jamaica,牙買加,Jamaica,Ямайка,牙买加
ICELAND_WORD_ISLANDS_17,Iceland,,Iceland,Islands,Islande,Island,Islandia,Islândia,ไอซ์แลนด์,Islandia,IJsland,アイスランド,Islanda,Islandia,İzlanda,Исландия,Islanda,冰島,Island,Ісландія,冰岛
SICILY_WORD_ISLANDS_17,Sicily,,Sicily,Islands,Sicile,Sizilien,Sicilia,Sicília,ซิซิลี,Sisilia,Sicilië,シチリア,Sicilia,Sycylia,Sicilya,Сицилия,Sicilia,西西里,Sicilien,Сицилія,西西里
HAWAII_WORD_ISLANDS_17,Hawaii,,Hawaii,Islands,Hawaï,Hawaii,Hawái,Havaí,ฮาวาย,Hawaii,Hawaï,ハワイ,Hawaii,Hawaje,Hawaii,Гавайи,Hawaii,夏威夷,Hawaii,Гаваї,夏威夷
BALI_WORD_ISLANDS_17,Bali,,Bali,Islands,Bali,Bali,Bali,Bali,บาหลี,Bali,Bali,バリ,Bali,Bali,Bali,Бали,Bali,峇里島,Bali,Балі,峇里岛
IBIZA_WORD_ISLANDS_17,Ibiza,,Ibiza,Islands,Ibiza,Ibiza,Ibiza,Ibiza,อิบิซา,Ibiza,Ibiza,イビサ,Ibiza,Ibiza,İbiza,Ибица,Ibiza,伊比薩,Ibiza,Ібіца,伊比萨
CRETE_WORD_ISLANDS_17,Crete,,Crete,Islands,Crète,Kreta,Creta,Creta,ครีต,Kreta,Kreta,クレタ,Creta,Kreta,Girit,Крит,Creta,克里特,Kreta,Крит,克里特
BARBADOS_WORD_ISLANDS_17,Barbados,,Barbados,Islands,Barbade,Barbados,Barbados,Barbados,บาร์เบโดส,Barbados,Barbados,バルバドス,Barbados,Barbados,Barbados,Барбадос,Barbados,巴貝多,Barbados,Барбадос,巴巴多斯
RUMBA_WORD_DANCES_18,Rumba,,Rumba,Dances,Rumba,Rumba,Rumba,Rumba,รุมบ้า,Rumba,Rumba,ルンバ,Rumba,Rumba,Rumba,Румба,Rumba,倫巴,Rumba,Румба,伦巴
TANGO_WORD_DANCES_18,Tango,,Tango,Dances,Tango,Tango,Tango,Tango,แทงโก้,Tango,Tango,タンゴ,Tango,Tango,Tango,Танго,Tango,探戈,Tango,Танго,探戈
SALSA_WORD_DANCES_18,Salsa,,Salsa,Dances,Salsa,Salsa,Salsa,Salsa,ซัลซ่า,Salsa,Salsa,サルサ,Salsa,Salsa,Salsa,Сальса,Salsa,莎莎,Salsa,Сальса,莎莎
WALTZ_WORD_DANCES_18,Waltz,,Waltz,Dances,Valse,Walzer,Vals,Valsa,วอลทซ์,Waltz,Wals,ワルツ,Valzer,Walc,Vals,Вальс,Vals,華爾滋,Vals,Вальс,华尔滋
SAMBA_WORD_DANCES_18,Samba,,Samba,Dances,Samba,Samba,Samba,Samba,แซมบ้า,Samba,Samba,サンバ,Samba,Samba,Samba,Самба,Samba,森巴,Samba,Самба,森巴
FLAMENCO_WORD_DANCES_18,Flamenco,,Flamenco,Dances,Flamenco,Flamenco,Flamenco,Flamenco,ฟลาเมงโก,Flamenco,Flamenco,フラメンコ,Flamenco,Flamenco,Flamenko,Фламенко,Flamenco,佛朗明哥,Flamenco,Фламенко,佛朗明哥
SLUG_WORD_MOLLUSCS_19,Slug,,Slug,Molluscs,,,,,,,,,,,,,,,,,蛞蝓
OYSTER_WORD_MOLLUSCS_19,Oyster,,Oyster,Molluscs,,,,,,,,,,,,,,,,,牡蛎
SNAIL_WORD_MOLLUSCS_19,Snail,,Snail,Molluscs,,,,,,,,,,,,,,,,,蜗牛
CLAM_WORD_MOLLUSCS_19,Clam,,Clam,Molluscs,,,,,,,,,,,,,,,,,蛤蜊
METAL_WORD_MATERIAL_20,Metal,,Metal,Material,Métal,Metall,Metal,Metal,โลหะ,Logam,Metaal,金属,Metallo,Metal,Metal,Металл,Metal,金屬,Metal,Метал,金属
GLASS_WORD_MATERIAL_20,Glass,,Glass,Material,Verre,Glas,Vidrio,Vidro,แก้ว,Kaca,Glas,ガラス,Vetro,Szkło,Cam,Стекло,Sticlă,玻璃,Glas,Скло,玻璃
PLASTIC_WORD_MATERIAL_20,Plastic,,Plastic,Material,Plastique,Plastik,Plástico,Plástico,พลาสติก,Plastik,Plastic,プラスチック,Plastica,Plastik,Plastik,Пластик,Plastic,塑膠,Plastik,Пластик,塑料
STONE_WORD_MATERIAL_20,Stone,,Stone,Material,Pierre,Stein,Piedra,Pedra,หิน,Batu,Steen,石,Pietra,Kamień,Taş,Камень,Piatră,石材,Sten,Камінь,石材
PAJAMAS_WORD_BEDTIME_21,Pajamas,,Pajamas,Bedtime,,,,,,,,,,,,,,,,,睡衣
LULLABY_WORD_BEDTIME_21,Lullaby,,Lullaby,Bedtime,,,,,,,,,,,,,,,,,摇篮曲
DREAM_WORD_BEDTIME_21,Dream,,Dream,Bedtime,,,,,,,,,,,,,,,,,梦
YAWN_WORD_BEDTIME_21,Yawn,,Yawn,Bedtime,,,,,,,,,,,,,,,,,打哈欠
TERMINAL_WORD_AIRPORT_22,Terminal,,Terminal,Airport,Terminal,Terminal,Terminal,Terminal,อาคารผู้โดยสาร,Terminal,Terminal,ターミナル,Terminal,Terminal,Terminal,Терминал,Terminal,航站,Terminal,Термінал,航站
RUNWAY_WORD_AIRPORT_22,Runway,,Runway,Airport,Piste,Landebahn,Pista,Pista,รันเวย์,Landasan,Startbaan,滑走路,Pista,Pas startowy,Pist,Взлётная полоса,Pistă,跑道,Landingsbane,Злітна смуга,跑道
GATE_WORD_AIRPORT_22,Gate,,Gate,Airport,Porte,Gate,Puerta,Portão,ประตูขึ้นเครื่อง,Gerbang,Poort,搭乗口,Gate,Bramka,Kapı,Выход,Poartă,登機門,Port,Ворота,登机门
CREAM_WORD_DAIRY_23,Cream,,Cream,Dairy,Crème,Sahne,Crema,Creme,ครีม,Krim,Crème,クリーム,Panna,Śmietana,Krema,Сливки,Cremă,奶油,Fløde,Крем,奶油
BUTTER_WORD_DAIRY_23,Butter,,Butter,Dairy,Beurre,Butter,Mantequilla,Manteiga,เนย,Mentega,Boter,バター,Burro,Masło,Tereyağı,Масло,Unt,黃油,Smør,Масло,黄油
YOGURT_WORD_DAIRY_23,Yogurt,,Yogurt,Dairy,Yaourt,Joghurt,Yogur,Iogurte,โยเกิร์ต,Yogurt,Yoghurt,ヨーグルト,Yogurt,Jogurt,Yoğurt,Йогурт,Iaurt,優格,Yoghurt,Йогурт,优格
GOLDFISH_WORD_FISH_24,Goldfish,,Goldfish,Fish,Poisson rouge,Goldfisch,Pez dorado,Peixe dourado,ปลาทอง,Ikan mas,Goudvis,金魚,Pesce rosso,Złota rybka,Japon balığı,Золотая рыбка,Pește auriu,金魚,Guldfisk,Золота рибка,金鱼
TUNA_WORD_FISH_24,Tuna,,Tuna,Fish,Thon,Thunfisch,Atún,Atum,ทูน่า,Tuna,Tonijn,マグロ,Tonno,Tuńczyk,Ton balığı,Тунец,Ton,鮪魚,Tun,Тунець,鲔鱼
MARLIN_WORD_FISH_24,Marlin,,Marlin,Fish,Marlin,Marlin,Marlín,Marlim,มาร์ลิน,Marlin,Marlijn,カジキ,Marlin,Marlin,Marlin,Марлин,Marlin,旗魚,Marlin,Марлін,旗鱼
SARDINE_WORD_FISH_24,Sardine,,Sardine,Fish,Sardine,Sardine,Sardina,Sardinha,ซาร์ดีน,Sarden,Sardine,イワシ,Sardina,Sardynka,Sardalya,Сардина,Sardină,沙丁魚,Sardin,Сардина,沙丁鱼
EEL_WORD_FISH_24,Eel,,Eel,Fish,Anguille,Aal,Anguila,Enguia,ปลาไหล,Belut,Paling,ウナギ,Anguilla,Węgorz,Yılan balığı,Угорь,Țipar,鰻魚,Ål,Вугор,鳗鱼
MACKEREL_WORD_FISH_24,Mackerel,,Mackerel,Fish,Maquereau,Makrele,Caballa,Cavala,ปลาแมคเคอเรล,Makarel,Makreel,サバ,Sgombro,Makrela,Uskumru,Скумбрия,Macrou,鯖魚,Makrel,Скумбрія,鲭鱼
GROUPER_WORD_FISH_24,Grouper,,Grouper,Fish,Mérou,Zackenbarsch,Mero,Garoupa,ปลาเก๋า,Kerapu,Tandbaars,ハタ,Cernia,Grouper,Orfoz,Групер,Cherna,石斑魚,Grouper,Групер,石斑鱼
PERCH_WORD_FISH_24,Perch,,Perch,Fish,Perche,Barsch,Perca,Perca,ปลาเพิร์ช,Kakap,Baars,パーチ,Pesce persico,Okoń,Levrek,Окунь,Biban,鱸魚,Aborre,Окунь,鲈鱼
ARMOR_WORD_KNIGHT_25,Armor,,Armor,Knight,Armure,Rüstung,Armadura,Armadura,เกราะ,Baju besi,Harnas,鎧,Armatura,Zbroja,Zırh,Доспехи,Armură,盔甲,Rustning,Броня,盔甲
HELMET_WORD_KNIGHT_25,Helmet,,Helmet,Knight,Casque,Helm,Casco,Capacete,หมวกเกราะ,Helm,Helm,兜,Elmo,Hełm,Miğfer,Шлем,Cască,頭盔,Hjelm,Шолом,头盔
SHIELD_WORD_KNIGHT_25,Shield,,Shield,Knight,Bouclier,Schild,Escudo,Escudo,โล่,Perisai,Schild,盾,Scudo,Tarcza,Kalkan,Щит,Scut,盾牌,Skjold,Щит,盾牌
WEAPON_WORD_KNIGHT_25,Weapon,,Weapon,Knight,Arme,Waffe,Arma,Arma,อาวุธ,Senjata,Wapen,武器,Arma,Broń,Silah,Оружие,Armă,武器,Våben,Зброя,武器
DESTRIER_WORD_KNIGHT_25,Destrier,,Destrier,Knight,Destrier,Schlachtross,Destrero,Destreiro,ม้าศึก,Destrier,Strijdros,軍馬,Destriero,Destrier,Savaş atı,Боевой конь,Destrier,戰馬,Stridshest,Дестріє,战马
CHIVALRY_WORD_KNIGHT_25,Chivalry,,Chivalry,Knight,Chevalerie,Ritterlichkeit,Caballería,Cavalaria,อัศวินธรรม,Kesatria,Ridderschap,騎士道,Cavalleria,Rycerskość,Şövalyelik,Рыцарство,Cavalerism,騎士精神,Ridderlighed,Лицарство,骑士精神
EMBER_WORD_FIRE_26,Ember,,Ember,Fire,,,,,,,,,,,,,,,,,余烬
ASH_WORD_FIRE_26,Ash,,Ash,Fire,Frêne,Esche,Fresno,Freixo,แอช,Ash,As,トネリコ,Frassino,Jesion,Dişbudak,Ясень,Cenușă,梣樹,Aske,Попіл,梣树
WOOD_WORD_FIRE_26,Wood,,Wood,Fire,,,,,,,,,,,,,,,,,木头
FLAME_WORD_FIRE_26,Flame,,Flame,Fire,,,,,,,,,,,,,,,,,火焰
MATCHES_WORD_FIRE_26,Matches,,Matches,Fire,,,,,,,,,,,,,,,,,火柴
LOG_WORD_FIRE_26,Log,,Log,Fire,,,,,,,,,,,,,,,,,原木
SHOOTER_WORD_GAMER_27,Shooter,,Shooter,Gamer,Tir,Shooter,Disparos,Tiro,ชูตเตอร์,Tembak,Schutter,シューティング,Sparatutto,Strzelanka,Nişancı,Шутер,Trăgător,射擊,Skydespil,Шутер,射击
ARCADE_WORD_GAMER_27,Arcade,,Arcade,Gamer,Arcade,Arcade,Arcade,Arcade,อาร์เคด,Arkade,Speelhal,アーケード,Arcade,Arcade,Atari,Аркада,Arcade,街機,Spillehal,Аркада,街机
STRATEGY_WORD_GAMER_27,Strategy,,Strategy,Gamer,Stratégie,Strategie,Estrategia,Estratégia,กลยุทธ์,Strategi,Strategie,ストラテジー,Strategia,Strategia,Strateji,Стратегия,Strategie,策略,Strategi,Стратегія,策略
SCORE_WORD_GAMER_27,Score,,Score,Gamer,Score,Punktzahl,Puntuación,Pontuação,คะแนน,Skor,Partituur,スコア,Punteggio,Wynik,Skor,Счёт,Partitură,得分,Score,Рахунок,得分
COLD_WORD_WINTER_28,Cold,,Cold,Winter,,,,,,,,,,,,,,,,,寒冷
SNOW_WORD_WINTER_28,Snow,,Snow,Winter,,,,,,,,,,,,,,,,,雪
FROST_WORD_WINTER_28,Frost,,Frost,Winter,Givre,Frost,Escarcha,Geada,น้ำค้างแข็ง,Embun beku,Vorst,霜,Brina,Mróz,Kırağı,Мороз,Ger,霜,Frost,Мороз,霜
SNOWMAN_WORD_WINTER_28,Snowman,,Snowman,Winter,,,,,,,,,,,,,,,,,雪人
DRYER_WORD_DEVICE_29,Dryer,,Dryer,Device,Sèche-linge,Trockner,Secadora,Secadora,เครื่องอบแห้ง,Pengering,Droger,乾燥機,Asciugatrice,Suszarka,Kurutma makinesi,Сушилка,Uscător,烘乾機,Tørretumbler,Сушарка,烘干机
PRINTER_WORD_DEVICE_29,Printer,,Printer,Device,Imprimante,Drucker,Impresora,Impressora,เครื่องพิมพ์,Printer,Printer,プリンター,Stampante,Drukarka,Yazıcı,Принтер,Imprimantă,印表機,Printer,Принтер,打印机
FAX_WORD_DEVICE_29,Fax,,Fax,Device,Fax,Fax,Fax,Fax,แฟกซ์,Faks,Fax,ファックス,Fax,Faks,Faks,Факс,Fax,傳真機,Fax,Факс,传真机
HEATER_WORD_DEVICE_29,Heater,,Heater,Device,Chauffage,Heizung,Calefactor,Aquecedor,เครื่องทำความร้อน,Pemanas,Verwarming,ヒーター,Stufa,Grzejnik,Isıtıcı,Обогреватель,Încălzitor,暖氣機,Varmeapparat,Обігрівач,暖气机
POSTURE_WORD_YOGA_30,Posture,,Posture,Yoga,,,,,,,,,,,,,,,,,姿势
STRETCH_WORD_YOGA_30,Stretch,,Stretch,Yoga,,,,,,,,,,,,,,,,,伸展
MEDITATE_WORD_YOGA_30,Meditate,,Meditate,Yoga,,,,,,,,,,,,,,,,,冥想
MANSION_WORD_HOUSE_31,Mansion,,Mansion,House,Manoir,Herrenhaus,Mansión,Mansão,คฤหาสน์,Rumah besar,Herenhuis,大邸宅,Magione,Rezydencja,Konak,Особняк,Conac,府邸,Palæ,Маєток,府邸
PALACE_WORD_HOUSE_31,Palace,,Palace,House,Palais,Palast,Palacio,Palácio,พระราชวัง,Istana,Paleis,宮殿,Palazzo,Pałac,Saray,Дворец,Palat,宮殿,Palads,Палац,宫殿
VILLA_WORD_HOUSE_31,Villa,,Villa,House,Villa,Villa,Villa,Vila,วิลล่า,Vila,Villa,別荘,Villa,Willa,Villa,Вилла,Vilă,別墅,Villa,Вілла,别墅
CEDAR_WORD_TREES_32,Cedar,,Cedar,Trees,,,,,,,,,,,,,,,,,雪松
ELM_WORD_TREES_32,Elm,,Elm,Trees,,,,,,,,,,,,,,,,,榆树
BAOBAB_WORD_TREES_32,Baobab,,Baobab,Trees,,,,,,,,,,,,,,,,,猴面包树
OAK_WORD_TREES_32,Oak,,Oak,Trees,Chêne,Eiche,Roble,Carvalho,โอ๊ก,Ek,Eik,オーク,Quercia,Dąb,Meşe,Дуб,Stejar,橡樹,Eg,Дуб,橡树
SPRUCE_WORD_TREES_32,Spruce,,Spruce,Trees,,,,,,,,,,,,,,,,,云杉
MAPLE_WORD_TREES_32,Maple,,Maple,Trees,Érable,Ahorn,Arce,Bordo,เมเปิ้ล,Maple,Esdoorn,カエデ,Acero,Klon,Akçaağaç,Клён,Arțar,楓樹,Løn,Клен,枫树
PINE_WORD_TREES_32,Pine,,Pine,Trees,,,,,,,,,,,,,,,,,松树
SEQUOIA_WORD_TREES_32,Sequoia,,Sequoia,Trees,,,,,,,,,,,,,,,,,红杉
PILOT_WORD_JOBS_33,Pilot,,Pilot,Jobs,Pilote,Pilot,Piloto,Piloto,นักบิน,Pilot,Piloot,パイロット,Pilota,Pilot,Pilot,Пилот,Pilot,飛行員,Pilot,Пілот,飞行员
MAILMAN_WORD_JOBS_33,Mailman,,Mailman,Jobs,Facteur,Briefträger,Cartero,Carteiro,บุรุษไปรษณีย์,Tukang pos,Postbode,郵便配達員,Postino,Listonosz,Postacı,Почтальон,Poștaș,郵差,Postbud,Листоноша,邮差
DOCTOR_WORD_JOBS_33,Doctor,,Doctor,Jobs,Médecin,Arzt,Médico,Médico,หมอ,Dokter,Dokter,医者,Dottore,Lekarz,Doktor,Врач,Doctor,醫生,Læge,Лікар,医生
WELDER_WORD_JOBS_33,Welder,,Welder,Jobs,Soudeur,Schweißer,Soldador,Soldador,ช่างเชื่อม,Tukang las,Lasser,溶接工,Saldatore,Spawacz,Kaynakçı,Сварщик,Sudor,焊接工,Svejser,Зварник,焊接工
ENGINEER_WORD_JOBS_33,Engineer,,Engineer,Jobs,Ingénieur,Ingenieur,Ingeniero,Engenheiro,วิศวกร,Insinyur,Ingenieur,エンジニア,Ingegnere,Inżynier,Mühendis,Инженер,Inginer,工程師,Ingeniør,Інженер,工程师
PLUMBER_WORD_JOBS_33,Plumber,,Plumber,Jobs,Plombier,Klempner,Fontanero,Encanador,ช่างประปา,Tukang ledeng,Loodgieter,配管工,Idraulico,Hydraulik,Tesisatçı,Сантехник,Instalator,水電工,Blikkenslager,Сантехнік,水电工
ACTOR_WORD_JOBS_33,Actor,,Actor,Jobs,Acteur,Schauspieler,Actor,Ator,นักแสดง,Aktor,Acteur,俳優,Attore,Aktor,Aktör,Актёр,Actor,演員,Skuespiller,Актор,演员
NURSE_WORD_JOBS_33,Nurse,,Nurse,Jobs,Infirmière,Krankenpfleger,Enfermera,Enfermeira,พยาบาล,Perawat,Verpleegster,看護師,Infermiera,Pielęgniarka,Hemşire,Медсестра,Asistentă,護士,Sygeplejerske,Медсестра,护士
ZOMBIE_WORD_HORROR_34,Zombie,,Zombie,Horror,,,,,,,,,,,,,,,,,僵尸
VAMPIRE_WORD_HORROR_34,Vampire,,Vampire,Horror,,,,,,,,,,,,,,,,,吸血鬼
MONSTER_WORD_HORROR_34,Monster,,Monster,Horror,,,,,,,,,,,,,,,,,怪物
GHOST_WORD_HORROR_34,Ghost,,Ghost,Horror,,,,,,,,,,,,,,,,,鬼魂
CURSE_WORD_HORROR_34,Curse,,Curse,Horror,,,,,,,,,,,,,,,,,诅咒
FEAR_WORD_HORROR_34,Fear,,Fear,Horror,,,,,,,,,,,,,,,,,恐惧
SANDALS_WORD_FOOTWEAR_35,Sandals,,Sandals,Footwear,Sandales,Sandalen,Sandalias,Sandálias,รองเท้าแตะ,Sandal,Sandalen,サンダル,Sandali,Sandały,Sandaletler,Сандалии,Sandale,涼鞋,Sandaler,Сандалі,凉鞋
UGGS_WORD_FOOTWEAR_35,Uggs,,Uggs,Footwear,Uggs,Uggs,Uggs,Uggs,อั๊กส์,Uggs,Uggs,アグブーツ,Uggs,Uggi,Ugg botlar,Угги,Uggs,雪靴,Uggs,Угги,雪靴
SLIPPERS_WORD_FOOTWEAR_35,Slippers,,Slippers,Footwear,Pantoufles,Hausschuhe,Pantuflas,Pantufas,สลิปเปอร์,Selop,Pantoffels,スリッパ,Pantofole,Kapcie,Terlikler,Тапочки,Papuci,拖鞋,Hjemmesko,Капці,拖鞋
CLOGS_WORD_FOOTWEAR_35,Clogs,,Clogs,Footwear,Sabots,Clogs,Zuecos,Tamancos,รองเท้าไม้,Bakiak,Klompen,クロッグ,Zoccoli,Chodaki,Takunya,Сабо,Saboți,木屐,Træsko,Клоги,木屐
LOAFERS_WORD_FOOTWEAR_35,Loafers,,Loafers,Footwear,Mocassins,Slipper,Mocasines,Mocassins,โลฟเฟอร์,Loafer,Loafers,ローファー,Mocassini,Mokasyny,Mokasen,Лоферы,Mocasini,樂福鞋,Loafers,Лофери,乐福鞋
SNEAKERS_WORD_FOOTWEAR_35,Sneakers,,Sneakers,Footwear,Baskets,Sneakers,Zapatillas,Tênis,สนีกเกอร์,Sepatu kets,Sneakers,スニーカー,Sneakers,Sneakersy,Spor ayakkabı,Кроссовки,Adidași,球鞋,Sneakers,Кросівки,球鞋
THUMB_WORD_FINGERS_36,Thumb,,Thumb,Fingers,,,,,,,,,,,,,,,,,拇指
INDEX_WORD_FINGERS_36,Index,,Index,Fingers,,,,,,,,,,,,,,,,,食指
MIDDLE_WORD_FINGERS_36,Middle,,Middle,Fingers,,,,,,,,,,,,,,,,,中指
RING_WORD_FINGERS_36,Ring,,Ring,Fingers,,,,,,,,,,,,,,,,,无名指
LITTLE_WORD_FINGERS_36,Little,,Little,Fingers,,,,,,,,,,,,,,,,,小指
CAR_WORD_DRIVING_37,Car,,Car,Driving,Voiture,Auto,Coche,Carro,รถยนต์,Mobil,Auto,車,Auto,Samochód,Araba,Машина,Mașină,汽車,Bil,Авто,汽车
ROAD_WORD_DRIVING_37,Road,,Road,Driving,Route,Straße,Carretera,Estrada,ถนน,Jalan,Weg,道路,Strada,Droga,Yol,Дорога,Drum,道路,Vej,Дорога,道路
SIGN_WORD_DRIVING_37,Sign,,Sign,Driving,Panneau,Schild,Señal,Placa,ป้าย,Rambu,Teken,標識,Segnale,Znak,Tabela,Знак,Semn,標誌,Skilt,Знак,标志
TRAFFIC_WORD_DRIVING_37,Traffic,,Traffic,Driving,Trafic,Verkehr,Tráfico,Trânsito,จราจร,Lalu lintas,Verkeer,交通,Traffico,Ruch,Trafik,Трафик,Trafic,交通,Trafik,Трафік,交通
YEAST_WORD_BAKERY_38,Yeast,,Yeast,Bakery,,,,,,,,,,,,,,,,,酵母
FLOUR_WORD_BAKERY_38,Flour,,Flour,Bakery,,,,,,,,,,,,,,,,,面粉
MILK_WORD_BAKERY_38,Milk,,Milk,Bakery,,,,,,,,,,,,,,,,,牛奶
EGGS_WORD_BAKERY_38,Eggs,,Eggs,Bakery,,,,,,,,,,,,,,,,,鸡蛋
VESPUCCI_WORD_EXPLORER_39,Vespucci,,Vespucci,Explorer,Vespucci,Vespucci,Vespucci,Vespucci,เวสปุชชี,Vespucci,Vespucci,ヴェスプッチ,Vespucci,Vespucci,Vespucci,Веспуччи,Vespucci,維斯普奇,Vespucci,Веспуччі,维斯普奇
MAGELLAN_WORD_EXPLORER_39,Magellan,,Magellan,Explorer,Magellan,Magellan,Magallanes,Magalhães,มาเจลลัน,Magellan,Magellan,マゼラン,Magellano,Magellan,Macellan,Магеллан,Magellan,麥哲倫,Magellan,Магеллан,麦哲伦
COLUMBUS_WORD_EXPLORER_39,Columbus,,Columbus,Explorer,Colomb,Kolumbus,Colón,Colombo,โคลัมบัส,Columbus,Columbus,コロンブス,Colombo,Kolumb,Kolomb,Колумб,Columb,哥倫布,Columbus,Колумб,哥伦布
KICK_WORD_MOVEMENT_40,Kick,,Kick,Movement,Coup de pied,Tritt,Patada,Chute,เตะ,Tendang,Trap,キック,Calcio,Kopnięcie,Tekme,Удар,Lovitură,踢,Spark,Удар ногою,踢
WALK_WORD_MOVEMENT_40,Walk,,Walk,Movement,Marcher,Gehen,Caminar,Andar,เดิน,Jalan,Stap,歩く,Camminare,Chód,Yürüme,Ходьба,Pas,走路,Gåtur,Прогулянка,走路
JUMP_WORD_MOVEMENT_40,Jump,,Jump,Movement,Saut,Sprung,Salto,Salto,กระโดด,Lompat,Sprong,ジャンプ,Saltare,Skok,Zıplama,Прыжок,Săritură,跳躍,Spring,Стрибок,跳跃
PRICE_WORD_SHOPPING_41,Price,,Price,Shopping,Prix,Preis,Precio,Preço,ราคา,Harga,Prijs,価格,Prezzo,Cena,Fiyat,Цена,Preț,價格,Pris,Ціна,价格
SALE_WORD_SHOPPING_41,Sale,,Sale,Shopping,,,,,,,,,,,,,,,,,特賣
DISCOUNT_WORD_SHOPPING_41,Discount,,Discount,Shopping,,,,,,,,,,,,,,,,,折扣
COUPON_WORD_SHOPPING_41,Coupon,,Coupon,Shopping,,,,,,,,,,,,,,,,,優惠券
KETCHUP_WORD_SAUCES_42,Ketchup,,Ketchup,Sauces,Ketchup,Ketchup,Ketchup,Ketchup,ซอสมะเขือเทศ,Saus tomat,Ketchup,ケチャップ,Ketchup,Keczup,Ketçap,Кетчуп,Ketchup,番茄醬,Ketchup,Кетчуп,番茄酱
MUSTARD_WORD_SAUCES_42,Mustard,,Mustard,Sauces,,,,,,,,,,,,,,,,,芥末醬
TABASCO_WORD_SAUCES_42,Tabasco,,Tabasco,Sauces,,,,,,,,,,,,,,,,,塔巴斯科辣椒醬
AIOLI_WORD_SAUCES_42,Aioli,,Aioli,Sauces,,,,,,,,,,,,,,,,,蒜泥蛋黃醬
SOLID_WORD_PHASE_43,Solid,,Solid,Phase,Solide,Fest,Sólido,Sólido,ของแข็ง,Padat,Vast,固体,Solido,Ciało stałe,Katı,Твёрдое,Solid,固體,Solid,Твердий,固体
LIQUID_WORD_PHASE_43,Liquid,,Liquid,Phase,Liquide,Flüssigkeit,Líquido,Líquido,ของเหลว,Cair,Vloeistof,液体,Liquido,Ciecz,Sıvı,Жидкость,Lichid,液體,Væske,Рідина,液体
GAS_WORD_PHASE_43,Gas,,Gas,Phase,Gaz,Gas,Gas,Gás,แก๊ส,Gas,Gas,気体,Gas,Gaz,Gaz,Газ,Gaz,氣體,Gas,Газ,气体
COMFY_WORD_COZY_44,Comfy,,Comfy,Cozy,Douillet,Bequem,Cómodo,Aconchegante,สบาย,Enak,Behaaglijk,快適,Comodo,Wygodny,Konforlu,Удобный,Comod,舒服,Behagelig,Затишний,舒服
WARM_WORD_COZY_44,Warm,,Warm,Cozy,Chaleureux,Warm,Cálido,Caloroso,อุ่นสบาย,Hangat,Warm,温かい,Caldo,Ciepły,Sıcak,Тёплый,Cald,溫暖,Varm,Теплий,温暖
SNUG_WORD_COZY_44,Snug,,Snug,Cozy,Blotti,Behaglich,Abrigado,Quentinho,น่าสบาย,Pas,Knus,心地よい,Intimo,Kameralny,Ferah,Укромный,Călduros,溫馨,Lun,Домашній,温馨
BATHTUB_WORD_BATHROOM_45,Bathtub,,Bathtub,Bathroom,,,,,,,,,,,,,,,,,浴缸
LOTION_WORD_BATHROOM_45,Lotion,,Lotion,Bathroom,,,,,,,,,,,,,,,,,乳液
SHAMPOO_WORD_BATHROOM_45,Shampoo,,Shampoo,Bathroom,,,,,,,,,,,,,,,,,洗髮精
SHAVER_WORD_BATHROOM_45,Shaver,,Shaver,Bathroom,,,,,,,,,,,,,,,,,電動刮鬍刀
SOAP_WORD_BATHROOM_45,Soap,,Soap,Bathroom,,,,,,,,,,,,,,,,,肥皂
SHOWER_WORD_BATHROOM_45,Shower,,Shower,Bathroom,,,,,,,,,,,,,,,,,淋浴
TOWEL_WORD_BATHROOM_45,Towel,,Towel,Bathroom,,,,,,,,,,,,,,,,,毛巾
RAZOR_WORD_BATHROOM_45,Razor,,Razor,Bathroom,,,,,,,,,,,,,,,,,剃刀
KALAHARI_WORD_DESERT_46,Kalahari,,Kalahari,Desert,,,,,,,,,,,,,,,,,喀拉哈里沙漠
GOBI_WORD_DESERT_46,Gobi,,Gobi,Desert,,,,,,,,,,,,,,,,,戈壁沙漠
NAMIB_WORD_DESERT_46,Namib,,Namib,Desert,,,,,,,,,,,,,,,,,納米比沙漠
TANAMI_WORD_DESERT_46,Tanami,,Tanami,Desert,,,,,,,,,,,,,,,,,塔納米沙漠
ATACAMA_WORD_DESERT_46,Atacama,,Atacama,Desert,,,,,,,,,,,,,,,,,阿他加馬沙漠
SAHARA_WORD_DESERT_46,Sahara,,Sahara,Desert,,,,,,,,,,,,,,,,,撒哈拉沙漠
KARAKUM_WORD_DESERT_46,Karakum,,Karakum,Desert,,,,,,,,,,,,,,,,,卡拉庫姆沙漠
MOJAVE_WORD_DESERT_46,Mojave,,Mojave,Desert,,,,,,,,,,,,,,,,,莫哈維沙漠
FRIGATE_WORD_SHIP_47,Frigate,,Frigate,Ship,Frégate,Fregatte,Fragata,Fragata,เรือฟริเกต,Fregat,Fregat,フリゲート,Fregata,Fregata,Firkateyn,Фрегат,Fregată,護衛艦,Fregat,Фрегат,护卫舰
CARAVEL_WORD_SHIP_47,Caravel,,Caravel,Ship,Caravelle,Karavelle,Carabela,Caravela,เรือคาราเวล,Karavel,Karveel,キャラベル,Caravella,Karawela,Karavel,Каравелла,Caravelă,卡拉維爾,Karavel,Каравела,卡拉维尔
GALLEON_WORD_SHIP_47,Galleon,,Galleon,Ship,Galion,Galeone,Galeón,Galeão,เรือกัลเลียน,Galeon,Galjoen,ガレオン,Galeone,Galeon,Kalyon,Галеон,Galion,大帆船,Galeon,Галеон,大帆船
BRIG_WORD_SHIP_47,Brig,,Brig,Ship,Brick,Brigg,Bergantín,Brigue,เรือบริก,Brig,Brik,ブリッグ,Brigantino,Bryg,Brik,Бриг,Bric,雙桅船,Brig,Бриг,双桅船
TANKER_WORD_SHIP_47,Tanker,,Tanker,Ship,Pétrolier,Tanker,Petrolero,Petroleiro,เรือบรรทุกน้ำมัน,Tanker,Tanker,タンカー,Petroliera,Tankowiec,Tanker,Танкер,Petrolier,油輪,Tankskib,Танкер,油轮
TUGBOAT_WORD_SHIP_47,Tugboat,,Tugboat,Ship,Remorqueur,Schlepper,Remolcador,Rebocador,เรือลากจูง,Kapal tunda,Sleepboot,タグボート,Rimorchiatore,Holownik,Römorkör,Буксир,Remorcher,拖船,Slæbebåd,Буксир,拖船
STAMP_WORD_MAILMAN_48,Stamp,,Stamp,Mailman,Timbre,Briefmarke,Sello,Selo,แสตมป์,Perangko,Postzegel,切手,Francobollo,Znaczek,Pul,Марка,Timbru,郵票,Frimærke,Марка,邮票
ENVELOPE_WORD_MAILMAN_48,Envelope,,Envelope,Mailman,Enveloppe,Umschlag,Sobre,Envelope,ซองจดหมาย,Amplop,Envelop,封筒,Busta,Koperta,Zarf,Конверт,Plic,信封,Kuvert,Конверт,信封
LETTER_WORD_MAILMAN_48,Letter,,Letter,Mailman,Lettre,Brief,Carta,Carta,จดหมาย,Surat,Brief,手紙,Lettera,List,Mektup,Письмо,Scrisoare,信件,Brev,Лист,信件
MAIL_WORD_MAILMAN_48,Mail,,Mail,Mailman,Courrier,Post,Correo,Correio,ไปรษณีย์,Pos,Post,郵便,Posta,Poczta,Posta,Почта,Poștă,郵件,Post,Пошта,邮件
SEAL_WORD_MAILMAN_48,Seal,,Seal,Mailman,Sceau,Siegel,Lacre,Lacre,ตราประทับ,Segel,Zegel,封蝋,Sigillo,Pieczęć,Mühür,Печать,Sigiliu,封蠟,Sæl,Тюлень,封蜡
INK_WORD_MAILMAN_48,Ink,,Ink,Mailman,Encre,Tinte,Tinta,Tinta,หมึก,Tinta,Inkt,インク,Inchiostro,Atrament,Mürekkep,Чернила,Cerneală,墨水,Blæk,Чорнило,墨水
BUST_WORD_SCULPT_49,Bust,,Bust,Sculpt,Buste,Büste,Busto,Busto,รูปครึ่งตัว,Patung dada,Buste,胸像,Busto,Popiersie,Büst,Бюст,Bust,胸像,Buste,Бюст,胸像
FIGURINE_WORD_SCULPT_49,Figurine,,Figurine,Sculpt,Figurine,Figur,Figurilla,Figurinha,รูปปั้นจำลอง,Figurin,Beeldje,フィギュリン,Statuetta,Figurka,Figürin,Фигурка,Figurină,小雕像,Figur,Статуетка,小雕像
STATUE_WORD_SCULPT_49,Statue,,Statue,Sculpt,Statue,Statue,Estatua,Estátua,รูปปั้น,Arca,Standbeeld,彫像,Statua,Posąg,Yontu,Статуя,Statuie,雕像,Statue,Статуя,雕像
MONUMENT_WORD_SCULPT_49,Monument,,Monument,Sculpt,Monument,Denkmal,Monumento,Monumento,อนุสาวรีย์,Monumen,Monument,記念碑,Monumento,Pomnik,Anıt,Монумент,Monument,紀念碑,Monument,Монумент,纪念碑
SPARRING_WORD_BOXING_50,Sparring,,Sparring,Boxing,,,,,,,,,,,,,,,,,陪練
UPPERCUT_WORD_BOXING_50,Uppercut,,Uppercut,Boxing,,,,,,,,,,,,,,,,,上鉤拳
KNOCKOUT_WORD_BOXING_50,Knockout,,Knockout,Boxing,,,,,,,,,,,,,,,,,擊倒
REFEREE_WORD_BOXING_50,Referee,,Referee,Boxing,,,,,,,,,,,,,,,,,裁判
INCHES_WORD_MEASURE_51,Inches,,Inches,Measure,,,,,,,,,,,,,,,,,英吋
FEET_WORD_MEASURE_51,Feet,,Feet,Measure,,,,,,,,,,,,,,,,,英尺
YARDS_WORD_MEASURE_51,Yards,,Yards,Measure,,,,,,,,,,,,,,,,,碼
MILES_WORD_MEASURE_51,Miles,,Miles,Measure,,,,,,,,,,,,,,,,,英里
LAPEL_WORD_TUXEDO_52,Lapel,,Lapel,Tuxedo,,,,,,,,,,,,,,,,,翻領
BOW_TIE_WORD_TUXEDO_52,Bow tie,,Bow tie,Tuxedo,,,,,,,,,,,,,,,,,領結
CUFFLINK_WORD_TUXEDO_52,Cufflink,,Cufflink,Tuxedo,,,,,,,,,,,,,,,,,袖扣
COFFEE_WORD_BEVERAGE_53,Coffee,,Coffee,Beverage,,,,,,,,,,,,,,,,,咖啡
TEA_WORD_BEVERAGE_53,Tea,,Tea,Beverage,,,,,,,,,,,,,,,,,茶
KOMBUCHA_WORD_BEVERAGE_53,Kombucha,,Kombucha,Beverage,,,,,,,,,,,,,,,,,康普茶
MILK_WORD_BEVERAGE_53,Milk,,Milk,Beverage,,,,,,,,,,,,,,,,,牛奶
MATCHA_WORD_BEVERAGE_53,Matcha,,Matcha,Beverage,,,,,,,,,,,,,,,,,抹茶
WATER_WORD_BEVERAGE_53,Water,,Water,Beverage,,,,,,,,,,,,,,,,,水
SMOOTHIE_WORD_BEVERAGE_53,Smoothie,,Smoothie,Beverage,,,,,,,,,,,,,,,,,冰沙
TONIC_WORD_BEVERAGE_53,Tonic,,Tonic,Beverage,,,,,,,,,,,,,,,,,通寧水
ENGLISH_WORD_LANGUAGE_54,English,,English,Language,Anglais,Englisch,Inglés,Inglês,อังกฤษ,Inggris,Engels,英語,Inglese,Angielski,İngilizce,Английский,Engleză,英語,Engelsk,Англійська,英语
ITALIAN_WORD_LANGUAGE_54,Italian,,Italian,Language,Italien,Italienisch,Italiano,Italiano,อิตาเลียน,Italia,Italiaans,イタリア語,Italiano,Włoski,İtalyanca,Итальянский,Italiană,義大利語,Italiensk,Італійська,意大利语
HINDI_WORD_LANGUAGE_54,Hindi,,Hindi,Language,Hindi,Hindi,Hindi,Hindi,ฮินดี,Hindi,Hindi,ヒンディー語,Hindi,Hindi,Hintçe,Хинди,Hindi,印地語,Hindi,Гінді,印地语
JAPANESE_WORD_LANGUAGE_54,Japanese,,Japanese,Language,Japonais,Japanisch,Japonés,Japonês,ญี่ปุ่น,Jepang,Japans,日本語,Giapponese,Japoński,Japonca,Японский,Japoneză,日語,Japansk,Японська,日语
HEBREW_WORD_LANGUAGE_54,Hebrew,,Hebrew,Language,Hébreu,Hebräisch,Hebreo,Hebraico,ฮีบรู,Ibrani,Hebreeuws,ヘブライ語,Ebraico,Hebrajski,İbranice,Иврит,Ebraică,希伯來語,Hebraisk,Іврит,希伯来语
DANISH_WORD_LANGUAGE_54,Danish,,Danish,Language,Danois,Dänisch,Danés,Dinamarquês,เดนิช,Denmark,Deens gebak,デンマーク語,Danese,Duński,Danca,Датский,Plăcintă daneză,丹麥語,Dansk,Данська,丹麦语
LATIN_WORD_LANGUAGE_54,Latin,,Latin,Language,Latin,Latein,Latín,Latim,ละติน,Latin,Latijn,ラテン語,Latino,Łacina,Latince,Латынь,Latină,拉丁語,Latin,Латинська,拉丁语
POLISH_WORD_LANGUAGE_54,Polish,,Polish,Language,Polonais,Polnisch,Polaco,Polonês,โปลิช,Polandia,Pools,ポーランド語,Polacco,Polski,Lehçe,Польский,Poloneză,波蘭語,Polsk,Полірування,波兰语
RED_WORD_PALETTE_55,Red,,Red,Palette,,,,,,,,,,,,,,,,,紅色
BLACK_WORD_PALETTE_55,Black,,Black,Palette,,,,,,,,,,,,,,,,,黑色
WHITE_WORD_PALETTE_55,White,,White,Palette,,,,,,,,,,,,,,,,,白色
GREEN_WORD_PALETTE_55,Green,,Green,Palette,,,,,,,,,,,,,,,,,綠色
VIOLET_WORD_PALETTE_55,Violet,,Violet,Palette,,,,,,,,,,,,,,,,,紫色
BROWN_WORD_PALETTE_55,Brown,,Brown,Palette,,,,,,,,,,,,,,,,,棕色
KHAKI_WORD_PALETTE_55,Khaki,,Khaki,Palette,,,,,,,,,,,,,,,,,卡其色
CERISE_WORD_PALETTE_55,Cerise,,Cerise,Palette,,,,,,,,,,,,,,,,,櫻桃色
DEPOSIT_WORD_BANK_56,Deposit,,Deposit,Bank,,,,,,,,,,,,,,,,,存款
CREDIT_WORD_BANK_56,Credit,,Credit,Bank,,,,,,,,,,,,,,,,,信貸
ATM_WORD_BANK_56,ATM,,ATM,Bank,GAB,Geldautomat,Cajero,Caixa,ตู้เอทีเอ็ม,ATM,Geldautomaat,ATM,Bancomat,Bankomat,ATM,Банкомат,Bancomat,提款機,Pengeautomat,Банкомат,提款机
MONEY_WORD_BANK_56,Money,,Money,Bank,Argent,Geld,Dinero,Dinheiro,เงิน,Uang,Geld,お金,Denaro,Pieniądze,Para,Деньги,Bani,金錢,Penge,Гроші,金钱
LOAN_WORD_BANK_56,Loan,,Loan,Bank,,,,,,,,,,,,,,,,,貸款
ACCOUNT_WORD_BANK_56,Account,,Account,Bank,,,,,,,,,,,,,,,,,帳戶
LENS_WORD_CAMERA_57,Lens,,Lens,Camera,Lentille,Linse,Lente,Lente,เลนส์,Lensa,Lens,レンズ,Obiettivo,Obiektyw,Lens,Объектив,Lentilă,鏡頭,Objektiv,Об'єктив,镜头
FLASH_WORD_CAMERA_57,Flash,,Flash,Camera,Flash,Blitz,Flash,Flash,แฟลช,Kilat,Flits,フラッシュ,Flash,Flesz,Flaş,Вспышка,Bliț,閃光燈,Glimt,Спалах,闪光灯
ZOOM_WORD_CAMERA_57,Zoom,,Zoom,Camera,Zoom,Zoom,Zoom,Zoom,ซูม,Zum,Zoom,ズーム,Zoom,Zoom,Yakınlaştırma,Зум,Zoom,變焦,Zoom,Зум,变焦
FILTER_WORD_CAMERA_57,Filter,,Filter,Camera,Filtre,Filter,Filtro,Filtro,ฟิลเตอร์,Filter,Filter,フィルター,Filtro,Filtr,Filtre,Фильтр,Filtru,濾鏡,Filter,Фільтр,滤镜
SHUTTER_WORD_CAMERA_57,Shutter,,Shutter,Camera,Obturateur,Verschluss,Obturador,Obturador,ชัตเตอร์,Rana,Sluiter,シャッター,Otturatore,Migawka,Deklanşör,Затвор,Obturator,快門,Lukker,Затвор,快门
EXPOSURE_WORD_CAMERA_57,Exposure,,Exposure,Camera,Exposition,Belichtung,Exposición,Exposição,การรับแสง,Eksposur,Belichting,露出,Esposizione,Ekspozycja,Pozlama,Экспозиция,Expunere,曝光,Eksponering,Експозиція,曝光
MIST_WORD_FOG_58,Mist,,Mist,Fog,Brume,Schleier,Neblina,Neblina,หมอกบาง,Embun,Waas,靄,Caligine,Opar,Buğu,Мгла,Pâclă,薄霧,Dis,Імла,薄雾
HAZE_WORD_FOG_58,Haze,,Haze,Fog,Voile,Dunst,Bruma,Névoa,หมอกจาง,Jerebu,Nevel,霞,Foschia,Zamglenie,Pus,Дымка,Abur,朦朧,Dunst,Серпанок,朦胧
SMOG_WORD_FOG_58,Smog,,Smog,Fog,Smog,Smog,Smog,Smog,หมอกควัน,Asap,Smog,スモッグ,Smog,Smog,Duman,Смог,Smog,霾,Smog,Смог,霾
VAPOR_WORD_FOG_58,Vapor,,Vapor,Fog,Vapeur,Dampf,Vapor,Vapor,ไอน้ำ,Uap,Damp,蒸気,Vapore,Para,Buhar,Пар,Vapori,水氣,Damp,Пара,水气
SLEET_WORD_SNOW_59,Sleet,,Sleet,Snow,Grésil,Graupel,Aguanieve,Granizo,ฝนน้ำแข็ง,Hujan es,IJzel,みぞれ,Nevischio,Deszcz ze śniegiem,Karla karışık yağmur,Мокрый снег,Lapoviță,凍雨,Slud,Ожеледь,冻雨
FLAKE_WORD_SNOW_59,Flake,,Flake,Snow,Flocon,Flocke,Copo,Floco,เกล็ดหิมะ,Serpih,Vlok,雪片,Fiocco,Płatek,Kar tanesi,Снежинка,Fulg,雪花,Flage,Пластівець,雪花
ICEBERG_WORD_SNOW_59,Iceberg,,Iceberg,Snow,,,,,,,,,,,,,,,,,冰山
HEDGEHOG_WORD_SPIKY_60,Hedgehog,,Hedgehog,Spiky,Hérisson,Igel,Erizo,Ouriço,เม่น,Landak,Egel,ハリネズミ,Riccio,Jeż,Kirpi,Ёж,Arici,刺蝟,Pindsvin,Їжак,刺猬
CACTUS_WORD_SPIKY_60,Cactus,,Cactus,Spiky,Cactus,Kaktus,Cactus,Cacto,กระบองเพชร,Kaktus,Cactus,サボテン,Cactus,Kaktus,Kaktüs,Кактус,Cactus,仙人掌,Kaktus,Кактус,仙人掌
DURIAN_WORD_SPIKY_60,Durian,,Durian,Spiky,Durian,Durian,Durián,Durião,ทุเรียน,Durian,Doerian,ドリアン,Durian,Durian,Durian,Дуриан,Durian,榴槤,Durian,Дуріан,榴梿
PLUS_WORD_MATHS_61,Plus,,Plus,Maths,,,,,,,,,,,,,,,,,加法
VECTOR_WORD_MATHS_61,Vector,,Vector,Maths,,,,,,,,,,,,,,,,,向量
MINUS_WORD_MATHS_61,Minus,,Minus,Maths,,,,,,,,,,,,,,,,,減法
PERCENT_WORD_MATHS_61,Percent,,Percent,Maths,,,,,,,,,,,,,,,,,百分比
DIVISION_WORD_MATHS_61,Division,,Division,Maths,,,,,,,,,,,,,,,,,除法
MATRIX_WORD_MATHS_61,Matrix,,Matrix,Maths,,,,,,,,,,,,,,,,,矩陣
INTEGRAL_WORD_MATHS_61,Integral,,Integral,Maths,,,,,,,,,,,,,,,,,積分
THEOREM_WORD_MATHS_61,Theorem,,Theorem,Maths,,,,,,,,,,,,,,,,,定理
RAP_WORD_GENRES_62,Rap,,Rap,Genres,,,,,,,,,,,,,,,,,饒舌
ROCK_WORD_GENRES_62,Rock,,Rock,Genres,,,,,,,,,,,,,,,,,搖滾
POP_WORD_GENRES_62,Pop,,Pop,Genres,,,,,,,,,,,,,,,,,流行音樂
JAZZ_WORD_GENRES_62,Jazz,,Jazz,Genres,,,,,,,,,,,,,,,,,爵士
COUNTRY_WORD_GENRES_62,Country,,Country,Genres,Pays,Land,País,País,ประเทศ,Negara,Land,国,Paese,Kraj,Ülke,Страна,Țară,國家,Land,Країна,国家
BLUES_WORD_GENRES_62,Blues,,Blues,Genres,,,,,,,,,,,,,,,,,藍調
REGGAE_WORD_GENRES_62,Reggae,,Reggae,Genres,,,,,,,,,,,,,,,,,雷鬼
DISCO_WORD_GENRES_62,Disco,,Disco,Genres,,,,,,,,,,,,,,,,,迪斯可
SARTRE_WORD_MINDS_63,Sartre,,Sartre,Minds,Sartre,Sartre,Sartre,Sartre,ซาร์ตร์,Sartre,Sartre,サルトル,Sartre,Sartre,Sartre,Сартр,Sartre,沙特,Sartre,Сартр,沙特
DANTE_WORD_MINDS_63,Dante,,Dante,Minds,Dante,Dante,Dante,Dante,ดันเต,Dante,Dante,ダンテ,Dante,Dante,Dante,Данте,Dante,但丁,Dante,Данте,但丁
PLATO_WORD_MINDS_63,Plato,,Plato,Minds,Platon,Platon,Platón,Platão,เพลโต,Plato,Plato,プラトン,Platone,Platon,Platon,Платон,Platon,柏拉圖,Platon,Платон,柏拉图
SOCRATES_WORD_MINDS_63,Socrates,,Socrates,Minds,Socrate,Sokrates,Sócrates,Sócrates,โสกราตีส,Sokrates,Socrates,ソクラテス,Socrate,Sokrates,Sokrates,Сократ,Socrate,蘇格拉底,Sokrates,Сократ,苏格拉底
GALILEO_WORD_MINDS_63,Galileo,,Galileo,Minds,Galilée,Galileo,Galileo,Galileu,กาลิเลโอ,Galileo,Galileo,ガリレオ,Galileo,Galileusz,Galileo,Галилей,Galileo,伽利略,Galileo,Галілей,伽利略
KANT_WORD_MINDS_63,Kant,,Kant,Minds,Kant,Kant,Kant,Kant,คานท์,Kant,Kant,カント,Kant,Kant,Kant,Кант,Kant,康德,Kant,Кант,康德
ATTIC_WORD_ROOMS_64,Attic,,Attic,Rooms,,,,,,,,,,,,,,,,,閣樓
BATHROOM_WORD_ROOMS_64,Bathroom,,Bathroom,Rooms,,,,,,,,,,,,,,,,,浴室
KITCHEN_WORD_ROOMS_64,Kitchen,,Kitchen,Rooms,,,,,,,,,,,,,,,,,廚房
BEDROOM_WORD_ROOMS_64,Bedroom,,Bedroom,Rooms,,,,,,,,,,,,,,,,,臥室
CELLAR_WORD_ROOMS_64,Cellar,,Cellar,Rooms,,,,,,,,,,,,,,,,,地窖
PARLOR_WORD_ROOMS_64,Parlor,,Parlor,Rooms,,,,,,,,,,,,,,,,,客廳
TOUR_WORD_TRAVEL_65,Tour,,Tour,Travel,,,,,,,,,,,,,,,,,遊覽
TRIP_WORD_TRAVEL_65,Trip,,Trip,Travel,,,,,,,,,,,,,,,,,旅程
VOYAGE_WORD_TRAVEL_65,Voyage,,Voyage,Travel,,,,,,,,,,,,,,,,,航海
CRUISE_WORD_TRAVEL_65,Cruise,,Cruise,Travel,Cruise,Cruise,Cruise,Cruise,ครูซ,Cruise,Cruise,クルーズ,Cruise,Cruise,Cruise,Круз,Croazieră,克魯斯,Krydstogt,Круїз,克鲁斯
SOLE_WORD_SHOE_66,Sole,,Sole,Shoe,,,,,,,,,,,,,,,,,鞋底
LACES_WORD_SHOE_66,Laces,,Laces,Shoe,,,,,,,,,,,,,,,,,鞋帶
INSOLE_WORD_SHOE_66,Insole,,Insole,Shoe,,,,,,,,,,,,,,,,,鞋墊
TONGUE_WORD_SHOE_66,Tongue,,Tongue,Shoe,,,,,,,,,,,,,,,,,鞋舌
PUCK_WORD_HOCKEY_67,Puck,,Puck,Hockey,Palet,Puck,Disco,Disco,พัค,Puk,Puck,パック,Disco,Krążek,Pak,Шайба,Puc,冰餅,Puck,Шайба,冰饼
PENALTY_WORD_HOCKEY_67,Penalty,,Penalty,Hockey,Pénalité,Strafe,Penalti,Penalidade,จุดโทษ,Penalti,Strafschop,ペナルティ,Rigore,Kara,Penaltı,Штраф,Penalti,罰球,Straf,Штраф,罚球
GOAL_WORD_HOCKEY_67,Goal,,Goal,Hockey,But,Tor,Gol,Gol,ประตู,Gol,Doel,ゴール,Gol,Gol,Gol,Гол,Gol,進球,Mål,Гол,进球
RINK_WORD_HOCKEY_67,Rink,,Rink,Hockey,Patinoire,Eisbahn,Pista,Rinque,ลานน้ำแข็ง,Arena,IJsbaan,リンク,Pista,Lodowisko,Buz pisti,Каток,Patinoar,溜冰場,Skøjtebane,Каток,溜冰场
COUPLE_WORD_DATE_68,Couple,,Couple,Date,Couple,Paar,Pareja,Casal,คู่รัก,Pasangan,Koppel,カップル,Coppia,Para,Çift,Пара,Cuplu,情侶,Par,Пара,情侣
TUXEDO_WORD_DATE_68,Tuxedo,,Tuxedo,Date,,,,,,,,,,,,,,,,,晚禮服
FLOWERS_WORD_DATE_68,Flowers,,Flowers,Date,Fleurs,Blumen,Flores,Flores,ดอกไม้,Bunga,Bloemen,花,Fiori,Kwiaty,Çiçekler,Цветы,Flori,花,Blomster,Квіти,花
TEETH_WORD_SAW_69,Teeth,,Teeth,Saw,Dents,Zähne,Dientes,Dentes,ฟัน,Gigi,Tanden,歯,Denti,Zęby,Dişler,Зубья,Dinți,鋸齒,Tænder,Зуби,锯齿
BLADE_WORD_SAW_69,Blade,,Blade,Saw,Lame,Klinge,Hoja,Lâmina,ใบมีด,Bilah,Lemmet,刃,Lama,Ostrze,Bıçak,Лезвие,Lamă,鋸片,Klinge,Лезо,锯片
NOTCH_WORD_SAW_69,Notch,,Notch,Saw,Encoche,Kerbe,Muesca,Entalhe,รอยบาก,Takik,Inkeping,切込み,Tacca,Nacięcie,Çentik,Зарубка,Crestătură,切口,Hak,Виїмка,切口
OLDMAN_WORD_ACTOR_70,Oldman,,Oldman,Actor,Oldman,Oldman,Oldman,Oldman,โอลด์แมน,Oldman,Oldman,オールドマン,Oldman,Oldman,Oldman,Олдман,Oldman,歐德曼,Oldman,Олдмен,欧德曼
PITT_WORD_ACTOR_70,Pitt,,Pitt,Actor,Pitt,Pitt,Pitt,Pitt,พิตต์,Pitt,Pitt,ピット,Pitt,Pitt,Pitt,Питт,Pitt,彼特,Pitt,Пітт,彼特
EASTWOOD_WORD_ACTOR_70,Eastwood,,Eastwood,Actor,Eastwood,Eastwood,Eastwood,Eastwood,อีสต์วูด,Eastwood,Eastwood,イーストウッド,Eastwood,Eastwood,Eastwood,Иствуд,Eastwood,伊斯特伍德,Eastwood,Іствуд,伊斯特伍德
HANKS_WORD_ACTOR_70,Hanks,,Hanks,Actor,Hanks,Hanks,Hanks,Hanks,แฮงค์ส,Hanks,Hanks,ハンクス,Hanks,Hanks,Hanks,Хэнкс,Hanks,漢克斯,Hanks,Генкс,汉克斯
CROWE_WORD_ACTOR_70,Crowe,,Crowe,Actor,Crowe,Crowe,Crowe,Crowe,โครว์,Crowe,Crowe,クロウ,Crowe,Crowe,Crowe,Кроу,Crowe,克勞,Crowe,Кроу,克劳
CRUISE_WORD_ACTOR_70,Cruise,,Cruise,Actor,Cruise,Cruise,Cruise,Cruise,ครูซ,Cruise,Cruise,クルーズ,Cruise,Cruise,Cruise,Круз,Croazieră,克魯斯,Krydstogt,Круїз,克鲁斯
DICAPRIO_WORD_ACTOR_70,DiCaprio,,DiCaprio,Actor,DiCaprio,DiCaprio,DiCaprio,DiCaprio,ดิคาปริโอ,DiCaprio,DiCaprio,ディカプリオ,DiCaprio,DiCaprio,DiCaprio,Ди Каприо,DiCaprio,迪卡普里歐,DiCaprio,ДіКапріо,迪卡普里欧
WAHLBERG_WORD_ACTOR_70,Wahlberg,,Wahlberg,Actor,Wahlberg,Wahlberg,Wahlberg,Wahlberg,วอลเบิร์ก,Wahlberg,Wahlberg,ウォールバーグ,Wahlberg,Wahlberg,Wahlberg,Уолберг,Wahlberg,沃爾伯格,Wahlberg,Волберг,沃尔伯格
MERCURY_WORD_PLANET_71,Mercury,,Mercury,Planet,Mercure,Merkur,Mercurio,Mercúrio,ดาวพุธ,Merkurius,Mercurius,水星,Mercurio,Merkury,Merkür,Меркурий,Mercur,水星,Kviksølv,Меркурій,水星
JUPITER_WORD_PLANET_71,Jupiter,,Jupiter,Planet,Jupiter,Jupiter,Júpiter,Júpiter,ดาวพฤหัสบดี,Jupiter,Jupiter,木星,Giove,Jowisz,Jüpiter,Юпитер,Jupiter,木星,Jupiter,Юпітер,木星
SATURN_WORD_PLANET_71,Saturn,,Saturn,Planet,Saturne,Saturn,Saturno,Saturno,ดาวเสาร์,Saturnus,Saturnus,土星,Saturno,Saturn,Satürn,Сатурн,Saturn,土星,Saturn,Сатурн,土星
URANUS_WORD_PLANET_71,Uranus,,Uranus,Planet,Uranus,Uranus,Urano,Urano,ดาวยูเรนัส,Uranus,Uranus,天王星,Urano,Uran,Uranüs,Уран,Uranus,天王星,Uranus,Уран,天王星
NEPTUNE_WORD_PLANET_71,Neptune,,Neptune,Planet,Neptune,Neptun,Neptuno,Netuno,ดาวเนปจูน,Neptunus,Neptunus,海王星,Nettuno,Neptun,Neptün,Нептун,Neptun,海王星,Neptun,Нептун,海王星
MARS_WORD_PLANET_71,Mars,,Mars,Planet,Mars,Mars,Marte,Marte,ดาวอังคาร,Mars,Mars,火星,Marte,Mars,Mars,Марс,Marte,火星,Mars,Марс,火星
EARTH_WORD_PLANET_71,Earth,,Earth,Planet,Terre,Erde,Tierra,Terra,โลก,Bumi,Aarde,地球,Terra,Ziemia,Dünya,Земля,Pământ,地球,Jorden,Земля,地球
VENUS_WORD_PLANET_71,Venus,,Venus,Planet,Vénus,Venus,Venus,Vênus,ดาวศุกร์,Venus,Venus,金星,Venere,Wenus,Venüs,Венера,Venus,金星,Venus,Венера,金星
QUEEN_WORD_CARDS_72,Queen,,Queen,Cards,Reine,Dame,Reina,Rainha,ควีน,Ratu,Koningin,クイーン,Regina,Hetman,Vezir,Ферзь,Regină,皇后,Dronning,Королева,皇后
KING_WORD_CARDS_72,King,,King,Cards,Roi,König,Rey,Rei,กษัตริย์,Raja,Koning,王,Re,Król,Kral,Король,Rege,國王,Konge,Король,国王
JACK_WORD_CARDS_72,Jack,,Jack,Cards,,,,,,,,,,,,,,,,,騎士
ACE_WORD_CARDS_72,Ace,,Ace,Cards,,,,,,,,,,,,,,,,,王牌
DIAMONDS_WORD_CARDS_72,Diamonds,,Diamonds,Cards,,,,,,,,,,,,,,,,,方塊
SPADES_WORD_CARDS_72,Spades,,Spades,Cards,,,,,,,,,,,,,,,,,黑桃
CLUBS_WORD_CARDS_72,Clubs,,Clubs,Cards,,,,,,,,,,,,,,,,,梅花
HEARTS_WORD_CARDS_72,Hearts,,Hearts,Cards,,,,,,,,,,,,,,,,,紅心
CHEEKS_WORD_FACE_73,Cheeks,,Cheeks,Face,,,,,,,,,,,,,,,,,臉頰
LIPS_WORD_FACE_73,Lips,,Lips,Face,,,,,,,,,,,,,,,,,嘴唇
BROWS_WORD_FACE_73,Brows,,Brows,Face,,,,,,,,,,,,,,,,,眉毛
NOSE_WORD_FACE_73,Nose,,Nose,Face,,,,,,,,,,,,,,,,,鼻子
CHIN_WORD_FACE_73,Chin,,Chin,Face,,,,,,,,,,,,,,,,,下巴
EYES_WORD_FACE_73,Eyes,,Eyes,Face,,,,,,,,,,,,,,,,,眼睛
MOUTH_WORD_FACE_73,Mouth,,Mouth,Face,,,,,,,,,,,,,,,,,嘴巴
NOSTRILS_WORD_FACE_73,Nostrils,,Nostrils,Face,,,,,,,,,,,,,,,,,鼻孔
OMELET_WORD_BRUNCH_74,Omelet,,Omelet,Brunch,,,,,,,,,,,,,,,,,歐姆蛋
BACON_WORD_BRUNCH_74,Bacon,,Bacon,Brunch,,,,,,,,,,,,,,,,,培根
WAFFLES_WORD_BRUNCH_74,Waffles,,Waffles,Brunch,,,,,,,,,,,,,,,,,鬆餅
CEREAL_WORD_BRUNCH_74,Cereal,,Cereal,Brunch,,,,,,,,,,,,,,,,,穀物片
EGGS_WORD_BRUNCH_74,Eggs,,Eggs,Brunch,,,,,,,,,,,,,,,,,雞蛋
TOAST_WORD_BRUNCH_74,Toast,,Toast,Brunch,,,,,,,,,,,,,,,,,吐司
BIOLOGY_WORD_LESSONS_75,Biology,,Biology,Lessons,Biologie,Biologie,Biología,Biologia,ชีววิทยา,Biologi,Biologie,生物,Biologia,Biologia,Biyoloji,Биология,Biologie,生物,Biologi,Біологія,生物
PHYSICS_WORD_LESSONS_75,Physics,,Physics,Lessons,Physique,Physik,Física,Física,ฟิสิกส์,Fisika,Natuurkunde,物理,Fisica,Fizyka,Fizik,Физика,Fizică,物理,Fysik,Фізика,物理
GEOMETRY_WORD_LESSONS_75,Geometry,,Geometry,Lessons,Géométrie,Geometrie,Geometría,Geometria,เรขาคณิต,Geometri,Meetkunde,幾何,Geometria,Geometria,Geometri,Геометрия,Geometrie,幾何,Geometri,Геометрія,几何
ALGEBRA_WORD_LESSONS_75,Algebra,,Algebra,Lessons,Algèbre,Algebra,Álgebra,Álgebra,พีชคณิต,Aljabar,Algebra,代数,Algebra,Algebra,Cebir,Алгебра,Algebră,代數,Algebra,Алгебра,代数
HISTORY_WORD_LESSONS_75,History,,History,Lessons,Histoire,Geschichte,Historia,História,ประวัติศาสตร์,Sejarah,Geschiedenis,歴史,Storia,Historia,Tarih,История,Istorie,歷史,Historie,Історія,历史
CALCULUS_WORD_LESSONS_75,Calculus,,Calculus,Lessons,Calcul,Analysis,Cálculo,Cálculo,แคลคูลัส,Kalkulus,Calculus,微積分,Calcolo,Rachunek,Kalkülüs,Матанализ,Calcul,微積分,Kalkulus,Калькулюс,微积分
SMELL_WORD_SENSES_76,Smell,,Smell,Senses,,,,,,,,,,,,,,,,,嗅覺
TOUCH_WORD_SENSES_76,Touch,,Touch,Senses,,,,,,,,,,,,,,,,,觸覺
TASTE_WORD_SENSES_76,Taste,,Taste,Senses,Goût,Geschmack,Sabor,Sabor,รสชาติ,Rasa,Smaak,味覚,Gusto,Smak,Lezzet,Вкус,Gust,味覺,Smag,Смак,味觉
SIGHT_WORD_SENSES_76,Sight,,Sight,Senses,,,,,,,,,,,,,,,,,視覺
INDIGO_WORD_BLUE_77,Indigo,,Indigo,Blue,,,,,,,,,,,,,,,,,靛藍
NAVY_WORD_BLUE_77,Navy,,Navy,Blue,,,,,,,,,,,,,,,,,海軍藍
AZURE_WORD_BLUE_77,Azure,,Azure,Blue,,,,,,,,,,,,,,,,,天藍
CYAN_WORD_BLUE_77,Cyan,,Cyan,Blue,,,,,,,,,,,,,,,,,藍綠色
TABLETS_WORD_PILLS_78,Tablets,,Tablets,Pills,Comprimés,Tabletten,Comprimidos,Comprimidos,เม็ดยา,Tablet,Tabletten,錠剤,Compresse,Pigułki,Tabletler,Пилюли,Tablete,錠劑,Tabletter,Таблетки,锭剂
CAPSULES_WORD_PILLS_78,Capsules,,Capsules,Pills,Gélules,Kapseln,Cápsulas,Cápsulas,แคปซูล,Kapsul,Capsules,カプセル,Capsule,Kapsułki,Kapsüller,Капсулы,Capsule,膠囊,Kapsler,Капсули,胶囊
LOZENGES_WORD_PILLS_78,Lozenges,,Lozenges,Pills,Pastilles,Lutschtabletten,Grageas,Pastilhas,ยาอม,Pelega,Zuigtabletten,トローチ,Pastiglie,Pastylki,Pastiller,Леденцы,Dropsuri,喉糖,Pastiller,Льодяники,喉糖
CLOUDS_WORD_RAINY_79,Clouds,,Clouds,Rainy,Nuages,Wolken,Nubes,Nuvens,เมฆ,Awan,Wolken,雲,Nuvole,Chmury,Bulutlar,Облака,Nori,雲,Skyer,Хмари,云
SHOWERS_WORD_RAINY_79,Showers,,Showers,Rainy,Averses,Schauer,Chubascos,Aguaceiros,ฝนโปรย,Gerimis,Buien,にわか雨,Piogge,Przelotne deszcze,Sağanak,Ливни,Ploi,陣雨,Byger,Зливи,阵雨
PUDDLES_WORD_RAINY_79,Puddles,,Puddles,Rainy,Flaques,Pfützen,Charcos,Poças,แอ่งน้ำ,Genangan,Plassen,水たまり,Pozzanghere,Kałuże,Su birikintileri,Лужи,Bălți,水窪,Vandpytter,Калюжі,水洼
LESSON_WORD_SCHOOL_80,Lesson,,Lesson,School,,,,,,,,,,,,,,,,,課程
STUDENT_WORD_SCHOOL_80,Student,,Student,School,,,,,,,,,,,,,,,,,學生
TEACHER_WORD_SCHOOL_80,Teacher,,Teacher,School,,,,,,,,,,,,,,,,,教師
DESKS_WORD_SCHOOL_80,Desks,,Desks,School,,,,,,,,,,,,,,,,,書桌
EXAMS_WORD_SCHOOL_80,Exams,,Exams,School,,,,,,,,,,,,,,,,,考試
HOMEWORK_WORD_SCHOOL_80,Homework,,Homework,School,,,,,,,,,,,,,,,,,作業
STUDY_WORD_SCHOOL_80,Study,,Study,School,,,,,,,,,,,,,,,,,學習
GRADE_WORD_SCHOOL_80,Grade,,Grade,School,,,,,,,,,,,,,,,,,成績
BOGGLE_WORD_WORDS_81,Boggle,,Boggle,Words,,,,,,,,,,,,,,,,,尋字遊戲
SCRABBLE_WORD_WORDS_81,Scrabble,,Scrabble,Words,,,,,,,,,,,,,,,,,拼字塗鴉
WORDLE_WORD_WORDS_81,Wordle,,Wordle,Words,,,,,,,,,,,,,,,,,猜字遊戲
JUMBLE_WORD_WORDS_81,Jumble,,Jumble,Words,,,,,,,,,,,,,,,,,拼字遊戲
SATCHEL_WORD_BAG_TYPE_82,Satchel,,Satchel,Bag type,,,,,,,,,,,,,,,,,劍橋包
CLUTCH_WORD_BAG_TYPE_82,Clutch,,Clutch,Bag type,,,,,,,,,,,,,,,,,手拿包
POUCH_WORD_BAG_TYPE_82,Pouch,,Pouch,Bag type,,,,,,,,,,,,,,,,,小袋子
GYRUS_WORD_BRAIN_83,Gyrus,,Gyrus,Brain,Gyrus,Gyrus,Giro,Giro,ไจรัส,Girus,Gyrus,脳回,Giro,Zakręt,Kıvrım,Извилина,Girus,腦迴,Gyrus,Звивина,脑回
CORTEX_WORD_BRAIN_83,Cortex,,Cortex,Brain,Cortex,Kortex,Córtex,Córtex,คอร์เท็กซ์,Korteks,Cortex,皮質,Corteccia,Kora,Korteks,Кора,Cortex,皮質,Cortex,Кора,皮质
LOBE_WORD_BRAIN_83,Lobe,,Lobe,Brain,Lobe,Lappen,Lóbulo,Lobo,พูสมอง,Lobus,Kwab,脳葉,Lobo,Płat,Lob,Доля,Lob,腦葉,Lap,Частка,脑叶
BRIE_WORD_CHEESE_84,Brie,,Brie,Cheese,Brie,Brie,Brie,Brie,บรี,Brie,Brie,ブリー,Brie,Brie,Brie,Бри,Brie,布利,Brie,Брі,布利
FETA_WORD_CHEESE_84,Feta,,Feta,Cheese,Feta,Feta,Feta,Feta,เฟต้า,Feta,Feta,フェタ,Feta,Feta,Beyaz peynir,Фета,Feta,菲達,Feta,Фета,菲达
GOUDA_WORD_CHEESE_84,Gouda,,Gouda,Cheese,Gouda,Gouda,Gouda,Gouda,เกาดา,Gouda,Gouda,ゴーダ,Gouda,Gouda,Gouda,Гауда,Gouda,高達,Gouda,Гауда,高达
CHEDDAR_WORD_CHEESE_84,Cheddar,,Cheddar,Cheese,Cheddar,Cheddar,Cheddar,Cheddar,เชดดาร์,Cheddar,Cheddar,チェダー,Cheddar,Cheddar,Çedar,Чеддер,Cheddar,切達,Cheddar,Чеддер,切达
PARMESAN_WORD_CHEESE_84,Parmesan,,Parmesan,Cheese,Parmesan,Parmesan,Parmesano,Parmesão,พาร์เมซาน,Parmesan,Parmezaan,パルメザン,Parmigiano,Parmezan,Parmezan,Пармезан,Parmezan,帕馬森,Parmesan,Пармезан,帕马森
RICOTTA_WORD_CHEESE_84,Ricotta,,Ricotta,Cheese,Ricotta,Ricotta,Ricotta,Ricota,ริคอตตา,Ricotta,Ricotta,リコッタ,Ricotta,Ricotta,Ricotta,Рикотта,Ricotta,瑞可達,Ricotta,Рікотта,瑞可达
EDAM_WORD_CHEESE_84,Edam,,Edam,Cheese,Edam,Edamer,Edam,Edam,เอดัม,Edam,Edammer,エダム,Edam,Edamski,Edam,Эдам,Edam,艾登,Edam,Едам,艾登
DORBLU_WORD_CHEESE_84,Dorblu,,Dorblu,Cheese,,,,,,,,,,,,,,,,,藍紋起司
DOMINOES_WORD_GAMES_85,Dominoes,,Dominoes,Games,,,,,,,,,,,,,,,,,多米諾骨牌
BINGO_WORD_GAMES_85,Bingo,,Bingo,Games,,,,,,,,,,,,,,,,,美式賓果
CHESS_WORD_GAMES_85,Chess,,Chess,Games,,,,,,,,,,,,,,,,,西洋棋
MONOPOLY_WORD_GAMES_85,Monopoly,,Monopoly,Games,,,,,,,,,,,,,,,,,地產大亨
UNO_WORD_GAMES_85,Uno,,Uno,Games,,,,,,,,,,,,,,,,,飛行棋
CHARADES_WORD_GAMES_85,Charades,,Charades,Games,,,,,,,,,,,,,,,,,猜字遊戲
CARDS_WORD_GAMES_85,Cards,,Cards,Games,,,,,,,,,,,,,,,,,撲克牌
MAHJONG_WORD_GAMES_85,Mahjong,,Mahjong,Games,,,,,,,,,,,,,,,,,中國象棋
WORKOUT_WORD_FITNESS_86,Workout,,Workout,Fitness,Exercice,Training,Ejercicio,Exercício,ออกกำลังกาย,Latihan,Training,ワークアウト,Allenamento,Trening,Antrenman,Тренировка,Antrenament,運動,Træning,Тренування,运动
YOGA_WORD_FITNESS_86,Yoga,,Yoga,Fitness,Yoga,Yoga,Yoga,Yoga,โยคะ,Yoga,Yoga,ヨガ,Yoga,Joga,Yoga,Йога,Yoga,瑜伽,Yoga,Yoga,瑜伽
PILATES_WORD_FITNESS_86,Pilates,,Pilates,Fitness,Pilates,Pilates,Pilates,Pilates,พิลาทิส,Pilates,Pilates,ピラティス,Pilates,Pilates,Pilates,Пилатес,Pilates,皮拉提斯,Pilates,Пілатес,皮拉提斯
JOGGING_WORD_FITNESS_86,Jogging,,Jogging,Fitness,Jogging,Jogging,Jogging,Jogging,วิ่งจ๊อกกิ้ง,Joging,Joggen,ジョギング,Jogging,Bieganie,Koşu,Бег,Jogging,慢跑,Jogging,Біг,慢跑
GYM_WORD_FITNESS_86,Gym,,Gym,Fitness,Gym,Fitnessstudio,Gimnasio,Academia,ยิม,Gym,Sportschool,ジム,Palestra,Siłownia,Spor salonu,Спортзал,Sală de sport,健身房,Fitnesscenter,Спортзал,健身房
CARDIO_WORD_FITNESS_86,Cardio,,Cardio,Fitness,Cardio,Cardio,Cardio,Cardio,คาร์ดิโอ,Kardio,Cardio,有酸素運動,Cardio,Kardio,Kardiyo,Кардио,Cardio,有氧運動,Kardio,Кардіо,有氧运动
PLANTS_WORD_GARDEN_87,Plants,,Plants,Garden,,,,,,,,,,,,,,,,,植物
SEED_WORD_GARDEN_87,Seed,,Seed,Garden,,,,,,,,,,,,,,,,,種子
BUDS_WORD_GARDEN_87,Buds,,Buds,Garden,,,,,,,,,,,,,,,,,花苞
GRASS_WORD_GARDEN_87,Grass,,Grass,Garden,,,,,,,,,,,,,,,,,草
BUSHES_WORD_GARDEN_87,Bushes,,Bushes,Garden,,,,,,,,,,,,,,,,,樹叢
BLIGHT_WORD_GARDEN_87,Blight,,Blight,Garden,,,,,,,,,,,,,,,,,園丁
BICEPS_WORD_MUSCLES_88,Biceps,,Biceps,Muscles,Biceps,Bizeps,Bíceps,Bíceps,ไบเซ็ปส์,Bisep,Biceps,上腕二頭筋,Bicipiti,Biceps,Biseps,Бицепс,Biceps,肱二頭肌,Biceps,Біцепс,肱二头肌
DELTOIDS_WORD_MUSCLES_88,Deltoids,,Deltoids,Muscles,Deltoïdes,Deltamuskeln,Deltoides,Deltoides,เดลทอยด์,Deltoid,Deltaspieren,三角筋,Deltoidi,Deltoidalne,Deltoid,Дельты,Deltoizi,三角肌,Deltamuskler,Дельти,三角肌
ABS_WORD_MUSCLES_88,Abs,,Abs,Muscles,Abdos,Bauchmuskeln,Abdominales,Abdominais,หน้าท้อง,Perut,Buikspieren,腹筋,Addominali,Brzuch,Karın kası,Пресс,Abdominale,腹肌,Mavemuskler,Прес,腹肌
TRICEPS_WORD_MUSCLES_88,Triceps,,Triceps,Muscles,Triceps,Trizeps,Tríceps,Tríceps,ไตรเซ็ปส์,Trisep,Triceps,上腕三頭筋,Tricipiti,Triceps,Triseps,Трицепс,Triceps,肱三頭肌,Triceps,Трицепс,肱三头肌
LAMP_WORD_LIGHTING_89,Lamp,,Lamp,Lighting,Lampe,Lampe,Lámpara,Lâmpada,โคมไฟ,Lampu,Lamp,街灯,Lampione,Latarnia,Lamba,Фонарь,Lampă,路燈,Lampe,Лампа,路灯
TORCH_WORD_LIGHTING_89,Torch,,Torch,Lighting,,,,,,,,,,,,,,,,,火炬
CANDLE_WORD_LIGHTING_89,Candle,,Candle,Lighting,,,,,,,,,,,,,,,,,蠟燭
LANTERN_WORD_LIGHTING_89,Lantern,,Lantern,Lighting,,,,,,,,,,,,,,,,,燈籠
SCARAB_WORD_EGYPT_90,Scarab,,Scarab,Egypt,Scarabée,Skarabäus,Escarabajo,Escaravelho,แมลงทับ,Skarab,Scarabee,スカラベ,Scarabeo,Skarabeusz,Bok böceği,Скарабей,Scarabeu,聖甲蟲,Skarabæ,Скарабей,圣甲虫
PHARAOH_WORD_EGYPT_90,Pharaoh,,Pharaoh,Egypt,Pharaon,Pharao,Faraón,Faraó,ฟาโรห์,Firaun,Farao,ファラオ,Faraone,Faraon,Firavun,Фараон,Faraon,法老,Farao,Фараон,法老
PAPYRUS_WORD_EGYPT_90,Papyrus,,Papyrus,Egypt,Papyrus,Papyrus,Papiro,Papiro,กระดาษปาปิรุส,Papirus,Papyrus,パピルス,Papiro,Papirus,Papirüs,Папирус,Papirus,莎草紙,Papyrus,Папірус,莎草纸
PYRAMID_WORD_EGYPT_90,Pyramid,,Pyramid,Egypt,Pyramide,Pyramide,Pirámide,Pirâmide,พีระมิด,Piramida,Piramide,ピラミッド,Piramide,Piramida,Piramit,Пирамида,Piramidă,金字塔,Pyramide,Піраміда,金字塔
HAWAIIAN_WORD_PIZZA_91,Hawaiian,,Hawaiian,Pizza,,,,,,,,,,,,,,,,,義式羅勒葉
MARINARA_WORD_PIZZA_91,Marinara,,Marinara,Pizza,,,,,,,,,,,,,,,,,義式番茄醬
DIAVOLA_WORD_PIZZA_91,Diavola,,Diavola,Pizza,,,,,,,,,,,,,,,,,義式辣味香腸
MULBERRY_WORD_BERRY_92,Mulberry,,Mulberry,Berry,Mûre,Maulbeere,Mora,Amora,มัลเบอร์รี,Murbei,Moerbei,桑の実,Gelso,Morwa,Dut,Шелковица,Dud,桑葚,Morbær,Шовковиця,桑葚
BILBERRY_WORD_BERRY_92,Bilberry,,Bilberry,Berry,Myrtille,Heidelbeere,Arándano,Mirtilo,บิลเบอร์รี,Bilberi,Bosbes,ビルベリー,Mirtillo,Borówka,Yaban mersini,Черника,Afină,越橘,Sortbær,Чорниця,越橘
BARBERRY_WORD_BERRY_92,Barberry,,Barberry,Berry,Épine-vinette,Berberitze,Agracejo,Bérberis,บาร์เบอร์รี,Barberi,Berberis,メギ,Crespino,Berberys,Kadın tuzluğu,Барбарис,Dracilă,小檗,Berberis,Барбарис,小檗
SPHYNX_WORD_CATS_93,Sphynx,,Sphynx,Cats,Sphynx,Sphynx,Sphynx,Sphynx,สฟิงซ์,Sphynx,Sphynx,スフィンクス猫,Sphynx,Sfinks,Sfenks,Сфинкс,Sphynx,斯芬克斯貓,Sfinx,Сфінкс,斯芬克斯猫
BENGAL_WORD_CATS_93,Bengal,,Bengal,Cats,Bengale,Bengal,Bengalí,Bengal,เบงกอล,Bengal,Bengaal,ベンガル猫,Bengala,Bengalski,Bengal,Бенгальская,Bengal,孟加拉貓,Bengal,Бенгал,孟加拉猫
BOBTAIL_WORD_CATS_93,Bobtail,,Bobtail,Cats,,,,,,,,,,,,,,,,,短尾貓
PERSIAN_WORD_CATS_93,Persian,,Persian,Cats,,,,,,,,,,,,,,,,,波斯貓
EXOTIC_WORD_CATS_93,Exotic,,Exotic,Cats,,,,,,,,,,,,,,,,,異國短毛貓
RAGDOLL_WORD_CATS_93,Ragdoll,,Ragdoll,Cats,,,,,,,,,,,,,,,,,布偶貓
SIAMESE_WORD_CATS_93,Siamese,,Siamese,Cats,Siamois,Siamkatze,Siamés,Siamês,สยาม,Siam,Siamees,シャム猫,Siamese,Syjamski,Siyam,Сиамская,Siameză,暹羅貓,Siameser,Сіамський,暹罗猫
OCICAT_WORD_CATS_93,Ocicat,,Ocicat,Cats,,,,,,,,,,,,,,,,,歐西貓
ATHENS_WORD_CAPITALS_94,Athens,,Athens,Capitals,Athènes,Athen,Atenas,Atenas,เอเธนส์,Athena,Athene,アテネ,Atene,Ateny,Atina,Афины,Atena,雅典,Athen,Афіни,雅典
PRAGUE_WORD_CAPITALS_94,Prague,,Prague,Capitals,Prague,Prag,Praga,Praga,ปราก,Praha,Praag,プラハ,Praga,Praga,Prag,Прага,Praga,布拉格,Prag,Прага,布拉格
MADRID_WORD_CAPITALS_94,Madrid,,Madrid,Capitals,Madrid,Madrid,Madrid,Madrid,มาดริด,Madrid,Madrid,マドリード,Madrid,Madryt,Madrid,Мадрид,Madrid,馬德里,Madrid,Мадрид,马德里
RIYADH_WORD_CAPITALS_94,Riyadh,,Riyadh,Capitals,Riyad,Riad,Riad,Riade,ริยาด,Riyadh,Riyad,リヤド,Riad,Rijad,Riyad,Эр-Рияд,Riad,利雅德,Riyadh,Ер-Ріяд,利雅德
OTTAWA_WORD_CAPITALS_94,Ottawa,,Ottawa,Capitals,Ottawa,Ottawa,Ottawa,Ottawa,ออตตาวา,Ottawa,Ottawa,オタワ,Ottawa,Ottawa,Ottawa,Оттава,Ottawa,渥太華,Ottawa,Оттава,渥太华
ROME_WORD_CAPITALS_94,Rome,,Rome,Capitals,Rome,Rom,Roma,Roma,โรม,Roma,Rome,ローマ,Roma,Rzym,Roma,Рим,Roma,羅馬,Rom,Рим,罗马
OSLO_WORD_CAPITALS_94,Oslo,,Oslo,Capitals,Oslo,Oslo,Oslo,Oslo,ออสโล,Oslo,Oslo,オスロ,Oslo,Oslo,Oslo,Осло,Oslo,奧斯陸,Oslo,Осло,奥斯陆
CAIRO_WORD_CAPITALS_94,Cairo,,Cairo,Capitals,Le Caire,Kairo,El Cairo,Cairo,ไคโร,Kairo,Caïro,カイロ,Il Cairo,Kair,Kahire,Каир,Cairo,開羅,Kairo,Каїр,开罗
POWDER_WORD_MAKEUP_95,Powder,,Powder,Makeup,Poudre,Puder,Polvo,Pó,แป้ง,Bedak,Poeder,パウダー,Cipria,Puder,Pudra,Пудра,Pudră,蜜粉,Pulver,Порошок,蜜粉
SPONGE_WORD_MAKEUP_95,Sponge,,Sponge,Makeup,Éponge,Schwamm,Esponja,Esponja,ฟองน้ำ,Spons,Spons,スポンジ,Spugnetta,Gąbka,Sünger,Спонж,Burete,海綿,Svamp,Губка,海绵
PALETTE_WORD_MAKEUP_95,Palette,,Palette,Makeup,Palette,Palette,Paleta,Paleta,พาเลตต์,Palet,Palet,パレット,Palette,Paleta,Palet,Палитра,Paletă,彩妝盤,Palet,Палітра,彩妆盘
SERUM_WORD_MAKEUP_95,Serum,,Serum,Makeup,Sérum,Serum,Sérum,Sérum,เซรั่ม,Serum,Serum,美容液,Siero,Serum,Serum,Сыворотка,Ser,精華液,Serum,Сироватка,精华液
PEEL_WORD_MAKEUP_95,Peel,,Peel,Makeup,Peeling,Peeling,Peeling,Peeling,พีล,Peeling,Schil,ピーリング,Peeling,Peeling,Peeling,Пилинг,Coajă,去角質,Skræl,Шкірка,去角质
BLUSH_WORD_MAKEUP_95,Blush,,Blush,Makeup,Blush,Rouge,Rubor,Blush,บลัชออน,Perona pipi,Blush,チーク,Fard,Róż,Allık,Румяна,Fard de obraz,腮紅,Rødme,Рум'янець,腮红
SAVATE_WORD_COMBAT_96,Savate,,Savate,Combat,Savate,Savate,Savate,Savate,ซาวาเต,Savate,Savate,サバット,Savate,Savate,Savate,Сават,Savate,法式踢拳,Savate,Сават,法式踢拳
JUDO_WORD_COMBAT_96,Judo,,Judo,Combat,Judo,Judo,Judo,Judô,ยูโด,Judo,Judo,柔道,Judo,Judo,Judo,Дзюдо,Judo,柔道,Judo,Дзюдо,柔道
KARATE_WORD_COMBAT_96,Karate,,Karate,Combat,Karaté,Karate,Karate,Caratê,คาราเต้,Karate,Karate,空手,Karate,Karate,Karate,Карате,Karate,空手道,Karate,Карате,空手道
KUNG_FU_WORD_COMBAT_96,Kung fu,,Kung fu,Combat,Kung-fu,Kung-Fu,Kung-fu,Kung fu,กังฟู,Kung fu,Kungfu,カンフー,Kung fu,Kung-fu,Kung fu,Кунг-фу,Kung fu,功夫,Kung fu,Кунг-фу,功夫
SUMO_WORD_COMBAT_96,Sumo,,Sumo,Combat,Sumo,Sumo,Sumo,Sumo,ซูโม่,Sumo,Sumo,相撲,Sumo,Sumo,Sumo,Сумо,Sumo,相撲,Sumo,Сумо,相扑
SILAT_WORD_COMBAT_96,Silat,,Silat,Combat,Silat,Silat,Silat,Silat,ซีลัต,Silat,Silat,シラット,Silat,Silat,Silat,Силат,Silat,席拉,Silat,Сілат,席拉
CHORDS_WORD_GUITAR_97,Chords,,Chords,Guitar,Accords,Akkorde,Acordes,Acordes,คอร์ด,Akor,Akkoorden,コード,Accordi,Akordy,Akorlar,Аккорды,Acorduri,和弦,Akkorder,Акорди,和弦
PICKUPS_WORD_GUITAR_97,Pickups,,Pickups,Guitar,Micros,Tonabnehmer,Pastillas,Captadores,ปิ๊กอัพ,Pickup,Pickups,ピックアップ,Pickup,Przystawki,Manyetikler,Звукосниматели,Pickup-uri,拾音器,Pickups,Пікапи,拾音器
STRINGS_WORD_GUITAR_97,Strings,,Strings,Guitar,Cordes,Saiten,Cuerdas,Cordas,สาย,Senar,Snaren,弦,Corde,Struny,Teller,Струны,Corzi,琴弦,Strenge,Струни,琴弦
RIFFS_WORD_GUITAR_97,Riffs,,Riffs,Guitar,Riffs,Riffs,Riffs,Riffs,ริฟฟ์,Rif,Riffs,リフ,Riff,Riffy,Rifler,Риффы,Riff-uri,即興樂段,Riffs,Рифи,即兴乐段
TRAP_WORD_HUNTING_98,Trap,,Trap,Hunting,,,,,,,,,,,,,,,,,陷阱
LICENSE_WORD_HUNTING_98,License,,License,Hunting,,,,,,,,,,,,,,,,,狩獵執照
DECOY_WORD_HUNTING_98,Decoy,,Decoy,Hunting,,,,,,,,,,,,,,,,,誘餌
RIFLE_WORD_HUNTING_98,Rifle,,Rifle,Hunting,,,,,,,,,,,,,,,,,獵槍
LOSER_WORD_COMPETE_99,Loser,,Loser,Compete,,,,,,,,,,,,,,,,,失敗者
WINNER_WORD_COMPETE_99,Winner,,Winner,Compete,,,,,,,,,,,,,,,,,勝利者
AWARD_WORD_COMPETE_99,Award,,Award,Compete,,,,,,,,,,,,,,,,,獎項
MEDAL_WORD_COMPETE_99,Medal,,Medal,Compete,,,,,,,,,,,,,,,,,獎牌
POINTE_WORD_BALLET_100,Pointe,,Pointe,Ballet,Pointes,Spitze,Puntas,Pontas,ปวงต์,Pointe,Spitzen,ポアント,Punte,Szpic,Puan,Пуанты,Pointe,足尖,Spidsdans,Пуанти,足尖
TUTU_WORD_BALLET_100,Tutu,,Tutu,Ballet,Tutu,Tutu,Tutú,Tutu,ทูทู่,Tutu,Tutu,チュチュ,Tutù,Tutu,Tütü,Пачка,Tutu,芭蕾裙,Tutu,Пачка,芭蕾裙
BARRE_WORD_BALLET_100,Barre,,Barre,Ballet,Barre,Stange,Barra,Barra,บาร์,Barre,Barre,バー,Sbarra,Drążek,Barre,Станок,Bară,把杆,Barre,Барре,把杆
ALLIANCE_WORD_UNITE_101,Alliance,,Alliance,Unite,Alliance,Allianz,Alianza,Aliança,พันธมิตร,Aliansi,Alliantie,同盟,Alleanza,Sojusz,İttifak,Альянс,Alianță,聯盟,Alliance,Альянс,联盟
LEAGUE_WORD_UNITE_101,League,,League,Unite,Ligue,Liga,Liga,Liga,สันนิบาต,Liga,Liga,リーグ,Lega,Liga,Lig,Лига,Ligă,同盟,Liga,Ліга,同盟
UNION_WORD_UNITE_101,Union,,Union,Unite,Union,Union,Unión,União,สหภาพ,Uni,Unie,連合,Unione,Unia,Birlik,Союз,Uniune,團結,Union,Союз,团结
HUMOR_WORD_COMEDY_102,Humor,,Humor,Comedy,,,,,,,,,,,,,,,,,幽默
PARODY_WORD_COMEDY_102,Parody,,Parody,Comedy,Parodie,Parodie,Parodia,Paródia,ล้อเลียน,Parodi,Parodie,パロディ,Parodia,Parodia,Parodi,Пародия,Parodie,惡搞,Parodi,Пародія,恶搞
IRONY_WORD_COMEDY_102,Irony,,Irony,Comedy,,,,,,,,,,,,,,,,,反諷
SATIRE_WORD_COMEDY_102,Satire,,Satire,Comedy,Satire,Satire,Sátira,Sátira,เสียดสี,Satire,Satire,風刺,Satira,Satyra,Hiciv,Сатира,Satiră,諷刺,Satire,Сатира,讽刺
PUN_WORD_COMEDY_102,Pun,,Pun,Comedy,,,,,,,,,,,,,,,,,雙關語
PRANK_WORD_COMEDY_102,Prank,,Prank,Comedy,,,,,,,,,,,,,,,,,惡作劇
STAND_UP_WORD_COMEDY_102,Stand-up,,Stand-up,Comedy,,,,,,,,,,,,,,,,,脫口秀
COMEDIAN_WORD_COMEDY_102,Comedian,,Comedian,Comedy,,,,,,,,,,,,,,,,,喜劇演員
MOZART_WORD_COMPOSER_103,Mozart,,Mozart,Composer,,,,,,,,,,,,,,,,,莫札特
BACH_WORD_COMPOSER_103,Bach,,Bach,Composer,,,,,,,,,,,,,,,,,巴哈
VIVALDI_WORD_COMPOSER_103,Vivaldi,,Vivaldi,Composer,,,,,,,,,,,,,,,,,韋瓦第
CHOPIN_WORD_COMPOSER_103,Chopin,,Chopin,Composer,,,,,,,,,,,,,,,,,蕭邦
WAGNER_WORD_COMPOSER_103,Wagner,,Wagner,Composer,,,,,,,,,,,,,,,,,華格納
SCHUBERT_WORD_COMPOSER_103,Schubert,,Schubert,Composer,,,,,,,,,,,,,,,,,舒伯特
STRAUSS_WORD_COMPOSER_103,Strauss,,Strauss,Composer,,,,,,,,,,,,,,,,,史特勞斯
BRAHMS_WORD_COMPOSER_103,Brahms,,Brahms,Composer,,,,,,,,,,,,,,,,,布拉姆斯
MONITOR_WORD_COMPUTER_104,Monitor,,Monitor,Computer,,,,,,,,,,,,,,,,,螢幕
KEYBOARD_WORD_COMPUTER_104,Keyboard,,Keyboard,Computer,,,,,,,,,,,,,,,,,鍵盤
MOUSE_WORD_COMPUTER_104,Mouse,,Mouse,Computer,,,,,,,,,,,,,,,,,滑鼠
DRIVE_WORD_COMPUTER_104,Drive,,Drive,Computer,,,,,,,,,,,,,,,,,硬碟
CPU_WORD_COMPUTER_104,CPU,,CPU,Computer,,,,,,,,,,,,,,,,,中央處理器
GPU_WORD_COMPUTER_104,GPU,,GPU,Computer,,,,,,,,,,,,,,,,,圖形處理器
RAM_WORD_COMPUTER_104,RAM,,RAM,Computer,,,,,,,,,,,,,,,,,記憶體
SSD_WORD_COMPUTER_104,SSD,,SSD,Computer,,,,,,,,,,,,,,,,,固態硬碟
SUNDAY_WORD_DAYS_105,Sunday,,Sunday,Days,,,,,,,,,,,,,,,,,星期日
MONDAY_WORD_DAYS_105,Monday,,Monday,Days,,,,,,,,,,,,,,,,,星期一
TUESDAY_WORD_DAYS_105,Tuesday,,Tuesday,Days,,,,,,,,,,,,,,,,,星期二
THURSDAY_WORD_DAYS_105,Thursday,,Thursday,Days,,,,,,,,,,,,,,,,,星期四
FRIDAY_WORD_DAYS_105,Friday,,Friday,Days,,,,,,,,,,,,,,,,,星期五
SATURDAY_WORD_DAYS_105,Saturday,,Saturday,Days,,,,,,,,,,,,,,,,,星期六
LOVE_WORD_LIKE_106,Love,,Love,Like,,,,,,,,,,,,,,,,,熱愛
ENJOY_WORD_LIKE_106,Enjoy,,Enjoy,Like,,,,,,,,,,,,,,,,,享受
ADMIRE_WORD_LIKE_106,Admire,,Admire,Like,,,,,,,,,,,,,,,,,欣賞
ADORE_WORD_LIKE_106,Adore,,Adore,Like,,,,,,,,,,,,,,,,,愛慕
APPROVE_WORD_LIKE_106,Approve,,Approve,Like,,,,,,,,,,,,,,,,,認可
PREFER_WORD_LIKE_106,Prefer,,Prefer,Like,,,,,,,,,,,,,,,,,偏好
CEO_WORD_POSITION_107,CEO,,CEO,Position,,,,,,,,,,,,,,,,,執行長
MANAGER_WORD_POSITION_107,Manager,,Manager,Position,,,,,,,,,,,,,,,,,經理
INTERN_WORD_POSITION_107,Intern,,Intern,Position,,,,,,,,,,,,,,,,,實習生
LEAD_WORD_POSITION_107,Lead,,Lead,Position,,,,,,,,,,,,,,,,,領導者
PAINT_WORD_COLORING_108,Paint,,Paint,Coloring,,,,,,,,,,,,,,,,,顏料
GOUACHE_WORD_COLORING_108,Gouache,,Gouache,Coloring,Gouache,Gouache,Gouache,Guache,กวอช,Guache,Gouache,グワッシュ,Gouache,Gwasz,Guvaş,Гуашь,Guașă,水粉,Gouache,Гуаш,水粉
CRAYON_WORD_COLORING_108,Crayon,,Crayon,Coloring,,,,,,,,,,,,,,,,,蠟筆
INK_WORD_COLORING_108,Ink,,Ink,Coloring,Encre,Tinte,Tinta,Tinta,หมึก,Tinta,Inkt,インク,Inchiostro,Atrament,Mürekkep,Чернила,Cerneală,墨水,Blæk,Чорнило,墨水
SAVANNA_WORD_BIOMES_109,Savanna,,Savanna,Biomes,Savane,Savanne,Sabana,Savana,ทุ่งหญ้าสะวันนา,Sabana,Savanne,サバンナ,Savana,Sawanna,Savan,Саванна,Savană,草原,Savanne,Савана,草原
TUNDRA_WORD_BIOMES_109,Tundra,,Tundra,Biomes,Toundra,Tundra,Tundra,Tundra,ทุนดรา,Tundra,Toendra,ツンドラ,Tundra,Tundra,Tundra,Тундра,Tundră,凍原,Tundra,Тундра,冻原
TAIGA_WORD_BIOMES_109,Taiga,,Taiga,Biomes,Taïga,Taiga,Taiga,Taiga,ไทกา,Taiga,Taiga,タイガ,Taiga,Tajga,Tayga,Тайга,Taiga,針葉林,Taiga,Тайга,针叶林
SRIRACHA_WORD_SPICY_110,Sriracha,,Sriracha,Spicy,Sriracha,Sriracha,Sriracha,Sriracha,ศรีราชา,Sriracha,Sriracha,シラチャ,Sriracha,Sriracha,Sriracha,Шрирача,Sriracha,是拉差,Sriracha,Шрірача,是拉差
WASABI_WORD_SPICY_110,Wasabi,,Wasabi,Spicy,Wasabi,Wasabi,Wasabi,Wasabi,วาซาบิ,Wasabi,Wasabi,わさび,Wasabi,Wasabi,Wasabi,Васаби,Wasabi,山葵,Wasabi,Васабі,山葵
HABANERO_WORD_SPICY_110,Habanero,,Habanero,Spicy,Habanero,Habanero,Habanero,Habanero,ฮาบาเนโร,Habanero,Habanero,ハバネロ,Habanero,Habanero,Habanero,Хабанеро,Habanero,哈瓦那辣椒,Habanero,Хабанеро,哈瓦那辣椒
PATIENT_WORD_HOSPITAL_111,Patient,,Patient,Hospital,,,,,,,,,,,,,,,,,病人
CARE_WORD_HOSPITAL_111,Care,,Care,Hospital,,,,,,,,,,,,,,,,,護理師
SURGEON_WORD_HOSPITAL_111,Surgeon,,Surgeon,Hospital,,,,,,,,,,,,,,,,,外科醫師
SYRINGE_WORD_HOSPITAL_111,Syringe,,Syringe,Hospital,,,,,,,,,,,,,,,,,注射器
INHALER_WORD_HOSPITAL_111,Inhaler,,Inhaler,Hospital,,,,,,,,,,,,,,,,,吸入器
PILL_WORD_HOSPITAL_111,Pill,,Pill,Hospital,,,,,,,,,,,,,,,,,藥丸
OINTMENT_WORD_HOSPITAL_111,Ointment,,Ointment,Hospital,,,,,,,,,,,,,,,,,軟膏
VACCINE_WORD_HOSPITAL_111,Vaccine,,Vaccine,Hospital,,,,,,,,,,,,,,,,,疫苗
COCKPIT_WORD_PLANE_112,Cockpit,,Cockpit,Plane,Cockpit,Cockpit,Cabina,Cabine,ห้องนักบิน,Kokpit,Cockpit,コックピット,Cabina,Kokpit,Kokpit,Кабина,Cockpit,駕駛艙,Cockpit,Кабіна,驾驶舱
SEATBELT_WORD_PLANE_112,Seatbelt,,Seatbelt,Plane,Ceinture,Sicherheitsgurt,Cinturón,Cinto,เข็มขัดนิรภัย,Sabuk pengaman,Gordel,シートベルト,Cintura,Pas,Emniyet kemeri,Ремень,Centură,安全帶,Sikkerhedssele,Пасок безпеки,安全带
WINGS_WORD_PLANE_112,Wings,,Wings,Plane,Ailes,Flügel,Alas,Asas,ปีก,Sayap,Vleugels,翼,Ali,Skrzydła,Kanatlar,Крылья,Aripi,機翼,Vinger,Крила,机翼
ENGINE_WORD_PLANE_112,Engine,,Engine,Plane,Moteur,Triebwerk,Motor,Motor,เครื่องยนต์,Mesin,Motor,エンジン,Motore,Silnik,Motor,Двигатель,Motor,引擎,Motor,Двигун,引擎
RUDDER_WORD_PLANE_112,Rudder,,Rudder,Plane,Gouvernail,Ruder,Timón,Leme,หางเสือ,Kemudi,Roer,方向舵,Timone,Ster,Dümen,Руль,Cârmă,方向舵,Ror,Кермо,方向舵
FUSELAGE_WORD_PLANE_112,Fuselage,,Fuselage,Plane,Fuselage,Rumpf,Fuselaje,Fuselagem,ลำตัว,Badan pesawat,Romp,胴体,Fusoliera,Kadłub,Gövde,Фюзеляж,Fuselaj,機身,Flykrop,Фюзеляж,机身
AILERON_WORD_PLANE_112,Aileron,,Aileron,Plane,Aileron,Querruder,Alerón,Aileron,ปีกเสริม,Aileron,Rolroer,補助翼,Alettone,Lotka,Kanatçık,Элерон,Eleron,副翼,Krængror,Елерон,副翼
FLY_WORD_PLANE_112,Fly,,Fly,Plane,Voler,Fliegen,Volar,Voar,บิน,Terbang,Vlieg,飛行,Volare,Latać,Uçmak,Полёт,Muscă,飛行,Flue,Муха,飞行
BLENDER_WORD_KITCHEN_113,Blender,,Blender,Kitchen,,,,,,,,,,,,,,,,,果汁機
TOASTER_WORD_KITCHEN_113,Toaster,,Toaster,Kitchen,,,,,,,,,,,,,,,,,烤麵包機
MIXER_WORD_KITCHEN_113,Mixer,,Mixer,Kitchen,,,,,,,,,,,,,,,,,攪拌器
FREEZER_WORD_KITCHEN_113,Freezer,,Freezer,Kitchen,,,,,,,,,,,,,,,,,冷凍庫
COOK_WORD_KITCHEN_113,Cook,,Cook,Kitchen,,,,,,,,,,,,,,,,,廚師
OVEN_WORD_KITCHEN_113,Oven,,Oven,Kitchen,,,,,,,,,,,,,,,,,烤爐
KETTLE_WORD_KITCHEN_113,Kettle,,Kettle,Kitchen,,,,,,,,,,,,,,,,,燒水壺
SINK_WORD_KITCHEN_113,Sink,,Sink,Kitchen,,,,,,,,,,,,,,,,,水槽
BEAT_WORD_DJ_114,Beat,,Beat,DJ,,,,,,,,,,,,,,,,,節奏
SETLIST_WORD_DJ_114,Setlist,,Setlist,DJ,,,,,,,,,,,,,,,,,曲目列表
VINYL_WORD_DJ_114,Vinyl,,Vinyl,DJ,,,,,,,,,,,,,,,,,黑膠唱片
SPEAKERS_WORD_DJ_114,Speakers,,Speakers,DJ,,,,,,,,,,,,,,,,,喇叭
PARTY_WORD_DJ_114,Party,,Party,DJ,,,,,,,,,,,,,,,,,派對
RAVE_WORD_DJ_114,Rave,,Rave,DJ,,,,,,,,,,,,,,,,,銳舞派對
SUV_WORD_CAR_TYPE_115,SUV,,SUV,Car type,,,,,,,,,,,,,,,,,運動休旅車
ROADSTER_WORD_CAR_TYPE_115,Roadster,,Roadster,Car type,,,,,,,,,,,,,,,,,敞篷車
VAN_WORD_CAR_TYPE_115,Van,,Van,Car type,,,,,,,,,,,,,,,,,廂型貨車
WAGON_WORD_CAR_TYPE_115,Wagon,,Wagon,Car type,,,,,,,,,,,,,,,,,旅行車
COUPE_WORD_CAR_TYPE_115,Coupe,,Coupe,Car type,,,,,,,,,,,,,,,,,轎跑車
DOOR_WORD_BUILDING_116,Door,,Door,Building,,,,,,,,,,,,,,,,,金
FLOOR_WORD_BUILDING_116,Floor,,Floor,Building,,,,,,,,,,,,,,,,,銀
WINDOW_WORD_BUILDING_116,Window,,Window,Building,,,,,,,,,,,,,,,,,釕
ROOF_WORD_BUILDING_116,Roof,,Roof,Building,,,,,,,,,,,,,,,,,銠
WALL_WORD_BUILDING_116,Wall,,Wall,Building,,,,,,,,,,,,,,,,,鋨
SOLAR_WORD_ENERGY_117,Solar,,Solar,Energy,Solaire,Solar,Solar,Solar,พลังแสงอาทิตย์,Surya,Zonne-energie,太陽エネルギー,Solare,Słoneczna,Güneş,Солнечная,Solar,太陽能,Sol,Сонячний,太阳能
NUCLEAR_WORD_ENERGY_117,Nuclear,,Nuclear,Energy,Nucléaire,Nuklear,Nuclear,Nuclear,นิวเคลียร์,Nuklir,Nucleair,原子力,Nucleare,Jądrowa,Nükleer,Ядерная,Nuclear,核能,Nuklear,Ядерний,核能
KINETIC_WORD_ENERGY_117,Kinetic,,Kinetic,Energy,Cinétique,Kinetisch,Cinética,Cinética,จลน์,Kinetik,Kinetisch,運動エネルギー,Cinetica,Kinetyczna,Kinetik,Кинетическая,Cinetic,動能,Kinetisk,Кінетичний,动能
THERMAL_WORD_ENERGY_117,Thermal,,Thermal,Energy,Thermique,Thermisch,Térmico,Térmico,ความร้อน,Termal,Thermisch,熱エネルギー,Termica,Cieplna,Termal,Тепловая,Termic,熱能,Termisk,Термальний,热能
ODIN_WORD_MYTHS_118,Odin,,Odin,Myths,,,,,,,,,,,,,,,,,奧丁
ZEUS_WORD_MYTHS_118,Zeus,,Zeus,Myths,,,,,,,,,,,,,,,,,宙斯
HADES_WORD_MYTHS_118,Hades,,Hades,Myths,,,,,,,,,,,,,,,,,黑帝斯
THOR_WORD_MYTHS_118,Thor,,Thor,Myths,,,,,,,,,,,,,,,,,索爾
ESSAY_WORD_ARTICLES_119,Essay,,Essay,Articles,Essai,Aufsatz,Ensayo,Ensaio,เรียงความ,Esai,Essay,エッセイ,Saggio,Esej,Deneme,Эссе,Eseu,散文,Essay,Есе,散文
REVIEW_WORD_ARTICLES_119,Review,,Review,Articles,Critique,Rezension,Reseña,Resenha,บทวิจารณ์,Ulasan,Recensie,レビュー,Recensione,Recenzja,İnceleme,Обзор,Recenzie,評論,Anmeldelse,Огляд,评论
OPINION_WORD_ARTICLES_119,Opinion,,Opinion,Articles,Opinion,Meinung,Opinión,Opinião,ความเห็น,Opini,Mening,意見,Opinione,Opinia,Görüş,Мнение,Opinie,觀點,Mening,Думка,观点
TSUNAMI_WORD_DISASTER_120,Tsunami,,Tsunami,Disaster,Tsunami,Tsunami,Tsunami,Tsunami,สึนามิ,Tsunami,Tsunami,津波,Tsunami,Tsunami,Tsunami,Цунами,Tsunami,海嘯,Tsunami,Цунамі,海啸
TORNADO_WORD_DISASTER_120,Tornado,,Tornado,Disaster,Tornade,Tornado,Tornado,Tornado,ทอร์นาโด,Tornado,Tornado,竜巻,Tornado,Tornado,Kasırga,Торнадо,Tornadă,龍捲風,Tornado,Торнадо,龙卷风
FLOOD_WORD_DISASTER_120,Flood,,Flood,Disaster,Inondation,Flut,Inundación,Inundação,น้ำท่วม,Banjir,Overstroming,洪水,Alluvione,Powódź,Sel,Наводнение,Inundație,洪水,Oversvømmelse,Повінь,洪水
PYTHON_WORD_CODING_121,Python,,Python,Coding,Python,Python,Python,Python,ไพทอน,Python,Python,Python,Python,Python,Python,Python,Python,Python,Python,Пітон,Python
JAVA_WORD_CODING_121,Java,,Java,Coding,Java,Java,Java,Java,จาวา,Java,Java,Java,Java,Java,Java,Java,Java,Java,Java,Ява,Java
RUBY_WORD_CODING_121,Ruby,,Ruby,Coding,Ruby,Ruby,Ruby,Ruby,รูบี้,Ruby,Ruby,Ruby,Ruby,Ruby,Ruby,Ruby,Ruby,Ruby,Ruby,Ruby,Ruby
SWIFT_WORD_CODING_121,Swift,,Swift,Coding,Swift,Swift,Swift,Swift,สวิฟท์,Swift,Gierzwaluw,Swift,Swift,Swift,Swift,Swift,Drepnea,Swift,Mursejler,Стриж,Swift
SCRIPT_WORD_CODING_121,Script,,Script,Coding,Script,Script,Script,Script,สคริปต์,Script,Script,Script,Script,Skrypt,Script,Script,Scenariu,腳本,Manuskript,Сценарій,脚本
PHP_WORD_CODING_121,PHP,,PHP,Coding,PHP,PHP,PHP,PHP,พีเอชพี,PHP,PHP,PHP,PHP,PHP,PHP,PHP,PHP,PHP,PHP,PHP,PHP
SQL_WORD_CODING_121,SQL,,SQL,Coding,SQL,SQL,SQL,SQL,เอสคิวแอล,SQL,SQL,SQL,SQL,SQL,SQL,SQL,SQL,SQL,SQL,SQL,SQL
BUGS_WORD_CODING_121,Bugs,,Bugs,Coding,Bugs,Bugs,Bugs,Bugs,บั๊ก,Bug,Insecten,Bug,Bug,Błędy,Hatalar,Баги,Insecte,漏洞,Insekter,Жуки,漏洞
LYRICS_WORD_RAP_122,Lyrics,,Lyrics,Rap,Paroles,Texte,Letras,Letras,เนื้อเพลง,Lirik,Songtekst,歌詞,Testi,Teksty,Sözler,Текст,Versuri,歌詞,Sangtekst,Лірика,歌词
VERSE_WORD_RAP_122,Verse,,Verse,Rap,Vers,Vers,Verso,Verso,บทกลอน,Bait,Vers,バース,Verso,Zwrotka,Dize,Куплет,Vers,韻文,Vers,Вірш,韵文
RHYME_WORD_RAP_122,Rhyme,,Rhyme,Rap,Rime,Reim,Rima,Rima,สัมผัส,Rima,Rijm,ライム,Rima,Rym,Kafiye,Рифма,Rimă,韻腳,Rim,Рима,韵脚
PUNCH_WORD_RAP_122,Punch,,Punch,Rap,Punchline,Pointe,Remate,Remate,พันช์ไลน์,Pukulan,Stoot,パンチライン,Colpo,Punch,Vuruş,Панч,Pumn,笑點,Slag,Удар,笑点
NIAGARA_WORD_WATER_123,Niagara,,Niagara,Water,Niagara,Niagara,Niágara,Niágara,ไนแอการา,Niagara,Niagara,ナイアガラ,Niagara,Niagara,Niagara,Ниагара,Niagara,尼加拉,Niagara,Ніагара,尼加拉
VICTORIA_WORD_WATER_123,Victoria,,Victoria,Water,Victoria,Victoria,Victoria,Victoria,วิกตอเรีย,Victoria,Victoria,ヴィクトリア,Victoria,Wiktorii,Victoria,Виктория,Victoria,維多利亞,Victoria,Вікторія,维多利亚
YOSEMITE_WORD_WATER_123,Yosemite,,Yosemite,Water,Yosemite,Yosemite,Yosemite,Yosemite,โยเซมิตี,Yosemite,Yosemite,ヨセミテ,Yosemite,Yosemite,Yosemite,Йосемити,Yosemite,優勝美地,Yosemite,Йосеміті,优胜美地
HAVASU_WORD_WATER_123,Havasu,,Havasu,Water,Havasu,Havasu,Havasu,Havasu,ฮาวาซู,Havasu,Havasu,ハバス,Havasu,Havasu,Havasu,Хавасу,Havasu,哈瓦蘇,Havasu,Хавасу,哈瓦苏
NIGIRI_WORD_SUSHI_124,Nigiri,,Nigiri,Sushi,,,,,,,,,,,,,,,,,握壽司
MAKI_WORD_SUSHI_124,Maki,,Maki,Sushi,,,,,,,,,,,,,,,,,壽司捲
CHIRASHI_WORD_SUSHI_124,Chirashi,,Chirashi,Sushi,,,,,,,,,,,,,,,,,散壽司
ETNA_WORD_MOUNTAIN_125,Etna,,Etna,Mountain,,,,,,,,,,,,,,,,,埃特納山
DENALI_WORD_MOUNTAIN_125,Denali,,Denali,Mountain,,,,,,,,,,,,,,,,,麥金利山
EVEREST_WORD_MOUNTAIN_125,Everest,,Everest,Mountain,,,,,,,,,,,,,,,,,聖母峰
FUJI_WORD_MOUNTAIN_125,Fuji,,Fuji,Mountain,,,,,,,,,,,,,,,,,富士山
ANDES_WORD_MOUNTAIN_125,Andes,,Andes,Mountain,,,,,,,,,,,,,,,,,安地斯山脈
ALPS_WORD_MOUNTAIN_125,Alps,,Alps,Mountain,,,,,,,,,,,,,,,,,阿爾卑斯山
SUMMIT_WORD_MOUNTAIN_125,Summit,,Summit,Mountain,,,,,,,,,,,,,,,,,雪山
CLIMB_WORD_MOUNTAIN_125,Climb,,Climb,Mountain,,,,,,,,,,,,,,,,,洛子峰
SERGEANT_WORD_ARMY_126,Sergeant,,Sergeant,Army,Sergent,Feldwebel,Sargento,Sargento,จ่า,Sersan,Sergeant,軍曹,Sergente,Sierżant,Çavuş,Сержант,Sergent,中士,Sergent,Сержант,中士
MAJOR_WORD_ARMY_126,Major,,Major,Army,Major,Major,Mayor,Major,พันตรี,Mayor,Majoor,少佐,Maggiore,Major,Binbaşı,Майор,Maior,少校,Major,Майор,少校
GENERAL_WORD_ARMY_126,General,,General,Army,Général,General,General,General,นายพล,Jenderal,Generaal,将軍,Generale,Generał,General,Генерал,General,將軍,General,Генерал,将军
COLONEL_WORD_ARMY_126,Colonel,,Colonel,Army,Colonel,Oberst,Coronel,Coronel,พันเอก,Kolonel,Kolonel,大佐,Colonnello,Pułkownik,Albay,Полковник,Colonel,上校,Oberst,Полковник,上校
PRIVATE_WORD_ARMY_126,Private,,Private,Army,Soldat,Gefreiter,Soldado raso,Soldado,พลทหาร,Prajurit,Soldaat,二等兵,Soldato,Szeregowy,Er,Рядовой,Soldat,二等兵,Menig,Рядовий,二等兵
CORPORAL_WORD_ARMY_126,Corporal,,Corporal,Army,Caporal,Korporal,Cabo,Cabo,สิบตรี,Kopral,Korporaal,伍長,Caporale,Kapral,Onbaşı,Капрал,Caporal,下士,Korporal,Капрал,下士
CAPTAIN_WORD_ARMY_126,Captain,,Captain,Army,Capitaine,Hauptmann,Capitán,Capitão,ร้อยเอก,Kapten,Kapitein,大尉,Capitano,Kapitan,Yüzbaşı,Капитан,Căpitan,上尉,Kaptajn,Капітан,上尉
RANK_WORD_ARMY_126,Rank,,Rank,Army,Grade,Rang,Rango,Posto,ยศ,Pangkat,Rang,階級,Grado,Ranga,Rütbe,Звание,Rang,階級,Rang,Ранг,阶级
EXCITED_WORD_EMOTIONS_127,Excited,,Excited,Emotions,,,,,,,,,,,,,,,,,興奮
HAPPY_WORD_EMOTIONS_127,Happy,,Happy,Emotions,,,,,,,,,,,,,,,,,快樂
ELATED_WORD_EMOTIONS_127,Elated,,Elated,Emotions,,,,,,,,,,,,,,,,,振奮
UPSET_WORD_EMOTIONS_127,Upset,,Upset,Emotions,,,,,,,,,,,,,,,,,苦惱
SAD_WORD_EMOTIONS_127,Sad,,Sad,Emotions,,,,,,,,,,,,,,,,,悲傷
ANGRY_WORD_EMOTIONS_127,Angry,,Angry,Emotions,,,,,,,,,,,,,,,,,憤怒
JOYFUL_WORD_EMOTIONS_127,Joyful,,Joyful,Emotions,,,,,,,,,,,,,,,,,喜悅
PSYCHE_WORD_EMOTIONS_127,Psyche,,Psyche,Emotions,,,,,,,,,,,,,,,,,心靈
SPOON_WORD_UTENSILS_128,Spoon,,Spoon,Utensils,,,,,,,,,,,,,,,,,湯匙
WHISK_WORD_UTENSILS_128,Whisk,,Whisk,Utensils,,,,,,,,,,,,,,,,,打蛋器
FORK_WORD_UTENSILS_128,Fork,,Fork,Utensils,,,,,,,,,,,,,,,,,叉子
PLATE_WORD_UTENSILS_128,Plate,,Plate,Utensils,Assiette,Teller,Plato,Prato,จาน,Piring,Bord,皿,Piatto,Talerz,Tabak,Тарелка,Farfurie,盤子,Tallerken,Тарілка,盘子
PEELER_WORD_UTENSILS_128,Peeler,,Peeler,Utensils,,,,,,,,,,,,,,,,,削皮器
LADLE_WORD_UTENSILS_128,Ladle,,Ladle,Utensils,,,,,,,,,,,,,,,,,湯鍋
ZEN_WORD_MEDITATE_129,Zen,,Zen,Meditate,Zen,Zen,Zen,Zen,เซน,Zen,Zen,禅,Zen,Zen,Zen,Дзен,Zen,禪,Zen,Дзен,禅
BREATH_WORD_MEDITATE_129,Breath,,Breath,Meditate,Souffle,Atem,Aliento,Respiração,ลมหายใจ,Napas,Adem,呼吸,Respiro,Oddech,Nefes,Дыхание,Respirație,呼吸,Åndedræt,Подих,呼吸
PEACE_WORD_MEDITATE_129,Peace,,Peace,Meditate,Paix,Frieden,Paz,Paz,สันติ,Damai,Vrede,平穏,Pace,Spokój,Huzur,Покой,Pace,平靜,Fred,Мир,平静
MANTRA_WORD_MEDITATE_129,Mantra,,Mantra,Meditate,Mantra,Mantra,Mantra,Mantra,มนตรา,Mantra,Mantra,マントラ,Mantra,Mantra,Mantra,Мантра,Mantră,真言,Mantra,Мантра,真言
FAMOUS_WORD_FAME_130,Famous,,Famous,Fame,Célèbre,Berühmt,Famoso,Famoso,มีชื่อเสียง,Terkenal,Beroemd,有名,Famoso,Sławny,Ünlü,Знаменитый,Celebru,著名,Berømt,Відомий,著名
ICONIC_WORD_FAME_130,Iconic,,Iconic,Fame,Iconique,Ikonisch,Icónico,Icônico,เป็นสัญลักษณ์,Ikonik,Iconisch,象徴的,Iconico,Ikoniczny,İkonik,Культовый,Iconic,標誌性,Ikonisk,Культовий,标志性
POPULAR_WORD_FAME_130,Popular,,Popular,Fame,Populaire,Beliebt,Popular,Popular,เป็นที่นิยม,Populer,Populair,人気,Popolare,Popularny,Popüler,Популярный,Popular,受歡迎,Populær,Популярний,受欢迎
RENOWN_WORD_FAME_130,Renown,,Renown,Fame,Renommée,Berühmtheit,Renombre,Renome,กิตติศัพท์,Kemasyhuran,Bekendheid,高名,Rinomanza,Rozgłos,Şöhret,Известность,Renume,名望,Ry,Визнання,名望
SYNTAX_WORD_LINGUIST_131,Syntax,,Syntax,Linguist,Syntaxe,Syntax,Sintaxis,Sintaxe,วากยสัมพันธ์,Sintaksis,Syntaxis,構文,Sintassi,Składnia,Söz dizimi,Синтаксис,Sintaxă,句法,Syntaks,Синтаксис,句法
POLYGLOT_WORD_LINGUIST_131,Polyglot,,Polyglot,Linguist,Polyglotte,Polyglott,Políglota,Poliglota,ผู้รู้หลายภาษา,Poliglot,Polyglot,多言語話者,Poliglotta,Poliglota,Poliglot,Полиглот,Poliglot,通曉多語者,Polyglot,Поліглот,通晓多语者
GRAMMAR_WORD_LINGUIST_131,Grammar,,Grammar,Linguist,Grammaire,Grammatik,Gramática,Gramática,ไวยากรณ์,Tata bahasa,Grammatica,文法,Grammatica,Gramatyka,Dilbilgisi,Грамматика,Gramatică,語法,Grammatik,Граматика,语法
SCHOLAR_WORD_LINGUIST_131,Scholar,,Scholar,Linguist,Érudit,Gelehrter,Erudito,Erudito,นักวิชาการ,Sarjana,Geleerde,学者,Erudito,Uczony,Bilgin,Учёный,Cărturar,學者,Lærd,Вчений,学者
EASTER_WORD_HOLIDAY_132,Easter,,Easter,Holiday,Pâques,Ostern,Pascua,Páscoa,อีสเตอร์,Paskah,Pasen,イースター,Pasqua,Wielkanoc,Paskalya,Пасха,Paște,復活節,Påske,Великдень,复活节
NEW_YEAR_WORD_HOLIDAY_132,New Year,,New Year,Holiday,Nouvel An,Neujahr,Año Nuevo,Ano Novo,ปีใหม่,Tahun Baru,Nieuwjaar,新年,Capodanno,Nowy Rok,Yılbaşı,Новый год,Anul Nou,新年,Nytår,Новий рік,新年
FLAG_DAY_WORD_HOLIDAY_132,Flag Day,,Flag Day,Holiday,Fête drapeau,Flaggentag,Día bandera,Dia bandeira,วันธงชาติ,Hari Bendera,Vlaggendag,国旗の日,Festa della Bandiera,Dzień Flagi,Bayrak Günü,День флага,Ziua Drapelului,國旗日,Flagdag,День прапора,国旗日
PERICLES_WORD_WILLIAM_133,Pericles,,Pericles,William,Périclès,Perikles,Pericles,Péricles,เพริคลีส,Pericles,Pericles,ペリクリーズ,Pericle,Perykles,Perikles,Перикл,Pericle,伯里克利,Perikles,Перикл,伯里克利
MACBETH_WORD_WILLIAM_133,Macbeth,,Macbeth,William,Macbeth,Macbeth,Macbeth,Macbeth,แม็คเบ็ธ,Macbeth,Macbeth,マクベス,Macbeth,Makbet,Macbeth,Макбет,Macbeth,馬克白,Macbeth,Макбет,马克白
HAMLET_WORD_WILLIAM_133,Hamlet,,Hamlet,William,Hamlet,Hamlet,Hamlet,Hamlet,แฮมเล็ต,Hamlet,Hamlet,ハムレット,Amleto,Hamlet,Hamlet,Гамлет,Hamlet,哈姆雷特,Hamlet,Гамлет,哈姆雷特
OTHELLO_WORD_WILLIAM_133,Othello,,Othello,William,Othello,Othello,Otelo,Otelo,โอเทลโล,Othello,Othello,オセロ,Otello,Otello,Othello,Отелло,Othello,奧賽羅,Othello,Отелло,奥赛罗
JULIET_WORD_WILLIAM_133,Juliet,,Juliet,William,Juliette,Julia,Julieta,Julieta,จูเลียต,Juliet,Julia,ジュリエット,Giulietta,Julia,Juliet,Джульетта,Julieta,茱麗葉,Julie,Джульєтта,茱丽叶
ROMEO_WORD_WILLIAM_133,Romeo,,Romeo,William,Roméo,Romeo,Romeo,Romeu,โรมิโอ,Romeo,Romeo,ロミオ,Romeo,Romeo,Romeo,Ромео,Romeo,羅密歐,Romeo,Ромео,罗密欧
TEMPEST_WORD_WILLIAM_133,Tempest,,Tempest,William,Tempête,Sturm,Tempestad,Tempestade,พายุ,Tempest,Storm,テンペスト,Tempesta,Burza,Fırtına,Буря,Furtună,暴風雨,Storm,Буря,暴风雨
HENRY_V_WORD_WILLIAM_133,Henry V,,Henry V,William,Henri V,Heinrich V.,Enrique V,Henrique V,เฮนรี่ที่ 5,Henry V,Hendrik V,ヘンリー五世,Enrico V,Henryk V,V. Henry,Генрих V,Henric al V-lea,亨利五世,Henry V,Генріх V,亨利五世
ALABAMA_WORD_STATES_134,Alabama,,Alabama,States,,,,,,,,,,,,,,,,,宜蘭縣
FLORIDA_WORD_STATES_134,Florida,,Florida,States,,,,,,,,,,,,,,,,,新竹縣
COLORADO_WORD_STATES_134,Colorado,,Colorado,States,,,,,,,,,,,,,,,,,苗栗縣
INDIANA_WORD_STATES_134,Indiana,,Indiana,States,,,,,,,,,,,,,,,,,彰化縣
MISSOURI_WORD_STATES_134,Missouri,,Missouri,States,,,,,,,,,,,,,,,,,南投縣
NEVADA_WORD_STATES_134,Nevada,,Nevada,States,,,,,,,,,,,,,,,,,雲林縣
OHIO_WORD_STATES_134,Ohio,,Ohio,States,,,,,,,,,,,,,,,,,嘉義縣
TEXAS_WORD_STATES_134,Texas,,Texas,States,,,,,,,,,,,,,,,,,花蓮縣
POTHOS_WORD_PLANTS_135,Pothos,,Pothos,Plants,,,,,,,,,,,,,,,,,黃金葛
BEGONIA_WORD_PLANTS_135,Begonia,,Begonia,Plants,,,,,,,,,,,,,,,,,秋海棠
FERN_WORD_PLANTS_135,Fern,,Fern,Plants,,,,,,,,,,,,,,,,,蕨
CALATHEA_WORD_PLANTS_135,Calathea,,Calathea,Plants,,,,,,,,,,,,,,,,,孔雀竹芋
ALOE_WORD_PLANTS_135,Aloe,,Aloe,Plants,,,,,,,,,,,,,,,,,蘆薈
ORCHID_WORD_PLANTS_135,Orchid,,Orchid,Plants,,,,,,,,,,,,,,,,,蘭花
HIBISCUS_WORD_PLANTS_135,Hibiscus,,Hibiscus,Plants,,,,,,,,,,,,,,,,,木槿
DRACAENA_WORD_PLANTS_135,Dracaena,,Dracaena,Plants,,,,,,,,,,,,,,,,,龍血樹
WOLF_WORD_CANINES_136,Wolf,,Wolf,Canines,Loup,Wolf,Lobo,Lobo,หมาป่า,Serigala,Wolf,オオカミ,Lupo,Wilk,Kurt,Волк,Lup,狼,Ulv,Вовк,狼
COYOTE_WORD_CANINES_136,Coyote,,Coyote,Canines,Coyote,Kojote,Coyote,Coiote,โคโยตี้,Koyote,Coyote,コヨーテ,Coyote,Kojot,Koyot,Койот,Coiot,郊狼,Prærieulv,Койот,郊狼
DINGO_WORD_CANINES_136,Dingo,,Dingo,Canines,Dingo,Dingo,Dingo,Dingo,ดิงโก,Dingo,Dingo,ディンゴ,Dingo,Dingo,Dingo,Динго,Dingo,澳洲野犬,Dingo,Дінго,澳洲野犬
JACKAL_WORD_CANINES_136,Jackal,,Jackal,Canines,Chacal,Schakal,Chacal,Chacal,หมาจิ้งจอก,Jakal,Jakhals,ジャッカル,Sciacallo,Szakal,Çakal,Шакал,Șacal,胡狼,Sjakal,Шакал,胡狼
FOX_WORD_CANINES_136,Fox,,Fox,Canines,Renard,Fuchs,Zorro,Raposa,สุนัขจิ้งจอก,Rubah,Vos,キツネ,Volpe,Lis,Tilki,Лиса,Vulpe,狐狸,Ræv,Лисиця,狐狸
DHOLE_WORD_CANINES_136,Dhole,,Dhole,Canines,Dhole,Rothund,Cuón,Cão-selvagem,หมาใน,Ajag,Dhole,ドール,Cuon,Cyjon,Kızıl kurt,Красный волк,Dhole,豺犬,Dhole,Долі,豺犬
HARVARD_WORD_STUDIES_137,Harvard,,Harvard,Studies,Harvard,Harvard,Harvard,Harvard,ฮาร์วาร์ด,Harvard,Harvard,ハーバード,Harvard,Harvard,Harvard,Гарвард,Harvard,哈佛,Harvard,Гарвард,哈佛
STANFORD_WORD_STUDIES_137,Stanford,,Stanford,Studies,Stanford,Stanford,Stanford,Stanford,สแตนฟอร์ด,Stanford,Stanford,スタンフォード,Stanford,Stanford,Stanford,Стэнфорд,Stanford,史丹佛,Stanford,Стенфорд,史丹佛
OXFORD_WORD_STUDIES_137,Oxford,,Oxford,Studies,Oxford,Oxford,Oxford,Oxford,อ็อกซ์ฟอร์ด,Oxford,Oxford,オックスフォード,Oxford,Oksford,Oxford,Оксфорд,Oxford,牛津,Oxford,Оксфорд,牛津
YALE_WORD_STUDIES_137,Yale,,Yale,Studies,Yale,Yale,Yale,Yale,เยล,Yale,Yale,イェール,Yale,Yale,Yale,Йель,Yale,耶魯,Yale,Єйл,耶鲁
SORBONNE_WORD_STUDIES_137,Sorbonne,,Sorbonne,Studies,Sorbonne,Sorbonne,Sorbonne,Sorbonne,ซอร์บอนน์,Sorbonne,Sorbonne,ソルボンヌ,Sorbona,Sorbona,Sorbonne,Сорбонна,Sorbona,索邦,Sorbonne,Сорбонна,索邦
MIT_WORD_STUDIES_137,MIT,,MIT,Studies,MIT,MIT,MIT,MIT,เอ็มไอที,MIT,MIT,MIT,MIT,MIT,MIT,MIT,MIT,麻省理工,MIT,MIT,麻省理工
SWARM_WORD_GROUP_138,Swarm,,Swarm,Group,,,,,,,,,,,,,,,,,蟲群
FLOCK_WORD_GROUP_138,Flock,,Flock,Group,,,,,,,,,,,,,,,,,鳥群
HERD_WORD_GROUP_138,Herd,,Herd,Group,,,,,,,,,,,,,,,,,獸群
GAGGLE_WORD_GROUP_138,Gaggle,,Gaggle,Group,,,,,,,,,,,,,,,,,鵝群
SOUR_WORD_TASTE_139,Sour,,Sour,Taste,,,,,,,,,,,,,,,,,酸
SWEET_WORD_TASTE_139,Sweet,,Sweet,Taste,,,,,,,,,,,,,,,,,甜
SPICY_WORD_TASTE_139,Spicy,,Spicy,Taste,,,,,,,,,,,,,,,,,辣
BITTER_WORD_TASTE_139,Bitter,,Bitter,Taste,,,,,,,,,,,,,,,,,苦
GLIDER_WORD_AIRCRAFT_140,Glider,,Glider,Aircraft,Planeur,Segelflugzeug,Planeador,Planador,เครื่องร่อน,Glider,Zweefvliegtuig,グライダー,Aliante,Szybowiec,Planör,Планер,Planor,滑翔機,Svævefly,Планер,滑翔机
JETLINER_WORD_AIRCRAFT_140,Jetliner,,Jetliner,Aircraft,Avion ligne,Düsenjet,Avión línea,Avião linha,เครื่องบินเจ็ต,Jet,Straalvliegtuig,ジェット旅客機,Jet di linea,Odrzutowiec,Jet uçak,Авиалайнер,Avion cu reacție,噴射客機,Jetfly,Лайнер,喷射客机
AIRPLANE_WORD_AIRCRAFT_140,Airplane,,Airplane,Aircraft,Avion,Flieger,Avión,Avião,เครื่องบิน,Pesawat terbang,Vliegtuig,飛行機,Aeroplano,Samolot,Uçak,Самолёт,Avion,飛機,Flyvemaskine,Аероплан,飞机
KNITTING_WORD_HOBBY_141,Knitting,,Knitting,Hobby,,,,,,,,,,,,,,,,,編織
FISHING_WORD_HOBBY_141,Fishing,,Fishing,Hobby,,,,,,,,,,,,,,,,,釣魚
RUNNING_WORD_HOBBY_141,Running,,Running,Hobby,,,,,,,,,,,,,,,,,跑步
BLOGGING_WORD_HOBBY_141,Blogging,,Blogging,Hobby,,,,,,,,,,,,,,,,,寫部落格
READING_WORD_HOBBY_141,Reading,,Reading,Hobby,,,,,,,,,,,,,,,,,閱讀
COOKING_WORD_HOBBY_141,Cooking,,Cooking,Hobby,,,,,,,,,,,,,,,,,烹飪
HIKING_WORD_HOBBY_141,Hiking,,Hiking,Hobby,,,,,,,,,,,,,,,,,徒步
BAKING_WORD_HOBBY_141,Baking,,Baking,Hobby,,,,,,,,,,,,,,,,,烘焙
MERLOT_WORD_GRAPE_142,Merlot,,Merlot,Grape,Merlot,Merlot,Merlot,Merlot,เมอร์โลต์,Merlot,Merlot,メルロー,Merlot,Merlot,Merlot,Мерло,Merlot,梅洛,Merlot,Мерло,梅洛
RIESLING_WORD_GRAPE_142,Riesling,,Riesling,Grape,Riesling,Riesling,Riesling,Riesling,รีสลิง,Riesling,Riesling,リースリング,Riesling,Riesling,Riesling,Рислинг,Riesling,雷司令,Riesling,Різлінг,雷司令
SHIRAZ_WORD_GRAPE_142,Shiraz,,Shiraz,Grape,Syrah,Shiraz,Shiraz,Shiraz,ชีราซ,Shiraz,Shiraz,シラーズ,Shiraz,Shiraz,Şiraz,Шираз,Shiraz,希哈,Shiraz,Шираз,希哈
GRENACHE_WORD_GRAPE_142,Grenache,,Grenache,Grape,Grenache,Grenache,Garnacha,Grenache,เกรนาช,Grenache,Grenache,グルナッシュ,Grenache,Grenache,Grenache,Гренаш,Grenache,歌海娜,Grenache,Гренаш,歌海娜
MUSCAT_WORD_GRAPE_142,Muscat,,Muscat,Grape,Muscat,Muskat,Moscatel,Moscatel,มัสคัท,Muscat,Muscat,マスカット,Moscato,Muskat,Misket,Мускат,Muscat,麝香葡萄,Muscat,Мускат,麝香葡萄
MALBEC_WORD_GRAPE_142,Malbec,,Malbec,Grape,Malbec,Malbec,Malbec,Malbec,มัลเบ็ค,Malbec,Malbec,マルベック,Malbec,Malbec,Malbec,Мальбек,Malbec,馬爾貝克,Malbec,Мальбек,马尔贝克
AMANITA_WORD_MUSHROOM_143,Amanita,,Amanita,Mushroom,Amanite,Knollenblätterpilz,Amanita,Amanita,อะมานิตา,Amanita,Vliegenzwam,テングタケ,Amanita,Muchomor,Ağu mantarı,Мухомор,Amanită,鵝膏菌,Fluesvamp,Мухомор,鹅膏菌
PORCINI_WORD_MUSHROOM_143,Porcini,,Porcini,Mushroom,Cèpe,Steinpilz,Porcini,Porcini,พอร์ชินี,Porcini,Eekhoorntjesbrood,ポルチーニ,Porcini,Borowik,Porcini,Белый гриб,Hrib,牛肝菌,Karl Johan,Білий гриб,牛肝菌
RUSSULA_WORD_MUSHROOM_143,Russula,,Russula,Mushroom,Russule,Täubling,Rúsula,Rússula,รัสซูลา,Russula,Russula,ベニタケ,Russula,Gołąbek,Güveymantar,Сыроежка,Rusulă,紅菇,Skørhat,Сироїжка,红菇
TRUFFLE_WORD_MUSHROOM_143,Truffle,,Truffle,Mushroom,Truffe,Trüffel,Trufa,Trufa,ทรัฟเฟิล,Truffle,Truffel,トリュフ,Tartufo,Trufla,Trüf,Трюфель,Trufe,松露,Trøffel,Трюфель,松露
ENOKI_WORD_MUSHROOM_143,Enoki,,Enoki,Mushroom,Enoki,Enoki,Enoki,Enoki,เห็ดเข็มทอง,Enoki,Enoki,エノキ,Enoki,Enoki,Enoki,Эноки,Enoki,金針菇,Enoki,Еноки,金针菇
SHIITAKE_WORD_MUSHROOM_143,Shiitake,,Shiitake,Mushroom,Shiitaké,Shiitake,Shiitake,Shiitake,เห็ดหอม,Shiitake,Shiitake,シイタケ,Shiitake,Shiitake,Shiitake,Шиитаке,Shiitake,香菇,Shiitake,Шиїтаке,香菇
CHEROKEE_WORD_TRIBES_144,Cherokee,,Cherokee,Tribes,,,,,,,,,,,,,,,,,泰雅族
SIOUX_WORD_TRIBES_144,Sioux,,Sioux,Tribes,,,,,,,,,,,,,,,,,魯凱族
NAVAJO_WORD_TRIBES_144,Navajo,,Navajo,Tribes,,,,,,,,,,,,,,,,,布農族
APACHE_WORD_TRIBES_144,Apache,,Apache,Tribes,,,,,,,,,,,,,,,,,賽德克族
DIAPER_WORD_BABIES_145,Diaper,,Diaper,Babies,,,,,,,,,,,,,,,,,尿布
STROLLER_WORD_BABIES_145,Stroller,,Stroller,Babies,,,,,,,,,,,,,,,,,嬰兒車
CRIB_WORD_BABIES_145,Crib,,Crib,Babies,,,,,,,,,,,,,,,,,嬰兒床
RATTLE_WORD_BABIES_145,Rattle,,Rattle,Babies,,,,,,,,,,,,,,,,,搖鈴
PIT_STOP_WORD_RACING_146,Pit stop,,Pit stop,Racing,Arrêt au stand,Boxenstopp,Parada en boxes,Pit stop,พิตสต็อป,Pit stop,Pitstop,ピットストップ,Pit stop,Pit stop,Pit stop,Пит-стоп,Pit stop,進站,Pitstop,Піт-стоп,进站
FINISH_WORD_RACING_146,Finish,,Finish,Racing,Arrivée,Ziel,Meta,Chegada,เส้นชัย,Finis,Finish,フィニッシュ,Traguardo,Meta,Bitiş,Финиш,Finiș,終點,Mål,Фініш,终点
SPEEDWAY_WORD_RACING_146,Speedway,,Speedway,Racing,Speedway,Speedway,Speedway,Speedway,สปีดเวย์,Sirkuit,Speedway,スピードウェイ,Autodromo,Żużel,Yarış pisti,Спидвей,Speedway,賽道,Speedway,Спідвей,赛道
ASSIST_WORD_HELP_147,Assist,,Assist,Help,Aider,Helfen,Asistir,Assistir,อุดหนุน,Bantu,Assist,アシスト,Assistere,Asysta,Yardım,Содействие,Asistență,援助,Assist,Асист,援助
SUPPORT_WORD_HELP_147,Support,,Support,Help,Soutien,Beistand,Apoyo,Apoio,สนับสนุน,Dukung,Steun,サポート,Sostenere,Wsparcie,Destek,Поддержка,Sprijin,支援,Støtte,Підтримка,支持
DONATE_WORD_HELP_147,Donate,,Donate,Help,Donner,Spenden,Donar,Doar,บริจาค,Donasi,Doneren,寄付,Donare,Darowizna,Bağış,Пожертвовать,Donație,捐贈,Donere,Пожертва,捐赠
SAW_WORD_SHARP_148,Saw,,Saw,Sharp,,,,,,,,,,,,,,,,,鋸子
SCALPEL_WORD_SHARP_148,Scalpel,,Scalpel,Sharp,,,,,,,,,,,,,,,,,手術刀
KNIFE_WORD_SHARP_148,Knife,,Knife,Sharp,,,,,,,,,,,,,,,,,小刀
SCISSORS_WORD_SHARP_148,Scissors,,Scissors,Sharp,,,,,,,,,,,,,,,,,剪刀
RAZOR_WORD_SHARP_148,Razor,,Razor,Sharp,,,,,,,,,,,,,,,,,刮鬍刀
NEEDLE_WORD_SHARP_148,Needle,,Needle,Sharp,,,,,,,,,,,,,,,,,針
AXE_WORD_SHARP_148,Axe,,Axe,Sharp,,,,,,,,,,,,,,,,,斧頭
STINGER_WORD_SHARP_148,Stinger,,Stinger,Sharp,,,,,,,,,,,,,,,,,刺針
OPAL_WORD_GEMSTONE_149,Opal,,Opal,Gemstone,Opale,Opal,Ópalo,Opala,โอปอล,Opal,Opaal,オパール,Opale,Opal,Opal,Опал,Opal,蛋白石,Opal,Опал,蛋白石
RUBY_WORD_GEMSTONE_149,Ruby,,Ruby,Gemstone,Ruby,Ruby,Ruby,Ruby,รูบี้,Ruby,Ruby,Ruby,Ruby,Ruby,Ruby,Ruby,Ruby,Ruby,Ruby,Ruby,Ruby
TOPAZ_WORD_GEMSTONE_149,Topaz,,Topaz,Gemstone,Topaze,Topas,Topacio,Topázio,บุษราคัม,Topaz,Topaas,トパーズ,Topazio,Topaz,Topaz,Топаз,Topaz,黃玉,Topas,Топаз,黄玉
SAPPHIRE_WORD_GEMSTONE_149,Sapphire,,Sapphire,Gemstone,Saphir,Saphir,Zafiro,Safira,ไพลิน,Safir,Saffier,サファイア,Zaffiro,Szafir,Safir,Сапфир,Safir,藍寶石,Safir,Сапфір,蓝宝石
GARNET_WORD_GEMSTONE_149,Garnet,,Garnet,Gemstone,Grenat,Granat,Granate,Granada,โกเมน,Garnet,Granaat,ガーネット,Granato,Granat,Lal taşı,Гранат,Granat,石榴石,Granat,Гранат,石榴石
DIAMOND_WORD_GEMSTONE_149,Diamond,,Diamond,Gemstone,Diamant,Diamant,Diamante,Diamante,เพชร,Berlian,Diamant,ダイヤモンド,Diamante,Diament,Elmas,Алмаз,Diamant,鑽石,Diamant,Діамант,钻石
ONYX_WORD_GEMSTONE_149,Onyx,,Onyx,Gemstone,Onyx,Onyx,Ónix,Ônix,นิล,Oniks,Onyx,オニキス,Onice,Onyks,Oniks,Оникс,Onix,黑瑪瑙,Onyks,Онікс,黑玛瑙
AGATE_WORD_GEMSTONE_149,Agate,,Agate,Gemstone,Agate,Achat,Ágata,Ágata,อาเกต,Akik,Agaat,メノウ,Agata,Agat,Akik,Агат,Agat,瑪瑙,Agat,Агат,玛瑙
FICTION_WORD_BOOKS_150,Fiction,,Fiction,Books,,,,,,,,,,,,,,,,,虛構作品
POETRY_WORD_BOOKS_150,Poetry,,Poetry,Books,,,,,,,,,,,,,,,,,詩歌
NOVEL_WORD_BOOKS_150,Novel,,Novel,Books,,,,,,,,,,,,,,,,,長篇小說
PROSE_WORD_BOOKS_150,Prose,,Prose,Books,,,,,,,,,,,,,,,,,散文
MEMOIR_WORD_BOOKS_150,Memoir,,Memoir,Books,,,,,,,,,,,,,,,,,回憶錄
THRILLER_WORD_BOOKS_150,Thriller,,Thriller,Books,,,,,,,,,,,,,,,,,驚悚
FANTASY_WORD_BOOKS_150,Fantasy,,Fantasy,Books,,,,,,,,,,,,,,,,,奇幻
TRAGEDY_WORD_BOOKS_150,Tragedy,,Tragedy,Books,,,,,,,,,,,,,,,,,悲劇
ORION_WORD_PATTERN_151,Orion,,Orion,Pattern,Orion,Orion,Orión,Órion,นายพราน,Orion,Orion,オリオン座,Orione,Orion,Orion,Орион,Orion,獵戶座,Orion,Оріон,猎户座
PERSEUS_WORD_PATTERN_151,Perseus,,Perseus,Pattern,Persée,Perseus,Perseo,Perseu,เพอร์ซิอัส,Perseus,Perseus,ペルセウス座,Perseo,Perseusz,Perseus,Персей,Perseu,英仙座,Perseus,Персей,英仙座
DRACO_WORD_PATTERN_151,Draco,,Draco,Pattern,Dragon,Draco,Draco,Draco,มังกร,Draco,Draco,りゅう座,Drago,Smok,Draco,Дракон,Draco,天龍座,Draco,Дракон,天龙座
SCORPIUS_WORD_PATTERN_151,Scorpius,,Scorpius,Pattern,Scorpion,Skorpion,Escorpio,Escorpião,แมงป่อง,Scorpius,Schorpioen,さそり座,Scorpione,Skorpion,Akrep,Скорпион,Scorpionul,天蠍座,Scorpius,Скорпіон,天蝎座
CYGNUS_WORD_PATTERN_151,Cygnus,,Cygnus,Pattern,Cygne,Schwan,Cisne,Cisne,หงส์,Cygnus,Zwaan,はくちょう座,Cigno,Łabędź,Kuğu,Лебедь,Lebăda,天鵝座,Cygnus,Лебідь,天鹅座
SERPENS_WORD_PATTERN_151,Serpens,,Serpens,Pattern,Serpent,Schlange,Serpens,Serpente,งู,Serpens,Serpens,へび座,Serpente,Wąż,Yılan,Змея,Șarpele,巨蛇座,Serpens,Змія,巨蛇座
CEREMONY_WORD_WEDDING_152,Ceremony,,Ceremony,Wedding,,,,,,,,,,,,,,,,,結婚典禮
PROPOSAL_WORD_WEDDING_152,Proposal,,Proposal,Wedding,,,,,,,,,,,,,,,,,求婚
ALTAR_WORD_WEDDING_152,Altar,,Altar,Wedding,Autel,Altar,Altar,Altar,แท่นบูชา,Altar,Altaar,祭壇,Altare,Ołtarz,Sunak,Алтарь,Altar,祭壇,Alter,Вівтар,祭坛
BRIDE_WORD_WEDDING_152,Bride,,Bride,Wedding,,,,,,,,,,,,,,,,,新娘
GROOM_WORD_WEDDING_152,Groom,,Groom,Wedding,,,,,,,,,,,,,,,,,新郎
VOWS_WORD_WEDDING_152,Vows,,Vows,Wedding,,,,,,,,,,,,,,,,,結婚誓詞
GASOLINE_WORD_FUELS_153,Gasoline,,Gasoline,Fuels,Essence,Benzin,Gasolina,Gasolina,น้ำมันเบนซิน,Bensin,Benzine,ガソリン,Benzina,Benzyna,Benzin,Бензин,Benzină,汽油,Benzin,Бензин,汽油
DIESEL_WORD_FUELS_153,Diesel,,Diesel,Fuels,Diesel,Diesel,Diésel,Diesel,ดีเซล,Diesel,Diesel,ディーゼル,Diesel,Diesel,Dizel,Дизель,Motorină,柴油,Diesel,Дизель,柴油
COAL_WORD_FUELS_153,Coal,,Coal,Fuels,Charbon,Kohle,Carbón,Carvão,ถ่านหิน,Batu bara,Steenkool,石炭,Carbone,Węgiel,Kömür,Уголь,Cărbune,煤炭,Kul,Вугілля,煤炭
PROPANE_WORD_FUELS_153,Propane,,Propane,Fuels,Propane,Propan,Propano,Propano,โพรเพน,Propana,Propaan,プロパン,Propano,Propan,Propan,Пропан,Propan,丙烷,Propan,Пропан,丙烷
KEROSENE_WORD_FUELS_153,Kerosene,,Kerosene,Fuels,Kérosène,Kerosin,Queroseno,Querosene,น้ำมันก๊าด,Minyak tanah,Kerosine,灯油,Cherosene,Nafta,Gazyağı,Керосин,Kerosen,煤油,Petroleum,Гас,煤油
BLANKET_WORD_BED_154,Blanket,,Blanket,Bed,,,,,,,,,,,,,,,,,毯子
SHEET_WORD_BED_154,Sheet,,Sheet,Bed,,,,,,,,,,,,,,,,,床單
PILLOW_WORD_BED_154,Pillow,,Pillow,Bed,,,,,,,,,,,,,,,,,枕頭
PLAID_WORD_BED_154,Plaid,,Plaid,Bed,,,,,,,,,,,,,,,,,被套
MATTRESS_WORD_BED_154,Mattress,,Mattress,Bed,,,,,,,,,,,,,,,,,床墊
ESPRESSO_WORD_COFFEE_155,Espresso,,Espresso,Coffee,Espresso,Espresso,Espresso,Espresso,เอสเพรสโซ,Espresso,Espresso,エスプレッソ,Espresso,Espresso,Espresso,Эспрессо,Espresso,濃縮咖啡,Espresso,Еспресо,浓缩咖啡
LATTE_WORD_COFFEE_155,Latte,,Latte,Coffee,,,,,,,,,,,,,,,,,拿鐵
LUNGO_WORD_COFFEE_155,Lungo,,Lungo,Coffee,,,,,,,,,,,,,,,,,大杯咖啡
MOCHA_WORD_COFFEE_155,Mocha,,Mocha,Coffee,,,,,,,,,,,,,,,,,摩卡
VOTER_WORD_ELECT_156,Voter,,Voter,Elect,Électeur,Wähler,Votante,Eleitor,ผู้มีสิทธิเลือกตั้ง,Pemilih,Kiezer,有権者,Elettore,Wyborca,Seçmen,Избиратель,Alegător,選民,Vælger,Виборець,选民
BALLOT_WORD_ELECT_156,Ballot,,Ballot,Elect,Bulletin,Stimmzettel,Papeleta,Cédula,บัตรเลือกตั้ง,Surat suara,Stembiljet,投票用紙,Scheda,Karta do głosowania,Oy pusulası,Бюллетень,Buletin de vot,選票,Stemmeseddel,Бюлетень,选票
CAMPAIGN_WORD_ELECT_156,Campaign,,Campaign,Elect,Campagne,Wahlkampf,Campaña,Campanha,หาเสียง,Kampanye,Campagne,選挙運動,Campagna,Kampania,Kampanya,Кампания,Campanie,競選,Kampagne,Кампанія,竞选
TURNOUT_WORD_ELECT_156,Turnout,,Turnout,Elect,Participation,Wahlbeteiligung,Participación,Participação,ผู้ไปใช้สิทธิ์,Partisipasi,Opkomst,投票率,Affluenza,Frekwencja,Katılım,Явка,Prezență,投票率,Fremmøde,Явка,投票率
KING_WORD_CROWN_157,King,,King,Crown,Roi,König,Rey,Rei,กษัตริย์,Raja,Koning,王,Re,Król,Kral,Король,Rege,國王,Konge,Король,国王
EMPEROR_WORD_CROWN_157,Emperor,,Emperor,Crown,Empereur,Kaiser,Emperador,Imperador,จักรพรรดิ,Kaisar,Keizer,皇帝,Imperatore,Cesarz,İmparator,Император,Împărat,皇帝,Kejser,Імператор,皇帝
MAHARAJA_WORD_CROWN_157,Maharaja,,Maharaja,Crown,Maharaja,Maharadscha,Maharajá,Marajá,มหาราชา,Maharaja,Maharadja,マハラジャ,Maharaja,Maharadża,Mahraca,Махараджа,Maharajah,大君,Maharaja,Магараджа,大君
RAIL_WORD_TRAIN_158,Rail,,Rail,Train,,,,,,,,,,,,,,,,,鐵軌
CARRIAGE_WORD_TRAIN_158,Carriage,,Carriage,Train,,,,,,,,,,,,,,,,,車廂
TRACK_WORD_TRAIN_158,Track,,Track,Train,,,,,,,,,,,,,,,,,軌道
KENNEDY_WORD_LEADER_159,Kennedy,,Kennedy,Leader,,,,,,,,,,,,,,,,,馬英九
CLINTON_WORD_LEADER_159,Clinton,,Clinton,Leader,,,,,,,,,,,,,,,,,習近平
LINCOLN_WORD_LEADER_159,Lincoln,,Lincoln,Leader,Lincoln,Lincoln,Lincoln,Lincoln,ลินคอล์น,Lincoln,Lincoln,リンカーン,Lincoln,Lincoln,Lincoln,Линкольн,Lincoln,林肯,Lincoln,Лінкольн,林肯
REAGAN_WORD_LEADER_159,Reagan,,Reagan,Leader,,,,,,,,,,,,,,,,,孫中山
BUSH_WORD_LEADER_159,Bush,,Bush,Leader,,,,,,,,,,,,,,,,,李光耀
OBAMA_WORD_LEADER_159,Obama,,Obama,Leader,,,,,,,,,,,,,,,,,朴槿惠
ADAMS_WORD_LEADER_159,Adams,,Adams,Leader,Adams,Adams,Adams,Adams,อดัมส์,Adams,Adams,アダムズ,Adams,Adams,Adams,Адамс,Adams,亞當斯,Adams,Адамс,亚当斯
BIDEN_WORD_LEADER_159,Biden,,Biden,Leader,,,,,,,,,,,,,,,,,金正恩
ACROBAT_WORD_CIRCUS_160,Acrobat,,Acrobat,Circus,,,,,,,,,,,,,,,,,雜技演員
TRAPEZE_WORD_CIRCUS_160,Trapeze,,Trapeze,Circus,,,,,,,,,,,,,,,,,高空秋千
JUGGLER_WORD_CIRCUS_160,Juggler,,Juggler,Circus,,,,,,,,,,,,,,,,,雜耍演員
CLOWN_WORD_CIRCUS_160,Clown,,Clown,Circus,,,,,,,,,,,,,,,,,小丑
COSTUME_WORD_CIRCUS_160,Costume,,Costume,Circus,,,,,,,,,,,,,,,,,表演服
MAGICIAN_WORD_CIRCUS_160,Magician,,Magician,Circus,Magicien,Magier,Mago,Mago,นักมายากล,Pesulap,Goochelaar,魔術師,Mago,Mag,Sihirbaz,Маг,Magician,魔術師,Tryllekunstner,Маг,魔术师
LAUGHTER_WORD_CIRCUS_160,Laughter,,Laughter,Circus,,,,,,,,,,,,,,,,,歡笑
TROUPE_WORD_CIRCUS_160,Troupe,,Troupe,Circus,,,,,,,,,,,,,,,,,表演團
RENAME_WORD_FILES_161,Rename,,Rename,Files,,,,,,,,,,,,,,,,,重新命名
OPEN_WORD_FILES_161,Open,,Open,Files,,,,,,,,,,,,,,,,,開啟
DELETE_WORD_FILES_161,Delete,,Delete,Files,,,,,,,,,,,,,,,,,刪除
COPY_WORD_FILES_161,Copy,,Copy,Files,,,,,,,,,,,,,,,,,複製
HAMMERS_WORD_WOODWORK_162,Hammers,,Hammers,Woodwork,,,,,,,,,,,,,,,,,槌子
SQUARES_WORD_WOODWORK_162,Squares,,Squares,Woodwork,,,,,,,,,,,,,,,,,角尺
GAUGES_WORD_WOODWORK_162,Gauges,,Gauges,Woodwork,,,,,,,,,,,,,,,,,量規
SCREWS_WORD_WOODWORK_162,Screws,,Screws,Woodwork,,,,,,,,,,,,,,,,,螺絲
DISGUISE_WORD_SPY_GEAR_163,Disguise,,Disguise,Spy gear,,,,,,,,,,,,,,,,,偽裝
WIRETAP_WORD_SPY_GEAR_163,Wiretap,,Wiretap,Spy gear,,,,,,,,,,,,,,,,,竊聽器
CODEBOOK_WORD_SPY_GEAR_163,Codebook,,Codebook,Spy gear,,,,,,,,,,,,,,,,,密碼本
QUICK_WORD_FAST_164,Quick,,Quick,Fast,,,,,,,,,,,,,,,,,快速
RAPID_WORD_FAST_164,Rapid,,Rapid,Fast,,,,,,,,,,,,,,,,,迅速
SPEEDY_WORD_FAST_164,Speedy,,Speedy,Fast,,,,,,,,,,,,,,,,,飛快
SWIFT_WORD_FAST_164,Swift,,Swift,Fast,Swift,Swift,Swift,Swift,สวิฟท์,Swift,Gierzwaluw,Swift,Swift,Swift,Swift,Swift,Drepnea,Swift,Mursejler,Стриж,Swift
PROMPT_WORD_FAST_164,Prompt,,Prompt,Fast,,,,,,,,,,,,,,,,,及時
BRISK_WORD_FAST_164,Brisk,,Brisk,Fast,,,,,,,,,,,,,,,,,輕快
HASTY_WORD_FAST_164,Hasty,,Hasty,Fast,,,,,,,,,,,,,,,,,匆忙
ZIPPY_WORD_FAST_164,Zippy,,Zippy,Fast,,,,,,,,,,,,,,,,,神速
RED_WORD_RAINBOW_165,Red,,Red,Rainbow,,,,,,,,,,,,,,,,,紅色
ORANGE_WORD_RAINBOW_165,Orange,,Orange,Rainbow,,,,,,,,,,,,,,,,,橙色
YELLOW_WORD_RAINBOW_165,Yellow,,Yellow,Rainbow,,,,,,,,,,,,,,,,,黃色
GREEN_WORD_RAINBOW_165,Green,,Green,Rainbow,,,,,,,,,,,,,,,,,綠色
BLUE_WORD_RAINBOW_165,Blue,,Blue,Rainbow,,,,,,,,,,,,,,,,,藍色
INDIGO_WORD_RAINBOW_165,Indigo,,Indigo,Rainbow,,,,,,,,,,,,,,,,,靛藍色
VIOLET_WORD_RAINBOW_165,Violet,,Violet,Rainbow,,,,,,,,,,,,,,,,,紫色
PERIOD_WORD_SENTENCE_166,Period,,Period,Sentence,,,,,,,,,,,,,,,,,句號
COMMA_WORD_SENTENCE_166,Comma,,Comma,Sentence,,,,,,,,,,,,,,,,,逗號
COLON_WORD_SENTENCE_166,Colon,,Colon,Sentence,,,,,,,,,,,,,,,,,冒號
DASH_WORD_SENTENCE_166,Dash,,Dash,Sentence,,,,,,,,,,,,,,,,,破折號
HYPHEN_WORD_SENTENCE_166,Hyphen,,Hyphen,Sentence,,,,,,,,,,,,,,,,,連字號
QUESTION_WORD_SENTENCE_166,Question,,Question,Sentence,,,,,,,,,,,,,,,,,問號
RICE_WORD_GRAINS_167,Rice,,Rice,Grains,,,,,,,,,,,,,,,,,米
WHEAT_WORD_GRAINS_167,Wheat,,Wheat,Grains,,,,,,,,,,,,,,,,,小麥
OATS_WORD_GRAINS_167,Oats,,Oats,Grains,,,,,,,,,,,,,,,,,燕麥
BARLEY_WORD_GRAINS_167,Barley,,Barley,Grains,,,,,,,,,,,,,,,,,大麥
MILLET_WORD_GRAINS_167,Millet,,Millet,Grains,,,,,,,,,,,,,,,,,小米
RYE_WORD_GRAINS_167,Rye,,Rye,Grains,,,,,,,,,,,,,,,,,黑麥
KELP_WORD_SEA_LIFE_168,Kelp,,Kelp,Sea life,,,,,,,,,,,,,,,,,海帶
ALGAE_WORD_SEA_LIFE_168,Algae,,Algae,Sea life,,,,,,,,,,,,,,,,,藻類
SEAGRASS_WORD_SEA_LIFE_168,Seagrass,,Seagrass,Sea life,,,,,,,,,,,,,,,,,海草
WAKAME_WORD_SEA_LIFE_168,Wakame,,Wakame,Sea life,,,,,,,,,,,,,,,,,裙帶菜
DECODE_WORD_CIPHER_169,Decode,,Decode,Cipher,Décoder,Entschlüsseln,Descifrar,Decifrar,ถอดรหัส,Dekode,Decoderen,復号,Decifrare,Odszyfrować,Çözmek,Расшифровать,Decodifica,解碼,Afkode,Декодувати,解码
ENCODE_WORD_CIPHER_169,Encode,,Encode,Cipher,Encoder,Kodieren,Codificar,Codificar,เข้ารหัส,Enkode,Coderen,暗号化,Codificare,Zaszyfrować,Şifrelemek,Зашифровать,Codifica,編碼,Kode,Кодувати,编码
KEYWORD_WORD_CIPHER_169,Keyword,,Keyword,Cipher,Mot-clé,Kennwort,Clave,Palavra-chave,คำสำคัญ,Kata kunci,Sleutelwoord,キーワード,Parola chiave,Słowo kluczowe,Anahtar kelime,Ключевое слово,Cuvânt cheie,密鑰,Nøgleord,Ключове слово,密钥
PASSWORD_WORD_CIPHER_169,Password,,Password,Cipher,Mot de passe,Passwort,Contraseña,Senha,รหัสผ่าน,Kata sandi,Wachtwoord,パスワード,Password,Hasło,Şifre,Пароль,Parolă,口令,Adgangskode,Пароль,口令
CARNIVAL_WORD_EVENTS_170,Carnival,,Carnival,Events,,,,,,,,,,,,,,,,,嘉年華
FAIR_WORD_EVENTS_170,Fair,,Fair,Events,,,,,,,,,,,,,,,,,博覽會
FIESTA_WORD_EVENTS_170,Fiesta,,Fiesta,Events,,,,,,,,,,,,,,,,,慶典
PARADE_WORD_EVENTS_170,Parade,,Parade,Events,,,,,,,,,,,,,,,,,遊行
HARMONY_WORD_SYMPHONY_171,Harmony,,Harmony,Symphony,Harmonie,Harmonie,Armonía,Harmonia,ฮาร์โมนี,Harmoni,Harmonie,ハーモニー,Armonia,Harmonia,Armoni,Гармония,Armonie,和聲,Harmoni,Гармонія,和声
OVERTURE_WORD_SYMPHONY_171,Overture,,Overture,Symphony,Ouverture,Ouvertüre,Obertura,Abertura,โอเวอร์เจอร์,Overtur,Ouverture,序曲,Ouverture,Uwertura,Uvertür,Увертюра,Uvertură,序曲,Ouverture,Увертюра,序曲
MELODY_WORD_SYMPHONY_171,Melody,,Melody,Symphony,Mélodie,Melodie,Melodía,Melodia,ท่วงทำนอง,Melodi,Melodie,メロディー,Melodia,Melodia,Melodi,Мелодия,Melodie,旋律,Melodi,Мелодія,旋律
PHOTO_WORD_ARTWORKS_172,Photo,,Photo,Artworks,Photo,Foto,Foto,Foto,ภาพถ่าย,Foto,Foto,写真,Foto,Zdjęcie,Fotoğraf,Фото,Fotografie,攝影,Foto,Фото,摄影
DRAWING_WORD_ARTWORKS_172,Drawing,,Drawing,Artworks,Dessin,Zeichnung,Dibujo,Desenho,ภาพวาด,Gambar,Tekenen,デッサン,Disegno,Rysunek,Çizim,Рисунок,Desen,素描,Tegning,Малюнок,素描
PAINTING_WORD_ARTWORKS_172,Painting,,Painting,Artworks,Peinture,Gemälde,Pintura,Pintura,จิตรกรรม,Lukisan,Schilderij,絵画,Dipinto,Obraz,Tablo,Картина,Pictură,繪畫,Maleri,Картина,绘画
ELF_WORD_CREATURE_173,Elf,,Elf,Creature,,,,,,,,,,,,,,,,,精靈
PHOENIX_WORD_CREATURE_173,Phoenix,,Phoenix,Creature,,,,,,,,,,,,,,,,,鳳凰
PEGASUS_WORD_CREATURE_173,Pegasus,,Pegasus,Creature,,,,,,,,,,,,,,,,,天馬
GRIFFIN_WORD_CREATURE_173,Griffin,,Griffin,Creature,,,,,,,,,,,,,,,,,獅鷲
HYDRA_WORD_CREATURE_173,Hydra,,Hydra,Creature,,,,,,,,,,,,,,,,,九頭蛇
DWARF_WORD_CREATURE_173,Dwarf,,Dwarf,Creature,,,,,,,,,,,,,,,,,矮人
DRAGON_WORD_CREATURE_173,Dragon,,Dragon,Creature,,,,,,,,,,,,,,,,,龍
UNICORN_WORD_CREATURE_173,Unicorn,,Unicorn,Creature,,,,,,,,,,,,,,,,,獨角獸
SIMILE_WORD_SPEECH_174,Simile,,Simile,Speech,,,,,,,,,,,,,,,,,明喻
OXYMORON_WORD_SPEECH_174,Oxymoron,,Oxymoron,Speech,,,,,,,,,,,,,,,,,矛盾修辭法
METAPHOR_WORD_SPEECH_174,Metaphor,,Metaphor,Speech,,,,,,,,,,,,,,,,,隱喻
PARADOX_WORD_SPEECH_174,Paradox,,Paradox,Speech,,,,,,,,,,,,,,,,,悖論
ANAPHORA_WORD_SPEECH_174,Anaphora,,Anaphora,Speech,,,,,,,,,,,,,,,,,回指
ZEUGMA_WORD_SPEECH_174,Zeugma,,Zeugma,Speech,,,,,,,,,,,,,,,,,軛式搭配法
ALLUSION_WORD_SPEECH_174,Allusion,,Allusion,Speech,,,,,,,,,,,,,,,,,典故
ALLEGORY_WORD_SPEECH_174,Allegory,,Allegory,Speech,,,,,,,,,,,,,,,,,寓言
HAMMER_WORD_AUCTION_175,Hammer,,Hammer,Auction,Marteau,Hammer,Martillo,Martelo,ค้อน,Palu,Hamer,ハンマー,Martello,Młotek,Çekiç,Молоток,Ciocan,拍賣槌,Hammer,Молот,拍卖槌
LOT_WORD_AUCTION_175,Lot,,Lot,Auction,Lot,Los,Lote,Lote,ล็อต,Lot,Kavel,出品,Lotto,Lot,Lot,Лот,Lot,拍賣品,Lod,Лот,拍卖品
BID_WORD_AUCTION_175,Bid,,Bid,Auction,Enchère,Gebot,Puja,Lance,ประมูล,Tawaran,Bod,入札,Offerta,Oferta,Teklif,Ставка,Ofertă,競標,Bud,Ставка,竞标
PRICE_WORD_AUCTION_175,Price,,Price,Auction,Prix,Preis,Precio,Preço,ราคา,Harga,Prijs,価格,Prezzo,Cena,Fiyat,Цена,Preț,價格,Pris,Ціна,价格
CATALOG_WORD_AUCTION_175,Catalog,,Catalog,Auction,Catalogue,Katalog,Catálogo,Catálogo,แค็ตตาล็อก,Katalog,Catalogus,カタログ,Catalogo,Katalog,Katalog,Каталог,Catalog,目錄,Katalog,Каталог,目录
BIDDER_WORD_AUCTION_175,Bidder,,Bidder,Auction,Enchérisseur,Bieter,Postor,Licitante,ผู้ประมูล,Penawar,Bieder,入札者,Offerente,Licytant,Teklif veren,Покупатель,Ofertant,競標者,Budgiver,Учасник торгів,竞标者
TRIUMPH_WORD_ACHIEVE_176,Triumph,,Triumph,Achieve,Triomphe,Triumph,Triunfo,Triunfo,ชัยชนะ,Keunggulan,Triomf,凱旋,Trionfo,Triumf,Galip,Триумф,Triumf,勝利,Triumf,Тріумф,胜利
VICTORY_WORD_ACHIEVE_176,Victory,,Victory,Achieve,Victoire,Sieg,Conquista,Vitória,มีชัย,Kejayaan,Overwinning,大勝利,Conquista,Wygrana,Galibiyet,Выигрыш,Izbândă,大捷,Sejr,Виграш,大捷
MERIT_WORD_ACHIEVE_176,Merit,,Merit,Achieve,,,,,,,,,,,,,,,,,功績
SUCCESS_WORD_ACHIEVE_176,Success,,Success,Achieve,Succès,Erfolg,Éxito,Sucesso,ความสำเร็จ,Sukses,Succes,成功,Successo,Sukces,Başarı,Успех,Succes,成功,Succes,Успіх,成功
WIN_WORD_ACHIEVE_176,Win,,Win,Achieve,,,,,,,,,,,,,,,,,得勝
FEAT_WORD_ACHIEVE_176,Feat,,Feat,Achieve,,,,,,,,,,,,,,,,,壯舉
VINEGAR_WORD_SOUR_177,Vinegar,,Vinegar,Sour,,,,,,,,,,,,,,,,,醋
PICKLE_WORD_SOUR_177,Pickle,,Pickle,Sour,,,,,,,,,,,,,,,,,醃菜
TAMARIND_WORD_SOUR_177,Tamarind,,Tamarind,Sour,,,,,,,,,,,,,,,,,酸豆
KIMCHI_WORD_SOUR_177,Kimchi,,Kimchi,Sour,,,,,,,,,,,,,,,,,泡菜
HANGERS_WORD_ARRANGE_178,Hangers,,Hangers,Arrange,,,,,,,,,,,,,,,,,衣架
SHELVES_WORD_ARRANGE_178,Shelves,,Shelves,Arrange,,,,,,,,,,,,,,,,,架子
DRAWERS_WORD_ARRANGE_178,Drawers,,Drawers,Arrange,,,,,,,,,,,,,,,,,抽屜
CLOTHES_WORD_ARRANGE_178,Clothes,,Clothes,Arrange,,,,,,,,,,,,,,,,,衣物
EXCELSA_WORD_BEANS_179,Excelsa,,Excelsa,Beans,Excelsa,Excelsa,Excelsa,Excelsa,เอ็กเซลซ่า,Excelsa,Excelsa,エクセルサ,Excelsa,Excelsa,Excelsa,Эксцельса,Excelsa,依索沙,Excelsa,Ексцельза,依索沙
ROBUSTA_WORD_BEANS_179,Robusta,,Robusta,Beans,Robusta,Robusta,Robusta,Robusta,โรบัสตา,Robusta,Robusta,ロブスタ,Robusta,Robusta,Robusta,Робуста,Robusta,羅布斯塔,Robusta,Робуста,罗布斯塔
LIBERICA_WORD_BEANS_179,Liberica,,Liberica,Beans,Liberica,Liberica,Liberica,Liberica,ลิเบอริกา,Liberica,Liberica,リベリカ,Liberica,Liberica,Liberica,Либерика,Liberica,賴比瑞卡,Liberica,Ліберіка,赖比瑞卡
ARABICA_WORD_BEANS_179,Arabica,,Arabica,Beans,Arabica,Arabica,Arabica,Arabica,อาราบิกา,Arabika,Arabica,アラビカ,Arabica,Arabica,Arabica,Арабика,Arabica,阿拉比卡,Arabica,Арабіка,阿拉比卡
CHAIN_WORD_BICYCLE_180,Chain,,Chain,Bicycle,,,,,,,,,,,,,,,,,鏈條
SADDLE_WORD_BICYCLE_180,Saddle,,Saddle,Bicycle,,,,,,,,,,,,,,,,,坐墊
TIRES_WORD_BICYCLE_180,Tires,,Tires,Bicycle,,,,,,,,,,,,,,,,,輪胎
PEDALS_WORD_BICYCLE_180,Pedals,,Pedals,Bicycle,,,,,,,,,,,,,,,,,踏板
WHEELS_WORD_BICYCLE_180,Wheels,,Wheels,Bicycle,,,,,,,,,,,,,,,,,車輪
SPOKES_WORD_BICYCLE_180,Spokes,,Spokes,Bicycle,,,,,,,,,,,,,,,,,輻條
GRIPS_WORD_BICYCLE_180,Grips,,Grips,Bicycle,,,,,,,,,,,,,,,,,把手
FORK_WORD_BICYCLE_180,Fork,,Fork,Bicycle,,,,,,,,,,,,,,,,,前叉
ARGON_WORD_GASES_181,Argon,,Argon,Gases,,,,,,,,,,,,,,,,,氬氣
HELIUM_WORD_GASES_181,Helium,,Helium,Gases,,,,,,,,,,,,,,,,,氦氣
KRYPTON_WORD_GASES_181,Krypton,,Krypton,Gases,,,,,,,,,,,,,,,,,氪氣
NEON_WORD_GASES_181,Neon,,Neon,Gases,,,,,,,,,,,,,,,,,氖氣
RADON_WORD_GASES_181,Radon,,Radon,Gases,,,,,,,,,,,,,,,,,氡氣
XENON_WORD_GASES_181,Xenon,,Xenon,Gases,,,,,,,,,,,,,,,,,氙氣
METHANE_WORD_GASES_181,Methane,,Methane,Gases,Méthane,Methan,Metano,Metano,มีเทน,Metana,Methaan,メタン,Metano,Metan,Metan,Метан,Metan,甲烷,Metan,Метан,甲烷
BUTANE_WORD_GASES_181,Butane,,Butane,Gases,Butane,Butan,Butano,Butano,บิวเทน,Butana,Butaan,ブタン,Butano,Butan,Bütan,Бутан,Butan,丁烷,Butan,Бутан,丁烷
HULL_WORD_BOAT_182,Hull,,Hull,Boat,,,,,,,,,,,,,,,,,船體
MAST_WORD_BOAT_182,Mast,,Mast,Boat,,,,,,,,,,,,,,,,,桅桿
KEEL_WORD_BOAT_182,Keel,,Keel,Boat,,,,,,,,,,,,,,,,,龍骨
DECK_WORD_BOAT_182,Deck,,Deck,Boat,,,,,,,,,,,,,,,,,甲板
SAIL_WORD_BOAT_182,Sail,,Sail,Boat,,,,,,,,,,,,,,,,,帆
STERN_WORD_BOAT_182,Stern,,Stern,Boat,,,,,,,,,,,,,,,,,船尾
LYSOSOME_WORD_BIOLOGY_183,Lysosome,,Lysosome,Biology,,,,,,,,,,,,,,,,,溶酶體
PROTEIN_WORD_BIOLOGY_183,Protein,,Protein,Biology,,,,,,,,,,,,,,,,,蛋白質
RIBOSOME_WORD_BIOLOGY_183,Ribosome,,Ribosome,Biology,,,,,,,,,,,,,,,,,核糖體
ENZYME_WORD_BIOLOGY_183,Enzyme,,Enzyme,Biology,,,,,,,,,,,,,,,,,酶
CELL_WORD_BIOLOGY_183,Cell,,Cell,Biology,,,,,,,,,,,,,,,,,細胞
GENE_WORD_BIOLOGY_183,Gene,,Gene,Biology,Gène,Gen,Gen,Gene,ยีน,Gen,Gen,遺伝子,Gene,Gen,Gen,Ген,Genă,基因,Gen,Ген,基因
BANK_WORD_FINANCE_184,Bank,,Bank,Finance,Banque,Bank,Banco,Banco,ธนาคาร,Bank,Bank,銀行,Banca,Bank,Banka,Банк,Bancă,銀行,Bank,Банк,银行
INCOME_WORD_FINANCE_184,Income,,Income,Finance,Revenu,Einkommen,Ingreso,Renda,รายได้,Pendapatan,Inkomen,収入,Reddito,Dochód,Gelir,Доход,Venit,收入,Indkomst,Дохід,收入
EXPENSE_WORD_FINANCE_184,Expense,,Expense,Finance,Dépense,Ausgabe,Gasto,Despesa,รายจ่าย,Pengeluaran,Kosten,支出,Spesa,Wydatek,Gider,Расход,Cheltuială,支出,Udgift,Витрати,支出
MONEY_WORD_FINANCE_184,Money,,Money,Finance,Argent,Geld,Dinero,Dinheiro,เงิน,Uang,Geld,お金,Denaro,Pieniądze,Para,Деньги,Bani,金錢,Penge,Гроші,金钱
KINGDOM_WORD_MEDIEVAL_185,Kingdom,,Kingdom,Medieval,Royaume,Königreich,Reino,Reino,อาณาจักร,Kerajaan,Koninkrijk,王国,Regno,Królestwo,Krallık,Королевство,Regat,王國,Kongerige,Королівство,王国
LORD_WORD_MEDIEVAL_185,Lord,,Lord,Medieval,Seigneur,Herr,Señor,Senhor,ขุนนาง,Tuan,Lord,領主,Signore,Pan,Lord,Лорд,Lord,領主,Herre,Лорд,领主
KNIGHT_WORD_MEDIEVAL_185,Knight,,Knight,Medieval,Chevalier,Ritter,Caballero,Cavaleiro,อัศวิน,Ksatria,Ridder,騎士,Cavaliere,Rycerz,Şövalye,Рыцарь,Cavaler,騎士,Ridder,Лицар,骑士
CASTLE_WORD_MEDIEVAL_185,Castle,,Castle,Medieval,Château,Burg,Castillo,Castelo,ปราสาท,Kastil,Kasteel,城,Castello,Zamek,Kale,Замок,Castel,城堡,Slot,Замок,城堡
GLASSES_WORD_OPTICS_186,Glasses,,Glasses,Optics,Lunettes,Brille,Gafas,Óculos,แว่นตา,Kacamata,Bril,メガネ,Occhiali,Okulary,Gözlük,Очки,Ochelari,眼鏡,Briller,Окуляри,眼镜
LENS_WORD_OPTICS_186,Lens,,Lens,Optics,Lentille,Linse,Lente,Lente,เลนส์,Lensa,Lens,レンズ,Obiettivo,Obiektyw,Lens,Объектив,Lentilă,鏡頭,Objektiv,Об'єктив,镜头
MONOCLE_WORD_OPTICS_186,Monocle,,Monocle,Optics,Monocle,Monokel,Monóculo,Monóculo,โมโนเคิล,Monokel,Monocle,モノクル,Monocolo,Monokl,Monoküler,Монокль,Monoclu,單片眼鏡,Monokel,Монокль,单片眼镜
SPYGLASS_WORD_OPTICS_186,Spyglass,,Spyglass,Optics,Longue-vue,Fernrohr,Catalejo,Luneta,กล้องส่องทางไกล,Teropong,Verrekijker,望遠鏡,Cannocchiale,Luneta,Dürbün,Подзорная труба,Lunetă,望遠鏡,Kikkert,Підзорна труба,望远镜
PLAYPEN_WORD_TODDLER_187,Playpen,,Playpen,Toddler,Parc,Laufstall,Corralito,Cercadinho,คอกเด็ก,Arena bermain,Box,ベビーサークル,Box,Kojec,Oyun parkı,Манеж,Țarc,嬰兒圍欄,Kravlegård,Манеж,婴儿围栏
NAP_TIME_WORD_TODDLER_187,Nap time,,Nap time,Toddler,Sieste,Schlafenszeit,Siesta,Soneca,เวลานอนกลางวัน,Tidur siang,Dutje,お昼寝,Pisolino,Drzemka,Uyku vakti,Тихий час,Somnuleț,午睡時間,Lurtid,Час дрімоти,午睡时间
PACIFIER_WORD_TODDLER_187,Pacifier,,Pacifier,Toddler,Tétine,Schnuller,Chupete,Chupeta,จุกนมหลอก,Dot,Fopspeen,おしゃぶり,Ciuccio,Smoczek,Emzik,Пустышка,Suzetă,安撫奶嘴,Sut,Соска,安抚奶嘴
AIDA_WORD_OPERAS_188,Aida,,Aida,Operas,,,,,,,,,,,,,,,,,阿依達
CARMEN_WORD_OPERAS_188,Carmen,,Carmen,Operas,,,,,,,,,,,,,,,,,卡門
FAUST_WORD_OPERAS_188,Faust,,Faust,Operas,,,,,,,,,,,,,,,,,浮士德
TURANDOT_WORD_OPERAS_188,Turandot,,Turandot,Operas,,,,,,,,,,,,,,,,,杜蘭朵
OTELLO_WORD_OPERAS_188,Otello,,Otello,Operas,,,,,,,,,,,,,,,,,奧賽羅
WOZZECK_WORD_OPERAS_188,Wozzeck,,Wozzeck,Operas,,,,,,,,,,,,,,,,,伍采克
TOSCA_WORD_OPERAS_188,Tosca,,Tosca,Operas,,,,,,,,,,,,,,,,,托斯卡
FIDELIO_WORD_OPERAS_188,Fidelio,,Fidelio,Operas,,,,,,,,,,,,,,,,,費德里歐
BREEZE_WORD_WIND_189,Breeze,,Breeze,Wind,Brise,Brise,Brisa,Brisa,สายลม,Angin sepoi,Bries,潮風,Brezza,Bryza,Esinti,Бриз,Briză,微風,Brise,Бриз,微风
CHINOOK_WORD_WIND_189,Chinook,,Chinook,Wind,,,,,,,,,,,,,,,,,奇努克風
GALE_WORD_WIND_189,Gale,,Gale,Wind,,,,,,,,,,,,,,,,,狂風
GUST_WORD_WIND_189,Gust,,Gust,Wind,,,,,,,,,,,,,,,,,陣風
MISTRAL_WORD_WIND_189,Mistral,,Mistral,Wind,,,,,,,,,,,,,,,,,密史脫拉風
SIROCCO_WORD_WIND_189,Sirocco,,Sirocco,Wind,,,,,,,,,,,,,,,,,西洛可風
SQUALL_WORD_WIND_189,Squall,,Squall,Wind,,,,,,,,,,,,,,,,,暴風
ZEPHYR_WORD_WIND_189,Zephyr,,Zephyr,Wind,,,,,,,,,,,,,,,,,和風
CAPRINE_WORD_FAMILIES_190,Caprine,,Caprine,Families,Caprin,Ziege,Caprino,Caprino,ตระกูลแพะ,Kaprin,Geit,ヤギ科,Caprino,Kozie,Keçigil,Козьи,Capră,山羊科,Ged,Козячий,山羊科
OVINE_WORD_FAMILIES_190,Ovine,,Ovine,Families,Ovin,Ovin,Ovino,Ovino,ตระกูลแกะ,Ovin,Schaap,ヒツジ科,Ovino,Owcze,Koyungil,Овечьи,Oaie,綿羊科,Fåre-,Овечий,绵羊科
FELINE_WORD_FAMILIES_190,Feline,,Feline,Families,Félin,Katzenartig,Felino,Felino,ตระกูลแมว,Kucing,Katachtige,ネコ科,Felino,Kocie,Kedigil,Кошачьи,Felină,貓科,Kat,Котячий,猫科
EQUINE_WORD_FAMILIES_190,Equine,,Equine,Families,Équin,Equin,Equino,Equino,ตระกูลม้า,Kuda,Paard,ウマ科,Equino,Końskie,Atgil,Лошадиные,Cal,馬科,Hest,Кінний,马科
CANINE_WORD_FAMILIES_190,Canine,,Canine,Families,Canin,Hund,Canino,Canino,ตระกูลสุนัข,Anjing,Hond,イヌ科,Canino,Psie,Köpekgil,Собачьи,Câine,犬科,Hund,Пес,犬科
MURINE_WORD_FAMILIES_190,Murine,,Murine,Families,Murin,Murin,Murino,Murino,ตระกูลหนู,Tikus,Muis,ネズミ科,Murino,Mysie,Faregil,Мышиные,Șoarece,鼠科,Murin,Мишачий,鼠科
PORCINE_WORD_FAMILIES_190,Porcine,,Porcine,Families,Porcin,Porcin,Porcino,Porcino,ตระกูลหมู,Babi,Varken,ブタ科,Suino,Świńskie,Domuzgil,Свиные,Porc,豬科,Svine-,Свинячий,猪科
BOVINE_WORD_FAMILIES_190,Bovine,,Bovine,Families,Bovin,Rind,Bovino,Bovino,ตระกูลวัว,Sapi,Rund,ウシ科,Bovino,Bydlęce,Sığırgil,Бычьи,Bovină,牛科,Kvæg,Бик,牛科
MANICURE_WORD_SPA_191,Manicure,,Manicure,Spa,,,,,,,,,,,,,,,,,美甲
MASSAGE_WORD_SPA_191,Massage,,Massage,Spa,,,,,,,,,,,,,,,,,按摩
PEDICURE_WORD_SPA_191,Pedicure,,Pedicure,Spa,,,,,,,,,,,,,,,,,足部護理
PEELING_WORD_SPA_191,Peeling,,Peeling,Spa,,,,,,,,,,,,,,,,,去角質
WAXING_WORD_SPA_191,Waxing,,Waxing,Spa,,,,,,,,,,,,,,,,,脫毛
WELLNESS_WORD_SPA_191,Wellness,,Wellness,Spa,,,,,,,,,,,,,,,,,身心鬆弛
SAUNA_WORD_SPA_191,Sauna,,Sauna,Spa,,,,,,,,,,,,,,,,,三溫暖
BEAUTY_WORD_SPA_191,Beauty,,Beauty,Spa,,,,,,,,,,,,,,,,,美容
ALTAIR_WORD_STARS_192,Altair,,Altair,Stars,Altaïr,Altair,Altair,Altair,ดาวอัลแทร์,Altair,Altaïr,アルタイル,Altair,Altair,Altair,Альтаир,Altair,牛郎星,Altair,Альтаїр,牛郎星
POLARIS_WORD_STARS_192,Polaris,,Polaris,Stars,Polaris,Polarstern,Polar,Polar,ดาวเหนือ,Polaris,Polaris,ポラリス,Polaris,Polaris,Kutup Yıldızı,Полярная,Polaris,北極星,Polaris,Полярна зірка,北极星
SIRIUS_WORD_STARS_192,Sirius,,Sirius,Stars,Sirius,Sirius,Sirius,Sirius,ดาวซิริอุส,Sirius,Sirius,シリウス,Sirio,Syriusz,Sirius,Сириус,Sirius,天狼星,Sirius,Сіріус,天狼星
VEGA_WORD_STARS_192,Vega,,Vega,Stars,Véga,Wega,Vega,Vega,ดาวเวกา,Vega,Vega,ベガ,Vega,Wega,Vega,Вега,Vega,織女星,Vega,Вега,织女星
RIGEL_WORD_STARS_192,Rigel,,Rigel,Stars,Rigel,Rigel,Rigel,Rigel,ดาวไรเจล,Rigel,Rigel,リゲル,Rigel,Rigel,Rigel,Ригель,Rigel,參宿七,Rigel,Рігель,参宿七
ALKAID_WORD_STARS_192,Alkaid,,Alkaid,Stars,Alkaid,Alkaid,Alkaid,Alkaid,ดาวอัลคาอิด,Alkaid,Alkaid,アルカイド,Alkaid,Alkaid,Alkaid,Алькаид,Alkaid,搖光星,Alkaid,Алькаїд,摇光星
NEURAL_WORD_AI_193,Neural,,Neural,AI,Neuronal,Neuronal,Neuronal,Neural,นิวรอล,Neural,Neuraal,ニューラル,Neurale,Neuronowy,Sinirsel,Нейронный,Neural,神經網路,Neural,Нейронний,神经网络
DATASET_WORD_AI_193,Dataset,,Dataset,AI,Jeu de données,Datensatz,Conjunto datos,Conjunto dados,ชุดข้อมูล,Dataset,Dataset,データセット,Dataset,Zbiór danych,Veri seti,Датасет,Set de date,資料集,Datasæt,Набір даних,数据集
CHATBOT_WORD_AI_193,Chatbot,,Chatbot,AI,Chatbot,Chatbot,Chatbot,Chatbot,แชตบอต,Chatbot,Chatbot,チャットボット,Chatbot,Chatbot,Sohbet botu,Чат-бот,Chatbot,聊天機器人,Chatbot,Чат-бот,聊天机器人
AGENT_WORD_AI_193,Agent,,Agent,AI,Agent,Agent,Agente,Agente,เอเจนต์,Agen,Agent,エージェント,Agente,Agent,Ajan,Агент,Agent,智慧體,Agent,Агент,智能体
MATRIX_WORD_AI_193,Matrix,,Matrix,AI,,,,,,,,,,,,,,,,,矩陣
CORTEX_WORD_AI_193,Cortex,,Cortex,AI,Cortex,Kortex,Córtex,Córtex,คอร์เท็กซ์,Korteks,Cortex,皮質,Corteccia,Kora,Korteks,Кора,Cortex,皮質,Cortex,Кора,皮质
PAELLA_WORD_DISHES_194,Paella,,Paella,Dishes,Paella,Paella,Paella,Paella,ปาเอย่า,Paella,Paella,パエリア,Paella,Paella,Paella,Паэлья,Paella,西班牙燉飯,Paella,Паелья,西班牙炖饭
MEATLOAF_WORD_DISHES_194,Meatloaf,,Meatloaf,Dishes,,,,,,,,,,,,,,,,,肉餅
GOULASH_WORD_DISHES_194,Goulash,,Goulash,Dishes,,,,,,,,,,,,,,,,,匈牙利燉牛肉
CURRY_WORD_DISHES_194,Curry,,Curry,Dishes,,,,,,,,,,,,,,,,,咖哩
LASAGNA_WORD_DISHES_194,Lasagna,,Lasagna,Dishes,,,,,,,,,,,,,,,,,千層麵
ACTRESS_WORD_SERIES_195,Actress,,Actress,Series,,,,,,,,,,,,,,,,,女演員
EPISODE_WORD_SERIES_195,Episode,,Episode,Series,,,,,,,,,,,,,,,,,單集
FANDOM_WORD_SERIES_195,Fandom,,Fandom,Series,,,,,,,,,,,,,,,,,粉絲群
RECAP_WORD_SERIES_195,Recap,,Recap,Series,,,,,,,,,,,,,,,,,劇情回顧
SEASON_WORD_SERIES_195,Season,,Season,Series,,,,,,,,,,,,,,,,,季度
RIGHT_WORD_ANGLES_196,Right,,Right,Angles,,,,,,,,,,,,,,,,,直角
STRAIGHT_WORD_ANGLES_196,Straight,,Straight,Angles,,,,,,,,,,,,,,,,,平角
ACUTE_WORD_ANGLES_196,Acute,,Acute,Angles,,,,,,,,,,,,,,,,,銳角
OBTUSE_WORD_ANGLES_196,Obtuse,,Obtuse,Angles,,,,,,,,,,,,,,,,,鈍角
REGION_WORD_DIVISION_197,Region,,Region,Division,Région,Region,Región,Região,ภูมิภาค,Daerah,Gebied,地域,Regione,Region,Bölge,Регион,Zonă,地區,Region,Регіон,地区
COUNTRY_WORD_DIVISION_197,Country,,Country,Division,Pays,Land,País,País,ประเทศ,Negara,Land,国,Paese,Kraj,Ülke,Страна,Țară,國家,Land,Країна,国家
STATE_WORD_DIVISION_197,State,,State,Division,État,Staat,Estado,Estado,รัฐ,Negara bagian,Staat,州,Stato,Stan,Eyalet,Штат,Stat,州,Stat,Держава,州
CITY_WORD_DIVISION_197,City,,City,Division,Ville,Stadt,Ciudad,Cidade,เมือง,Kota,Stad,都市,Città,Miasto,Şehir,Город,Oraș,城市,By,Місто,城市
JOURNAL_WORD_READ_198,Journal,,Journal,Read,,,,,,,,,,,,,,,,,期刊
ARTICLE_WORD_READ_198,Article,,Article,Read,,,,,,,,,,,,,,,,,文章
MAGAZINE_WORD_READ_198,Magazine,,Magazine,Read,,,,,,,,,,,,,,,,,雜誌
BROCHURE_WORD_READ_198,Brochure,,Brochure,Read,,,,,,,,,,,,,,,,,小冊子
DIALOGUE_WORD_SPEAK_199,Dialogue,,Dialogue,Speak,Dialogue,Dialog,Diálogo,Diálogo,บทสนทนา,Dialog,Dialoog,対話,Dialogo,Dialog,Diyalog,Диалог,Dialog,對話,Dialog,Діалог,对话
DEBATE_WORD_SPEAK_199,Debate,,Debate,Speak,Débat,Debatte,Debate,Debate,อภิปราย,Debat,Debat,討論,Dibattito,Debata,Tartışma,Дебаты,Dezbatere,辯論,Debat,Дебати,辩论
ARGUMENT_WORD_SPEAK_199,Argument,,Argument,Speak,Argument,Argument,Argumento,Argumento,ข้อโต้แย้ง,Argumen,Argument,議論,Argomento,Spór,Münakaşa,Спор,Argument,爭論,Argument,Аргумент,争论
PORK_WORD_BBQ_200,Pork,,Pork,BBQ,,,,,,,,,,,,,,,,,豬肉
SKEWERS_WORD_BBQ_200,Skewers,,Skewers,BBQ,,,,,,,,,,,,,,,,,串籤
CHICKEN_WORD_BBQ_200,Chicken,,Chicken,BBQ,,,,,,,,,,,,,,,,,雞肉
STEAK_WORD_BBQ_200,Steak,,Steak,BBQ,,,,,,,,,,,,,,,,,牛排
RIBS_WORD_BBQ_200,Ribs,,Ribs,BBQ,,,,,,,,,,,,,,,,,排骨
MARINADE_WORD_BBQ_200,Marinade,,Marinade,BBQ,,,,,,,,,,,,,,,,,醃料
BRISKET_WORD_BBQ_200,Brisket,,Brisket,BBQ,,,,,,,,,,,,,,,,,牛腩
CHARCOAL_WORD_BBQ_200,Charcoal,,Charcoal,BBQ,,,,,,,,,,,,,,,,,木炭
TXT_WORD_FILE_201,TXT,,TXT,File,,,,,,,,,,,,,,,,,TXT
PDF_WORD_FILE_201,PDF,,PDF,File,,,,,,,,,,,,,,,,,PDF
CSV_WORD_FILE_201,CSV,,CSV,File,,,,,,,,,,,,,,,,,CSV
HTML_WORD_FILE_201,HTML,,HTML,File,,,,,,,,,,,,,,,,,HTML
JPEG_WORD_FILE_201,JPEG,,JPEG,File,,,,,,,,,,,,,,,,,JPEG
PNG_WORD_FILE_201,PNG,,PNG,File,,,,,,,,,,,,,,,,,PNG
GIF_WORD_FILE_201,GIF,,GIF,File,,,,,,,,,,,,,,,,,GIF
DOCX_WORD_FILE_201,DOCX,,DOCX,File,,,,,,,,,,,,,,,,,DOCX
SPRAIN_WORD_INJURIES_202,Sprain,,Sprain,Injuries,Entorse,Verstauchung,Esguince,Entorse,เคล็ด,Keseleo,Verstuiking,捻挫,Distorsione,Skręcenie,Burkulma,Растяжение,Entorsă,扭傷,Forstuvning,Розтягнення,扭伤
FRACTURE_WORD_INJURIES_202,Fracture,,Fracture,Injuries,Fracture,Fraktur,Fractura,Fratura,กระดูกหัก,Patah tulang,Breuk,骨折,Frattura,Złamanie,Kırık,Перелом,Fractură,骨折,Brud,Перелом,骨折
BRUISE_WORD_INJURIES_202,Bruise,,Bruise,Injuries,Bleu,Prellung,Moretón,Hematoma,ฟกช้ำ,Memar,Kneuzing,打撲,Livido,Siniak,Çürük,Ушиб,Vânătaie,瘀傷,Blåt mærke,Синець,瘀伤
WOUND_WORD_INJURIES_202,Wound,,Wound,Injuries,Blessure,Wunde,Herida,Ferida,บาดแผล,Luka,Wond,傷,Ferita,Rana,Yara,Рана,Rană,傷口,Sår,Рана,伤口
SORCERER_WORD_MAGICIAN_203,Sorcerer,,Sorcerer,Magician,,,,,,,,,,,,,,,,,術士
WIZARD_WORD_MAGICIAN_203,Wizard,,Wizard,Magician,,,,,,,,,,,,,,,,,巫師
WITCH_WORD_MAGICIAN_203,Witch,,Witch,Magician,,,,,,,,,,,,,,,,,女巫
HEADACHE_WORD_FLU_204,Headache,,Headache,Flu,Migraine,Kopfschmerz,Dolor cabeza,Dor de cabeça,ปวดหัว,Sakit kepala,Hoofdpijn,頭痛,Mal di testa,Ból głowy,Baş ağrısı,Головная боль,Durere de cap,頭痛,Hovedpine,Головний біль,头痛
PILLS_WORD_FLU_204,Pills,,Pills,Flu,Pilules,Pillen,Pastillas,Pílulas,ยาเม็ด,Pil,Pillen,薬,Pillole,Tabletki,Haplar,Таблетки,Pastile,藥丸,Piller,Пігулки,药丸
COUGH_WORD_FLU_204,Cough,,Cough,Flu,Toux,Husten,Tos,Tosse,ไอ,Batuk,Hoest,咳,Tosse,Kaszel,Öksürük,Кашель,Tuse,咳嗽,Hoste,Кашель,咳嗽
OUTBREAK_WORD_ZOMBIES_205,Outbreak,,Outbreak,Zombies,,,,,,,,,,,,,,,,,爆發
BITE_WORD_ZOMBIES_205,Bite,,Bite,Zombies,,,,,,,,,,,,,,,,,咬噬
HORDE_WORD_ZOMBIES_205,Horde,,Horde,Zombies,,,,,,,,,,,,,,,,,殭屍大群
UNDEAD_WORD_ZOMBIES_205,Undead,,Undead,Zombies,,,,,,,,,,,,,,,,,不死者
MUTATION_WORD_ZOMBIES_205,Mutation,,Mutation,Zombies,,,,,,,,,,,,,,,,,突變
VIRUS_WORD_ZOMBIES_205,Virus,,Virus,Zombies,,,,,,,,,,,,,,,,,病毒
SURVIVOR_WORD_ZOMBIES_205,Survivor,,Survivor,Zombies,,,,,,,,,,,,,,,,,倖存者
WALKERS_WORD_ZOMBIES_205,Walkers,,Walkers,Zombies,,,,,,,,,,,,,,,,,行屍
GYPSUM_WORD_MINERALS_206,Gypsum,,Gypsum,Minerals,Gypse,Gips,Yeso,Gesso,ยิปซัม,Gipsum,Gips,石膏,Gesso,Gips,Alçıtaşı,Гипс,Ghips,石膏,Gips,Гіпс,石膏
CALCITE_WORD_MINERALS_206,Calcite,,Calcite,Minerals,Calcite,Calcit,Calcita,Calcita,แคลไซต์,Kalsit,Calciet,方解石,Calcite,Kalcyt,Kalsit,Кальцит,Calcit,方解石,Kalkspat,Кальцит,方解石
AZURITE_WORD_MINERALS_206,Azurite,,Azurite,Minerals,Azurite,Azurit,Azurita,Azurita,อะซูไรต์,Azurit,Azuriet,藍銅鉱,Azzurrite,Azuryt,Azurit,Азурит,Azurit,藍銅礦,Azurit,Азурит,蓝铜矿
MICA_WORD_MINERALS_206,Mica,,Mica,Minerals,Mica,Glimmer,Mica,Mica,ไมกา,Mika,Mica,雲母,Mica,Mika,Mika,Слюда,Mică,雲母,Glimmer,Слюда,云母
MARBLE_WORD_MINERALS_206,Marble,,Marble,Minerals,Marbre,Marmor,Mármol,Mármore,หินอ่อน,Marmer,Marmer,大理石,Marmo,Marmur,Mermer,Мрамор,Marmură,大理石,Marmor,Мармур,大理石
QUARTZ_WORD_MINERALS_206,Quartz,,Quartz,Minerals,Quartz,Quarz,Cuarzo,Quartzo,ควอตซ์,Kuarsa,Kwarts,石英,Quarzo,Kwarc,Kuvars,Кварц,Cuarț,石英,Kvarts,Кварц,石英
LIME_WORD_MINERALS_206,Lime,,Lime,Minerals,Citron vert,Limette,Lima,Lima,มะนาว,Jeruk nipis,Limoen,ライム,Lime,Limonka,Misket limonu,Лайм,Limetă,萊姆,Lime,Лайм,莱姆
BERYL_WORD_MINERALS_206,Beryl,,Beryl,Minerals,Béryl,Beryll,Berilo,Berilo,เบริล,Beril,Beryl,緑柱石,Berillo,Beryl,Beril,Берилл,Beril,綠柱石,Beryl,Берил,绿柱石
RAIN_WORD_UMBRELLA_207,Rain,,Rain,Umbrella,,,,,,,,,,,,,,,,,雨
DRIZZLE_WORD_UMBRELLA_207,Drizzle,,Drizzle,Umbrella,,,,,,,,,,,,,,,,,毛毛雨
DOWNPOUR_WORD_UMBRELLA_207,Downpour,,Downpour,Umbrella,,,,,,,,,,,,,,,,,傾盆大雨
RAINFALL_WORD_UMBRELLA_207,Rainfall,,Rainfall,Umbrella,,,,,,,,,,,,,,,,,降雨
SHOWER_WORD_UMBRELLA_207,Shower,,Shower,Umbrella,,,,,,,,,,,,,,,,,陣雨
RAINDROP_WORD_UMBRELLA_207,Raindrop,,Raindrop,Umbrella,,,,,,,,,,,,,,,,,雨滴
DECAY_WORD_RADIATE_208,Decay,,Decay,Radiate,Décroissance,Zerfall,Decaimiento,Decaimento,การสลายตัว,Peluruhan,Verval,崩壊,Decadimento,Rozpad,Bozunma,Распад,Dezintegrare,衰變,Henfald,Розпад,衰变
FALLOUT_WORD_RADIATE_208,Fallout,,Fallout,Radiate,Retombées,Fallout,Lluvia radiact.,Precipitação,กัมมันตภาพตกค้าง,Jatuhan,Fallout,放射性降下物,Fallout,Opad,Serpinti,Осадки,Căderi radioactive,輻射塵,Nedfald,Опади,辐射尘
CURIE_WORD_RADIATE_208,Curie,,Curie,Radiate,Curie,Curie,Curie,Curie,คูรี,Curie,Curie,キュリー,Curie,Curie,Curie,Кюри,Curie,居里,Curie,Кюрі,居里
X_RAYS_WORD_RADIATE_208,X-rays,,X-rays,Radiate,Rayons X,Röntgen,Rayos X,Raios X,เอ็กซ์เรย์,Sinar-X,Röntgenstralen,X線,Raggi X,Prześwietlenie,Röntgen,Рентген,Raze X,X光,Røntgen,Рентген,X光
ALARM_WORD_WARNING_209,Alarm,,Alarm,Warning,,,,,,,,,,,,,,,,,警報
SIREN_WORD_WARNING_209,Siren,,Siren,Warning,,,,,,,,,,,,,,,,,警笛
WHISTLE_WORD_WARNING_209,Whistle,,Whistle,Warning,,,,,,,,,,,,,,,,,哨聲
KLAXON_WORD_WARNING_209,Klaxon,,Klaxon,Warning,,,,,,,,,,,,,,,,,高音喇叭
GLUCAGON_WORD_HORMONES_210,Glucagon,,Glucagon,Hormones,Glucagon,Glucagon,Glucagón,Glucagon,กลูคากอน,Glukagon,Glucagon,グルカゴン,Glucagone,Glukagon,Glukagon,Глюкагон,Glucagon,升糖素,Glukagon,Глюкагон,升糖素
CORTISOL_WORD_HORMONES_210,Cortisol,,Cortisol,Hormones,Cortisol,Cortisol,Cortisol,Cortisol,คอร์ติซอล,Kortisol,Cortisol,コルチゾール,Cortisolo,Kortyzol,Kortizol,Кортизол,Cortizol,皮質醇,Kortisol,Кортизол,皮质醇
INSULIN_WORD_HORMONES_210,Insulin,,Insulin,Hormones,Insuline,Insulin,Insulina,Insulina,อินซูลิน,Insulin,Insuline,インスリン,Insulina,Insulina,İnsülin,Инсулин,Insulină,胰島素,Insulin,Інсулін,胰岛素
GASTRIN_WORD_HORMONES_210,Gastrin,,Gastrin,Hormones,Gastrine,Gastrin,Gastrina,Gastrina,แกสตริน,Gastrin,Gastrine,ガストリン,Gastrina,Gastryna,Gastrin,Гастрин,Gastrină,胃泌素,Gastrin,Гастрин,胃泌素
IRIS_WORD_EYE_211,Iris,,Iris,Eye,Iris,Iris,Iris,Íris,ม่านตา,Iris,Iris,虹彩,Iride,Tęczówka,İris,Радужка,Iris,虹膜,Iris,Ірис,虹膜
PUPIL_WORD_EYE_211,Pupil,,Pupil,Eye,Pupille,Pupille,Pupila,Pupila,รูม่านตา,Pupil,Pupil,瞳孔,Pupilla,Źrenica,Göz bebeği,Зрачок,Pupilă,瞳孔,Elev,Учень,瞳孔
RETINA_WORD_EYE_211,Retina,,Retina,Eye,Rétine,Netzhaut,Retina,Retina,จอประสาทตา,Retina,Netvlies,網膜,Retina,Siatkówka,Retina,Сетчатка,Retină,視網膜,Nethinde,Сітківка,视网膜
DIG_WORD_SHOVEL_212,Dig,,Dig,Shovel,Creuser,Graben,Cavar,Cavar,ขุด,Gali,Graven,掘る,Scavare,Kopać,Kazmak,Копать,Săpătură,挖掘,Grave,Копати,挖掘
EXCAVATE_WORD_SHOVEL_212,Excavate,,Excavate,Shovel,Excaver,Ausgraben,Excavar,Escavar,ขุดค้น,Ekskavasi,Uitgraven,発掘,Escavare,Wykopać,Kazı yapmak,Раскапывать,Excava,開挖,Udgrave,Розкопки,开挖
UNEARTH_WORD_SHOVEL_212,Unearth,,Unearth,Shovel,Déterrer,Freilegen,Desenterrar,Desenterrar,ค้นพบ,Bongkar,Opgraven,出土,Dissotterrare,Odkopać,Çıkarmak,Откопать,Dezgropa,發掘,Opgrave,Розкопати,发掘
LINOLEUM_WORD_FLOORING_213,Linoleum,,Linoleum,Flooring,,,,,,,,,,,,,,,,,亞麻地板
BAMBOO_WORD_FLOORING_213,Bamboo,,Bamboo,Flooring,,,,,,,,,,,,,,,,,竹地板
HARDWOOD_WORD_FLOORING_213,Hardwood,,Hardwood,Flooring,,,,,,,,,,,,,,,,,實木地板
LAMINATE_WORD_FLOORING_213,Laminate,,Laminate,Flooring,,,,,,,,,,,,,,,,,超耐磨木地板
TILE_WORD_FLOORING_213,Tile,,Tile,Flooring,,,,,,,,,,,,,,,,,瓷磚地板
PARQUET_WORD_FLOORING_213,Parquet,,Parquet,Flooring,,,,,,,,,,,,,,,,,鑲木地板
CORK_WORD_FLOORING_213,Cork,,Cork,Flooring,,,,,,,,,,,,,,,,,軟木地板
VINYL_WORD_FLOORING_213,Vinyl,,Vinyl,Flooring,,,,,,,,,,,,,,,,,塑膠地板
ALNICO_WORD_ALLOY_214,Alnico,,Alnico,Alloy,Alnico,Alnico,Alnico,Alnico,อัลนิโค,Alnico,Alnico,アルニコ,Alnico,Alnico,Alnico,Альнико,Alnico,鋁鎳鈷,Alnico,Альніко,铝镍钴
AMALGAM_WORD_ALLOY_214,Amalgam,,Amalgam,Alloy,Amalgame,Amalgam,Amalgama,Amálgama,อะมัลกัม,Amalgam,Amalgaam,アマルガム,Amalgama,Amalgamat,Amalgam,Амальгама,Amalgam,汞合金,Amalgam,Амальгама,汞合金
BRASS_WORD_ALLOY_214,Brass,,Brass,Alloy,Laiton,Messing,Latón,Latão,ทองเหลือง,Kuningan,Messing,真鍮,Ottone,Mosiądz,Pirinç,Латунь,Alamă,黃銅,Messing,Латунь,黄铜
BRONZE_WORD_ALLOY_214,Bronze,,Bronze,Alloy,Bronze,Bronze,Bronce,Bronze,ทองสัมฤทธิ์,Perunggu,Brons,青銅,Bronzo,Brąz,Bronz,Бронза,Bronz,青銅,Bronze,Бронза,青铜
NICHROME_WORD_ALLOY_214,Nichrome,,Nichrome,Alloy,Nichrome,Nichrom,Nicromo,Nicromo,นิโครม,Nikrom,Nichroom,ニクロム,Nicromo,Nichrom,Nikrom,Нихром,Nicrom,鎳鉻合金,Nikrom,Ніхром,镍铬合金
TUNGSTEN_WORD_ALLOY_214,Tungsten,,Tungsten,Alloy,,,,,,,,,,,,,,,,,鎢
NITINOL_WORD_ALLOY_214,Nitinol,,Nitinol,Alloy,Nitinol,Nitinol,Nitinol,Nitinol,ไนทินอล,Nitinol,Nitinol,ニチノール,Nitinol,Nitinol,Nitinol,Нитинол,Nitinol,鎳鈦合金,Nitinol,Нітинол,镍钛合金
STELLITE_WORD_ALLOY_214,Stellite,,Stellite,Alloy,Stellite,Stellite,Stellite,Stellite,สเตลไลต์,Stellite,Stelliet,ステライト,Stellite,Stellit,Stellit,Стеллит,Stelit,司太立,Stellit,Стеліт,司太立
RAKE_WORD_ROADWORK_215,Rake,,Rake,Roadwork,,,,,,,,,,,,,,,,,耙子
BITUMEN_WORD_ROADWORK_215,Bitumen,,Bitumen,Roadwork,,,,,,,,,,,,,,,,,瀝青
SAND_WORD_ROADWORK_215,Sand,,Sand,Roadwork,Sable,Sand,Arena,Areia,ทราย,Pasir,Zand,砂浜,Sabbia,Piasek,Kum,Песок,Nisip,沙,Sand,Пісок,沙
CONCRETE_WORD_ROADWORK_215,Concrete,,Concrete,Roadwork,,,,,,,,,,,,,,,,,混凝土
SIDEWALK_WORD_ROADWORK_215,Sidewalk,,Sidewalk,Roadwork,,,,,,,,,,,,,,,,,人行道
GRINDER_WORD_ROADWORK_215,Grinder,,Grinder,Roadwork,,,,,,,,,,,,,,,,,研磨機
INHALE_WORD_LUNGS_216,Inhale,,Inhale,Lungs,,,,,,,,,,,,,,,,,吸氣
BRONCHI_WORD_LUNGS_216,Bronchi,,Bronchi,Lungs,,,,,,,,,,,,,,,,,支氣管
TRACHEA_WORD_LUNGS_216,Trachea,,Trachea,Lungs,,,,,,,,,,,,,,,,,氣管
EXHALE_WORD_LUNGS_216,Exhale,,Exhale,Lungs,,,,,,,,,,,,,,,,,呼氣
TAIL_WORD_MAMMOTH_217,Tail,,Tail,Mammoth,,,,,,,,,,,,,,,,,尾巴
FUR_WORD_MAMMOTH_217,Fur,,Fur,Mammoth,,,,,,,,,,,,,,,,,毛皮
TRUNK_WORD_MAMMOTH_217,Trunk,,Trunk,Mammoth,,,,,,,,,,,,,,,,,象鼻
TUSKS_WORD_MAMMOTH_217,Tusks,,Tusks,Mammoth,,,,,,,,,,,,,,,,,長牙
ARCH_WORD_FINGER_218,Arch,,Arch,Finger,,,,,,,,,,,,,,,,,拱紋
LOOP_WORD_FINGER_218,Loop,,Loop,Finger,,,,,,,,,,,,,,,,,環紋
WHORL_WORD_FINGER_218,Whorl,,Whorl,Finger,,,,,,,,,,,,,,,,,渦紋
FURROW_WORD_FINGER_218,Furrow,,Furrow,Finger,,,,,,,,,,,,,,,,,溝紋
DIWALI_WORD_FESTIVAL_219,Diwali,,Diwali,Festival,Diwali,Diwali,Diwali,Diwali,ดีวาลี,Diwali,Diwali,ディワリ,Diwali,Diwali,Diwali,Дивали,Diwali,排燈節,Diwali,Дівалі,排灯节
HOLI_WORD_FESTIVAL_219,Holi,,Holi,Festival,Holi,Holi,Holi,Holi,โฮลี,Holi,Holi,ホーリー,Holi,Holi,Holi,Холи,Holi,荷麗節,Holi,Холі,荷丽节
SONGKRAN_WORD_FESTIVAL_219,Songkran,,Songkran,Festival,Songkran,Songkran,Songkran,Songkran,สงกรานต์,Songkran,Songkran,ソンクラーン,Songkran,Songkran,Songkran,Сонгкран,Songkran,潑水節,Songkran,Сонгкран,泼水节
THUNDER_WORD_METEO_220,Thunder,,Thunder,Meteo,,,,,,,,,,,,,,,,,雷
HEATWAVE_WORD_METEO_220,Heatwave,,Heatwave,Meteo,,,,,,,,,,,,,,,,,熱浪
BLIZZARD_WORD_METEO_220,Blizzard,,Blizzard,Meteo,,,,,,,,,,,,,,,,,暴風雪
THULIUM_WORD_METAL_221,Thulium,,Thulium,Metal,Thulium,Thulium,Tulio,Túlio,ทูเลียม,Tulium,Thulium,ツリウム,Tulio,Tul,Tulyum,Тулий,Tuliu,銩,Thulium,Тулій,铥
HOLMIUM_WORD_METAL_221,Holmium,,Holmium,Metal,Holmium,Holmium,Holmio,Hólmio,โฮลเมียม,Holmium,Holmium,ホルミウム,Olmio,Holm,Holmiyum,Гольмий,Holmiu,鈥,Holmium,Гольмій,钬
IRIDIUM_WORD_METAL_221,Iridium,,Iridium,Metal,Iridium,Iridium,Iridio,Irídio,อิริเดียม,Iridium,Iridium,イリジウム,Iridio,Iryd,İridyum,Иридий,Iridiu,銥,Iridium,Іридій,铱
RHODIUM_WORD_METAL_221,Rhodium,,Rhodium,Metal,Rhodium,Rhodium,Rodio,Ródio,โรเดียม,Rodium,Rhodium,ロジウム,Rodio,Rod,Rodyum,Родий,Rodiu,銠,Rhodium,Родій,铑
YTTRIUM_WORD_METAL_221,Yttrium,,Yttrium,Metal,Yttrium,Yttrium,Itrio,Ítrio,อิตเทรียม,Itrium,Yttrium,イットリウム,Ittrio,Itr,İtriyum,Иттрий,Ytriu,釔,Yttrium,Ітрій,钇
LUTETIUM_WORD_METAL_221,Lutetium,,Lutetium,Metal,Lutécium,Lutetium,Lutecio,Lutécio,ลูทีเชียม,Lutetium,Lutetium,ルテチウム,Lutezio,Lutet,Lutesyum,Лютеций,Lutețiu,鎦,Lutetium,Лютецій,镥
EUROPIUM_WORD_METAL_221,Europium,,Europium,Metal,Europium,Europium,Europio,Európio,ยูโรเพียม,Europium,Europium,ユウロピウム,Europio,Europ,Öropiyum,Европий,Europiu,銪,Europium,Європій,铕
ERBIUM_WORD_METAL_221,Erbium,,Erbium,Metal,Erbium,Erbium,Erbio,Érbio,เออร์เบียม,Erbium,Erbium,エルビウム,Erbio,Erb,Erbiyum,Эрбий,Erbiu,鉺,Erbium,Ербій,铒
SPA_WORD_RELAX_222,Spa,,Spa,Relax,,,,,,,,,,,,,,,,,水療
BATH_WORD_RELAX_222,Bath,,Bath,Relax,,,,,,,,,,,,,,,,,泡澡
HAMMAM_WORD_RELAX_222,Hammam,,Hammam,Relax,,,,,,,,,,,,,,,,,土耳其浴
JACUZZI_WORD_RELAX_222,Jacuzzi,,Jacuzzi,Relax,,,,,,,,,,,,,,,,,按摩浴缸
UNWIND_WORD_RELAX_222,Unwind,,Unwind,Relax,,,,,,,,,,,,,,,,,解壓
BREATHE_WORD_RELAX_222,Breathe,,Breathe,Relax,,,,,,,,,,,,,,,,,呼吸
STRETCH_WORD_RELAX_222,Stretch,,Stretch,Relax,,,,,,,,,,,,,,,,,伸展
RECLINE_WORD_RELAX_222,Recline,,Recline,Relax,,,,,,,,,,,,,,,,,斜躺
NEIGHBOR_WORD_RELATION_223,Neighbor,,Neighbor,Relation,,,,,,,,,,,,,,,,,鄰居
SPOUSE_WORD_RELATION_223,Spouse,,Spouse,Relation,,,,,,,,,,,,,,,,,配偶
FAMILY_WORD_RELATION_223,Family,,Family,Relation,,,,,,,,,,,,,,,,,家庭
PARTNER_WORD_RELATION_223,Partner,,Partner,Relation,,,,,,,,,,,,,,,,,伴侶
FRIEND_WORD_RELATION_223,Friend,,Friend,Relation,,,,,,,,,,,,,,,,,朋友
RELATIVE_WORD_RELATION_223,Relative,,Relative,Relation,,,,,,,,,,,,,,,,,親戚
INSIGNIA_WORD_ARTIFACT_224,Insignia,,Insignia,Artifact,Insigne,Insignie,Insignia,Insígnia,เครื่องหมาย,Lencana,Insigne,記章,Insegna,Insygnia,Nişan,Инсигния,Insignă,徽章,Insignier,Знаки розрізнення,徽章
RELIC_WORD_ARTIFACT_224,Relic,,Relic,Artifact,Relique,Relikt,Reliquia,Relíquia,วัตถุโบราณ,Relik,Relikwie,聖遺物,Reliquia,Relikwia,Kalıntı,Реликвия,Relicvă,遺物,Relikvie,Реліквія,遗物
SIGIL_WORD_ARTIFACT_224,Sigil,,Sigil,Artifact,Sceau,Siegel,Sigilo,Sigilo,ตราสัญลักษณ์,Sigil,Sigil,印章,Sigillo,Pieczęć,Mühür,Печать,Pecete,符印,Sigil,Сигіл,符印
TOTEM_WORD_ARTIFACT_224,Totem,,Totem,Artifact,Totem,Totem,Tótem,Totem,เสาโทเทม,Totem,Totem,トーテム,Totem,Totem,Totem,Тотем,Totem,圖騰,Totem,Тотем,图腾
AMULET_WORD_ARTIFACT_224,Amulet,,Amulet,Artifact,Amulette,Amulett,Amuleto,Amuleto,เครื่องราง,Jimat,Amulet,お守り,Amuleto,Amulet,Muska,Амулет,Amuletă,護身符,Amulet,Амулет,护身符
VASE_WORD_ARTIFACT_224,Vase,,Vase,Artifact,Vase,Vase,Jarrón,Vaso,แจกัน,Vas,Vaas,花瓶,Vaso,Waza,Vazo,Ваза,Vază,花瓶,Vase,Ваза,花瓶
GUARD_WORD_DEFENSE_225,Guard,,Guard,Defense,Garde,Wache,Guardia,Guarda,ยาม,Penjaga,Bewaker,警備員,Guardia,Strażnik,Muhafız,Охрана,Gardă,警衛,Vagt,Вартовий,警卫
CCTV_WORD_DEFENSE_225,CCTV,,CCTV,Defense,Vidéosurv.,Überwachung,CCTV,CCTV,กล้องวงจรปิด,CCTV,Bewakingscamera,監視カメラ,CCTV,Monitoring,Güvenlik kamerası,Видеонаблюдение,Cameră supraveghere,監視器,CCTV,CCTV,监视器
SECURITY_WORD_DEFENSE_225,Security,,Security,Defense,Sécurité,Sicherheit,Seguridad,Segurança,ความปลอดภัย,Keamanan,Beveiliging,セキュリティ,Sicurezza,Ochrona,Güvenlik,Безопасность,Securitate,保全,Sikkerhed,Безпека,保全
PATROL_WORD_DEFENSE_225,Patrol,,Patrol,Defense,Patrouille,Patrouille,Patrulla,Patrulha,ลาดตระเวน,Patroli,Patrouille,パトロール,Pattuglia,Patrol,Devriye,Патруль,Patrulă,巡邏,Patrulje,Патруль,巡逻
THROAT_WORD_ENT_226,Throat,,Throat,ENT,,,,,,,,,,,,,,,,,喉嚨
SINUSES_WORD_ENT_226,Sinuses,,Sinuses,ENT,,,,,,,,,,,,,,,,,鼻竇
TONSILS_WORD_ENT_226,Tonsils,,Tonsils,ENT,,,,,,,,,,,,,,,,,扁桃體
ADENOIDS_WORD_ENT_226,Adenoids,,Adenoids,ENT,,,,,,,,,,,,,,,,,腺樣體
YORK_WORD_NEW_227,York,,York,New,,,,,,,,,,,,,,,,,約克
YEAR_WORD_NEW_227,Year,,Year,New,,,,,,,,,,,,,,,,,年
JERSEY_WORD_NEW_227,Jersey,,Jersey,New,,,,,,,,,,,,,,,,,澤西
MEXICO_WORD_NEW_227,Mexico,,Mexico,New,,,,,,,,,,,,,,,,,墨西哥
UFO_WORD_ALIEN_228,UFO,,UFO,Alien,,,,,,,,,,,,,,,,,不明飛行物
MARTIAN_WORD_ALIEN_228,Martian,,Martian,Alien,,,,,,,,,,,,,,,,,火星人
LIFEFORM_WORD_ALIEN_228,Lifeform,,Lifeform,Alien,,,,,,,,,,,,,,,,,生命體
ATOM_WORD_PARTICLE_229,Atom,,Atom,Particle,Atome,Atom,Átomo,Átomo,อะตอม,Atom,Atoom,原子,Atomo,Atom,Atom,Атом,Atom,原子,Atom,Атом,原子
ELECTRON_WORD_PARTICLE_229,Electron,,Electron,Particle,Électron,Elektron,Electrón,Elétron,อิเล็กตรอน,Elektron,Elektron,電子,Elettrone,Elektron,Elektron,Электрон,Electron,電子,Elektron,Електрон,电子
NEUTRON_WORD_PARTICLE_229,Neutron,,Neutron,Particle,Neutron,Neutron,Neutrón,Nêutron,นิวตรอน,Neutron,Neutron,中性子,Neutrone,Neutron,Nötron,Нейтрон,Neutron,中子,Neutron,Нейтрон,中子
LAKE_WORD_SWIM_230,Lake,,Lake,Swim,,,,,,,,,,,,,,,,,湖泊
POND_WORD_SWIM_230,Pond,,Pond,Swim,,,,,,,,,,,,,,,,,池塘
RIVER_WORD_SWIM_230,River,,River,Swim,,,,,,,,,,,,,,,,,河流
OCEAN_WORD_SWIM_230,Ocean,,Ocean,Swim,,,,,,,,,,,,,,,,,大海
SEA_WORD_SWIM_230,Sea,,Sea,Swim,,,,,,,,,,,,,,,,,海洋
POOL_WORD_SWIM_230,Pool,,Pool,Swim,,,,,,,,,,,,,,,,,水池
GOGGLES_WORD_SWIM_230,Goggles,,Goggles,Swim,,,,,,,,,,,,,,,,,泳鏡
CAP_WORD_SWIM_230,Cap,,Cap,Swim,,,,,,,,,,,,,,,,,泳帽
ALANINE_WORD_AMINO_231,Alanine,,Alanine,Amino,,,,,,,,,,,,,,,,,丙胺酸
GLYCINE_WORD_AMINO_231,Glycine,,Glycine,Amino,,,,,,,,,,,,,,,,,甘胺酸
LEUCINE_WORD_AMINO_231,Leucine,,Leucine,Amino,,,,,,,,,,,,,,,,,白胺酸
LYSINE_WORD_AMINO_231,Lysine,,Lysine,Amino,,,,,,,,,,,,,,,,,離胺酸
TAURINE_WORD_AMINO_231,Taurine,,Taurine,Amino,,,,,,,,,,,,,,,,,牛磺酸
TYROSINE_WORD_AMINO_231,Tyrosine,,Tyrosine,Amino,,,,,,,,,,,,,,,,,酪胺酸
CYSTEINE_WORD_AMINO_231,Cysteine,,Cysteine,Amino,,,,,,,,,,,,,,,,,半胱胺酸
VALINE_WORD_AMINO_231,Valine,,Valine,Amino,,,,,,,,,,,,,,,,,纈胺酸
PRODUCER_WORD_BAND_232,Producer,,Producer,Band,,,,,,,,,,,,,,,,,製作人
DRUMMER_WORD_BAND_232,Drummer,,Drummer,Band,,,,,,,,,,,,,,,,,鼓手
VOCALIST_WORD_BAND_232,Vocalist,,Vocalist,Band,,,,,,,,,,,,,,,,,主唱
BASSIST_WORD_BAND_232,Bassist,,Bassist,Band,,,,,,,,,,,,,,,,,貝斯手
COMPOSER_WORD_BAND_232,Composer,,Composer,Band,,,,,,,,,,,,,,,,,作曲家
PIANIST_WORD_BAND_232,Pianist,,Pianist,Band,,,,,,,,,,,,,,,,,鋼琴手
RECORD_WORD_BAND_232,Record,,Record,Band,,,,,,,,,,,,,,,,,唱片
ALBUM_WORD_BAND_232,Album,,Album,Band,,,,,,,,,,,,,,,,,專輯
MOSQUE_WORD_WORSHIP_233,Mosque,,Mosque,Worship,,,,,,,,,,,,,,,,,清真寺
TEMPLE_WORD_WORSHIP_233,Temple,,Temple,Worship,,,,,,,,,,,,,,,,,寺廟
CHURCH_WORD_WORSHIP_233,Church,,Church,Worship,,,,,,,,,,,,,,,,,教堂
ABBEY_WORD_WORSHIP_233,Abbey,,Abbey,Worship,,,,,,,,,,,,,,,,,修道院
CHAPEL_WORD_WORSHIP_233,Chapel,,Chapel,Worship,,,,,,,,,,,,,,,,,小聖堂
SHRINE_WORD_WORSHIP_233,Shrine,,Shrine,Worship,,,,,,,,,,,,,,,,,神社
HARLEM_WORD_NEW_YORK_234,Harlem,,Harlem,New York,Harlem,Harlem,Harlem,Harlem,ฮาร์เลม,Harlem,Harlem,ハーレム,Harlem,Harlem,Harlem,Гарлем,Harlem,哈林,Harlem,Гарлем,哈林
SOHO_WORD_NEW_YORK_234,Soho,,Soho,New York,Soho,Soho,Soho,Soho,โซโห,Soho,Soho,ソーホー,Soho,Soho,Soho,Сохо,Soho,蘇活,Soho,Сохо,苏活
TRIBECA_WORD_NEW_YORK_234,Tribeca,,Tribeca,New York,Tribeca,Tribeca,Tribeca,Tribeca,ไทรเบกา,Tribeca,Tribeca,トライベッカ,Tribeca,Tribeca,Tribeca,Трайбека,Tribeca,翠貝卡,Tribeca,Трайбека,翠贝卡
ASTORIA_WORD_NEW_YORK_234,Astoria,,Astoria,New York,Astoria,Astoria,Astoria,Astoria,แอสทอเรีย,Astoria,Astoria,アストリア,Astoria,Astoria,Astoria,Астория,Astoria,阿斯托利亞,Astoria,Асторія,阿斯托利亚
BRONX_WORD_NEW_YORK_234,Bronx,,Bronx,New York,Bronx,Bronx,Bronx,Bronx,บรองซ์,Bronx,Bronx,ブロンクス,Bronx,Bronx,Bronx,Бронкс,Bronx,布朗克斯,Bronx,Бронкс,布朗克斯
QUEENS_WORD_NEW_YORK_234,Queens,,Queens,New York,Queens,Queens,Queens,Queens,ควีนส์,Queens,Queens,クイーンズ,Queens,Queens,Queens,Куинс,Queens,皇后區,Queens,Квінз,皇后区
FRUITY_WORD_ODORS_235,Fruity,,Fruity,Odors,,,,,,,,,,,,,,,,,果香
MUSKY_WORD_ODORS_235,Musky,,Musky,Odors,,,,,,,,,,,,,,,,,麝香
MINTY_WORD_ODORS_235,Minty,,Minty,Odors,,,,,,,,,,,,,,,,,薄荷香
CITRUSY_WORD_ODORS_235,Citrusy,,Citrusy,Odors,,,,,,,,,,,,,,,,,柑橘香
WOODY_WORD_ODORS_235,Woody,,Woody,Odors,,,,,,,,,,,,,,,,,木質香
RESINOUS_WORD_ODORS_235,Resinous,,Resinous,Odors,,,,,,,,,,,,,,,,,樹脂香
BARISTA_WORD_CAFE_236,Barista,,Barista,Cafe,,,,,,,,,,,,,,,,,咖啡師
MENU_WORD_CAFE_236,Menu,,Menu,Cafe,,,,,,,,,,,,,,,,,菜單
PASTRY_WORD_CAFE_236,Pastry,,Pastry,Cafe,,,,,,,,,,,,,,,,,糕點
MEALS_WORD_CAFE_236,Meals,,Meals,Cafe,,,,,,,,,,,,,,,,,餐點
DRINKS_WORD_CAFE_236,Drinks,,Drinks,Cafe,,,,,,,,,,,,,,,,,飲料
FABLE_WORD_LEGENDS_237,Fable,,Fable,Legends,Fable,Fabel,Fábula,Fábula,นิทาน,Fabel,Fabel,寓話,Favola,Bajka,Fabl,Басня,Fabulă,寓言,Fabel,Байка,寓言
SAGA_WORD_LEGENDS_237,Saga,,Saga,Legends,Saga,Saga,Saga,Saga,มหากาพย์,Saga,Saga,サガ,Saga,Saga,Destan,Сага,Saga,傳奇,Saga,Сага,传奇
TALE_WORD_LEGENDS_237,Tale,,Tale,Legends,Conte,Märchen,Cuento,Conto,เรื่องเล่า,Dongeng,Verhaal,物語,Racconto,Baśń,Masal,Сказка,Poveste,故事,Eventyr,Казка,故事
EPIC_WORD_LEGENDS_237,Epic,,Epic,Legends,Épopée,Epos,Épica,Épico,วีรคาถา,Epik,Epos,叙事詩,Epica,Epos,Epik,Эпос,Epopee,史詩,Epos,Епос,史诗
MYTH_WORD_LEGENDS_237,Myth,,Myth,Legends,Mythe,Mythos,Mito,Mito,นิทานปรัมปรา,Mitos,Mythe,神話,Mito,Mit,Efsane,Миф,Mit,神話,Myte,Міф,神话
STOP_WORD_PAUSE_238,Stop,,Stop,Pause,,,,,,,,,,,,,,,,,停止
BREAK_WORD_PAUSE_238,Break,,Break,Pause,,,,,,,,,,,,,,,,,休息
HOLD_WORD_PAUSE_238,Hold,,Hold,Pause,,,,,,,,,,,,,,,,,保持
HALT_WORD_PAUSE_238,Halt,,Halt,Pause,,,,,,,,,,,,,,,,,中止
DRAG_WORD_MOUSE_239,Drag,,Drag,Mouse,,,,,,,,,,,,,,,,,拖動
DROP_WORD_MOUSE_239,Drop,,Drop,Mouse,,,,,,,,,,,,,,,,,放置
SCROLL_WORD_MOUSE_239,Scroll,,Scroll,Mouse,,,,,,,,,,,,,,,,,捲動
CLICK_WORD_MOUSE_239,Click,,Click,Mouse,,,,,,,,,,,,,,,,,點擊
EGYPT_WORD_MUMMY_240,Egypt,,Egypt,Mummy,,,,,,,,,,,,,,,,,埃及
PYRAMID_WORD_MUMMY_240,Pyramid,,Pyramid,Mummy,Pyramide,Pyramide,Pirámide,Pirâmide,พีระมิด,Piramida,Piramide,ピラミッド,Piramide,Piramida,Piramit,Пирамида,Piramidă,金字塔,Pyramide,Піраміда,金字塔
TOMB_WORD_MUMMY_240,Tomb,,Tomb,Mummy,,,,,,,,,,,,,,,,,墳墓
PHARAOH_WORD_MUMMY_240,Pharaoh,,Pharaoh,Mummy,Pharaon,Pharao,Faraón,Faraó,ฟาโรห์,Firaun,Farao,ファラオ,Faraone,Faraon,Firavun,Фараон,Faraon,法老,Farao,Фараон,法老
HI_WORD_HELLO_241,Hi,,Hi,Hello,Salut,Hi,¡Ey!,Oi,หวัดดี,Hai,Hoi,やあ,Salve,Siema,Naber,Хай,Bună,嗨,Hej,Привіт,嗨
HOWDY_WORD_HELLO_241,Howdy,,Howdy,Hello,Coucou,Na,Qué tal,E aí,ว่าไง,Yo,Howdy,やぁ,Ohilà,Czołem,Selam,Здорово,Howdy,你好啊,Goddag,Здоровенькі,你好啊
HEY_WORD_HELLO_241,Hey,,Hey,Hello,Hé,Hey,Oye,Ei,เฮ้,Hei,Hé,ねえ,Ehi,Hej,Hey,Эй,Hei,嘿,Hejsa,Гей,嘿
DEGREE_WORD_PHD_242,Degree,,Degree,PhD,Diplôme,Abschluss,Título,Diploma,ปริญญา,Gelar,Graad,学位,Laurea,Stopień,Derece,Степень,Diplomă,學位,Grad,Градус,学位
THESIS_WORD_PHD_242,Thesis,,Thesis,PhD,Thèse,These,Tesis,Tese,วิทยานิพนธ์,Tesis,Scriptie,論文,Tesi,Praca doktorska,Tez,Диссертация,Teză,論文,Afhandling,Теза,论文
RESEARCH_WORD_PHD_242,Research,,Research,PhD,Recherche,Forschung,Investigación,Pesquisa,วิจัย,Penelitian,Onderzoek,研究,Ricerca,Badania,Araştırma,Исследование,Cercetare,研究,Forskning,Дослідження,研究
YIELD_WORD_SIGNPOST_243,Yield,,Yield,Signpost,,,,,,,,,,,,,,,,,讓行
DISTANCE_WORD_SIGNPOST_243,Distance,,Distance,Signpost,,,,,,,,,,,,,,,,,距離
COURSE_WORD_SIGNPOST_243,Course,,Course,Signpost,,,,,,,,,,,,,,,,,航線
PATH_WORD_SIGNPOST_243,Path,,Path,Signpost,,,,,,,,,,,,,,,,,路徑
ROUTE_WORD_SIGNPOST_243,Route,,Route,Signpost,,,,,,,,,,,,,,,,,路線
ARROW_WORD_SIGNPOST_243,Arrow,,Arrow,Signpost,,,,,,,,,,,,,,,,,箭頭
NO_ENTRY_WORD_SIGNPOST_243,No entry,,No entry,Signpost,,,,,,,,,,,,,,,,,禁止進入
LANE_WORD_SIGNPOST_243,Lane,,Lane,Signpost,,,,,,,,,,,,,,,,,車道
NEW_WORD_MOON_244,New,,New,Moon,,,,,,,,,,,,,,,,,新月
CRESCENT_WORD_MOON_244,Crescent,,Crescent,Moon,,,,,,,,,,,,,,,,,弦月
FULL_WORD_MOON_244,Full,,Full,Moon,,,,,,,,,,,,,,,,,滿月
GIBBOUS_WORD_MOON_244,Gibbous,,Gibbous,Moon,,,,,,,,,,,,,,,,,凸月
LEAVES_WORD_FALL_245,Leaves,,Leaves,Fall,,,,,,,,,,,,,,,,,冷氣機
PUMPKIN_WORD_FALL_245,Pumpkin,,Pumpkin,Fall,,,,,,,,,,,,,,,,,冰箱
ACORN_WORD_FALL_245,Acorn,,Acorn,Fall,,,,,,,,,,,,,,,,,洗衣機
HAYRIDE_WORD_FALL_245,Hayride,,Hayride,Fall,,,,,,,,,,,,,,,,,電視機
CONSENT_WORD_OK_SIGN_246,Consent,,Consent,OK sign,Consentement,Zustimmung,Consentimiento,Consentimento,ยินยอม,Izin,Toestemming,同意,Consenso,Aprobata,Onay,Одобрение,Consimțământ,同意,Samtykke,Згода,同意
OKAY_WORD_OK_SIGN_246,Okay,,Okay,OK sign,D'accord,Okay,Vale,Certo,โอเค,Oke,Goed,了解,Ok,Okej,Peki,Ладно,Bine,好的,Okay,Добре,好的
YES_WORD_OK_SIGN_246,Yes,,Yes,OK sign,Oui,Ja,Sí,Sim,ใช่,Ya,Ja,はい,Sì,Tak,Evet,Да,Da,是,Ja,Так,是
BLOW_WORD_FANS_247,Blow,,Blow,Fans,,,,,,,,,,,,,,,,,物理學
WHIRL_WORD_FANS_247,Whirl,,Whirl,Fans,,,,,,,,,,,,,,,,,生物學
ROTATE_WORD_FANS_247,Rotate,,Rotate,Fans,,,,,,,,,,,,,,,,,化學
LEGATO_WORD_MUSIC_248,Legato,,Legato,Music,,,,,,,,,,,,,,,,,連音
OCTAVE_WORD_MUSIC_248,Octave,,Octave,Music,,,,,,,,,,,,,,,,,八度
STACCATO_WORD_MUSIC_248,Staccato,,Staccato,Music,,,,,,,,,,,,,,,,,斷奏
SYMPHONY_WORD_MUSIC_248,Symphony,,Symphony,Music,,,,,,,,,,,,,,,,,交響曲
ADAGIO_WORD_MUSIC_248,Adagio,,Adagio,Music,,,,,,,,,,,,,,,,,慢板
CHORD_WORD_MUSIC_248,Chord,,Chord,Music,,,,,,,,,,,,,,,,,和弦
PITCH_WORD_MUSIC_248,Pitch,,Pitch,Music,Hauteur,Tonhöhe,Tono,Tom,ระดับเสียง,Nada,Toonhoogte,音程,Tono,Wysokość dźwięku,Perde,Тональность,Ton,音高,Bane,Подача,音高
TEMPO_WORD_MUSIC_248,Tempo,,Tempo,Music,,,,,,,,,,,,,,,,,速度
L_WORD_SIZES_249,L,,L,Sizes,,,,,,,,,,,,,,,,,L
XXS_WORD_SIZES_249,XXS,,XXS,Sizes,,,,,,,,,,,,,,,,,XXS
XXXL_WORD_SIZES_249,XXXL,,XXXL,Sizes,,,,,,,,,,,,,,,,,XXXL
S_WORD_SIZES_249,S,,S,Sizes,,,,,,,,,,,,,,,,,S
M_WORD_SIZES_249,M,,M,Sizes,,,,,,,,,,,,,,,,,M
XS_WORD_SIZES_249,XS,,XS,Sizes,,,,,,,,,,,,,,,,,XS
XL_WORD_SIZES_249,XL,,XL,Sizes,,,,,,,,,,,,,,,,,XL
ONE_SIZE_WORD_SIZES_249,One size,,One size,Sizes,,,,,,,,,,,,,,,,,One size
BOX_BAG_WORD_BAGS_250,Box bag,,Box bag,Bags,,,,,,,,,,,,,,,,,方形包
WALLET_WORD_BAGS_250,Wallet,,Wallet,Bags,,,,,,,,,,,,,,,,,錢包
BACKPACK_WORD_BAGS_250,Backpack,,Backpack,Bags,,,,,,,,,,,,,,,,,後背包
MOON_BAG_WORD_BAGS_250,Moon bag,,Moon bag,Bags,,,,,,,,,,,,,,,,,月亮包
HANDBAG_WORD_BAGS_250,Handbag,,Handbag,Bags,,,,,,,,,,,,,,,,,手提包
BELT_BAG_WORD_BAGS_250,Belt bag,,Belt bag,Bags,,,,,,,,,,,,,,,,,腰包
CASHIER_WORD_CHECKOUT_251,Cashier,,Cashier,Checkout,,,,,,,,,,,,,,,,,收銀員
REGISTER_WORD_CHECKOUT_251,Register,,Register,Checkout,,,,,,,,,,,,,,,,,收銀機
BARCODE_WORD_CHECKOUT_251,Barcode,,Barcode,Checkout,,,,,,,,,,,,,,,,,條碼
CUSTOMER_WORD_CHECKOUT_251,Customer,,Customer,Checkout,,,,,,,,,,,,,,,,,顧客
BFF_WORD_SLANG_252,BFF,,BFF,Slang,,,,,,,,,,,,,,,,,麻吉
OMG_WORD_SLANG_252,OMG,,OMG,Slang,,,,,,,,,,,,,,,,,OMG
FLEX_WORD_SLANG_252,Flex,,Flex,Slang,,,,,,,,,,,,,,,,,愛現
CRINGE_WORD_SLANG_252,Cringe,,Cringe,Slang,,,,,,,,,,,,,,,,,尬
SCALES_WORD_JUSTICE_253,Scales,,Scales,Justice,Balance,Waage,Balanza,Balança,ตาชั่ง,Timbangan,Schubben,天秤,Bilancia,Waga,Terazi,Весы,Solzi,天秤,Vægt,Терези,天秤
GAVEL_WORD_JUSTICE_253,Gavel,,Gavel,Justice,Marteau,Hammer,Mazo,Martelo,ค้อนผู้พิพากษา,Palu,Rechtershamer,木槌,Martelletto,Młotek,Tokmak,Молоток,Ciocănel,法槌,Dommerhammer,Молоток,法槌
LAW_WORD_JUSTICE_253,Law,,Law,Justice,Loi,Gesetz,Ley,Lei,กฎหมาย,Hukum,Wet,法律,Legge,Prawo,Hukuk,Закон,Lege,法律,Lov,Закон,法律
COURT_WORD_JUSTICE_253,Court,,Court,Justice,Tribunal,Gericht,Tribunal,Tribunal,ศาล,Pengadilan,Hof,法廷,Tribunale,Sąd,Mahkeme,Суд,Curte,法庭,Hof,Суд,法庭
PORTABLE_WORD_LAPTOP_254,Portable,,Portable,Laptop,,,,,,,,,,,,,,,,,便攜
WIRELESS_WORD_LAPTOP_254,Wireless,,Wireless,Laptop,,,,,,,,,,,,,,,,,無線
FOLDABLE_WORD_LAPTOP_254,Foldable,,Foldable,Laptop,,,,,,,,,,,,,,,,,可摺疊
INMATE_WORD_PRISONER_255,Inmate,,Inmate,Prisoner,Détenu,Häftling,Recluso,Detento,ผู้ต้องขัง,Narapidana,Celgenoot,受刑者,Detenuto,Osadzony,Mahkûm,Арестант,Deținut,收監者,Indsat,Ув'язнений,收监者
FELON_WORD_PRISONER_255,Felon,,Felon,Prisoner,Criminel,Verbrecher,Criminal,Criminoso,ผู้ต้องโทษ,Penjahat,Misdadiger,重罪犯,Criminale,Przestępca,Suçlu,Преступник,Infractor,重犯,Forbryder,Злочинець,重犯
DETAINEE_WORD_PRISONER_255,Detainee,,Detainee,Prisoner,Captif,Inhaftierter,Detenido,Detido,ผู้ถูกคุมขัง,Tawanan,Gedetineerde,被拘禁者,Recluso,Zatrzymany,Tutuklu,Задержанный,Arestat,拘留者,Tilbageholdt,Затриманий,拘留者
WITNESS_WORD_SLEUTH_256,Witness,,Witness,Sleuth,,,,,,,,,,,,,,,,,目擊者
MOTIVE_WORD_SLEUTH_256,Motive,,Motive,Sleuth,,,,,,,,,,,,,,,,,動機
VICTIM_WORD_SLEUTH_256,Victim,,Victim,Sleuth,,,,,,,,,,,,,,,,,受害者
CLUE_WORD_SLEUTH_256,Clue,,Clue,Sleuth,,,,,,,,,,,,,,,,,線索
CRIME_WORD_SLEUTH_256,Crime,,Crime,Sleuth,,,,,,,,,,,,,,,,,犯罪
MYSTERY_WORD_SLEUTH_256,Mystery,,Mystery,Sleuth,,,,,,,,,,,,,,,,,謎團
SUSPECT_WORD_SLEUTH_256,Suspect,,Suspect,Sleuth,,,,,,,,,,,,,,,,,嫌疑人
ALIBI_WORD_SLEUTH_256,Alibi,,Alibi,Sleuth,,,,,,,,,,,,,,,,,不在場證明
METEOR_WORD_SPACE_257,Meteor,,Meteor,Space,Météore,Meteor,Meteoro,Meteoro,ดาวตก,Meteor,Meteoor,流星,Meteora,Meteor,Göktaşı,Метеор,Meteor,流星,Meteor,Метеор,流星
ECLIPSE_WORD_SPACE_257,Eclipse,,Eclipse,Space,Éclipse,Finsternis,Eclipse,Eclipse,สุริยุปราคา,Gerhana,Eclips,日食,Eclissi,Zaćmienie,Tutulma,Затмение,Eclipsă,日蝕,Formørkelse,Затемнення,日蚀
AURORA_WORD_SPACE_257,Aurora,,Aurora,Space,Aurore,Aurora,Aurora,Aurora,แสงเหนือ,Aurora,Aurora,オーロラ,Aurora,Zorza,Kutup ışığı,Сияние,Aurora,極光,Nordlys,Аврора,极光
PULSAR_WORD_SPACE_257,Pulsar,,Pulsar,Space,Pulsar,Pulsar,Púlsar,Pulsar,พัลซาร์,Pulsar,Pulsar,パルサー,Pulsar,Pulsar,Pulsar,Пульсар,Pulsar,脈衝星,Pulsar,Пульсар,脉冲星
QUASAR_WORD_SPACE_257,Quasar,,Quasar,Space,Quasar,Quasar,Quásar,Quasar,เควซาร์,Kuasar,Quasar,クエーサー,Quasar,Kwazar,Kuasar,Квазар,Quasar,類星體,Kvasar,Квазар,类星体
NEBULA_WORD_SPACE_257,Nebula,,Nebula,Space,Nébuleuse,Nebel,Nebulosa,Nebulosa,เนบิวลา,Nebula,Nevelvlek,星雲,Nebulosa,Mgławica,Bulutsu,Туманность,Nebuloasă,星雲,Tåge,Туманність,星云
NOVA_WORD_SPACE_257,Nova,,Nova,Space,Nova,Nova,Nova,Nova,โนวา,Nova,Nova,新星,Nova,Nowa,Nova,Новая,Novă,新星,Nova,Нова,新星
ASTEROID_WORD_SPACE_257,Asteroid,,Asteroid,Space,Astéroïde,Asteroid,Asteroide,Asteroide,ดาวเคราะห์น้อย,Asteroid,Asteroïde,小惑星,Asteroide,Asteroida,Asteroit,Астероид,Asteroid,小行星,Asteroide,Астероїд,小行星
MONK_WORD_RELIGION_258,Monk,,Monk,Religion,,,,,,,,,,,,,,,,,僧侶
PASTOR_WORD_RELIGION_258,Pastor,,Pastor,Religion,,,,,,,,,,,,,,,,,牧師
ABBOT_WORD_RELIGION_258,Abbot,,Abbot,Religion,,,,,,,,,,,,,,,,,修道院院長
CARDINAL_WORD_RELIGION_258,Cardinal,,Cardinal,Religion,,,,,,,,,,,,,,,,,樞機
WORSHIP_WORD_RELIGION_258,Worship,,Worship,Religion,,,,,,,,,,,,,,,,,崇拜
POPE_WORD_RELIGION_258,Pope,,Pope,Religion,,,,,,,,,,,,,,,,,教宗
PRAYER_WORD_RELIGION_258,Prayer,,Prayer,Religion,,,,,,,,,,,,,,,,,祈禱
FAITH_WORD_RELIGION_258,Faith,,Faith,Religion,,,,,,,,,,,,,,,,,信仰
CLAY_WORD_SOIL_259,Clay,,Clay,Soil,,,,,,,,,,,,,,,,,黏土
SANDY_WORD_SOIL_259,Sandy,,Sandy,Soil,,,,,,,,,,,,,,,,,沙質土
SILTY_WORD_SOIL_259,Silty,,Silty,Soil,,,,,,,,,,,,,,,,,粉沙土
LOAMY_WORD_SOIL_259,Loamy,,Loamy,Soil,,,,,,,,,,,,,,,,,壤土
PEATY_WORD_SOIL_259,Peaty,,Peaty,Soil,,,,,,,,,,,,,,,,,泥炭土
CHALKY_WORD_SOIL_259,Chalky,,Chalky,Soil,,,,,,,,,,,,,,,,,石灰土
ROLL_WORD_ROLLER_260,Roll,,Roll,Roller,,,,,,,,,,,,,,,,,滾動
SPREAD_WORD_ROLLER_260,Spread,,Spread,Roller,,,,,,,,,,,,,,,,,塗抹
COVER_WORD_ROLLER_260,Cover,,Cover,Roller,Couverture,Umschlag,Portada,Capa,ปก,Sampul,Kaft,表紙,Copertina,Okładka,Kapak,Обложка,Copertă,封面,Omslag,Обкладинка,封面
PAINT_WORD_ROLLER_260,Paint,,Paint,Roller,,,,,,,,,,,,,,,,,油漆
HUM_WORD_THUNDER_261,Hum,,Hum,Thunder,,,,,,,,,,,,,,,,,嗡嗡聲
ROAR_WORD_THUNDER_261,Roar,,Roar,Thunder,,,,,,,,,,,,,,,,,轟鳴聲
RUMBLE_WORD_THUNDER_261,Rumble,,Rumble,Thunder,,,,,,,,,,,,,,,,,隆隆聲
BOOM_WORD_THUNDER_261,Boom,,Boom,Thunder,,,,,,,,,,,,,,,,,轟隆聲
SECURE_WORD_LOCK_262,Secure,,Secure,Lock,Sécurisé,Sicher,Seguro,Seguro,ปลอดภัย,Aman,Beveiligen,安全,Sicuro,Bezpieczny,Güvenli,Надёжный,Securizare,安全,Sikker,Безпечний,安全
STURDY_WORD_LOCK_262,Sturdy,,Sturdy,Lock,Robuste,Robust,Robusto,Robusto,แข็งแรง,Kokoh,Stevig,頑丈,Robusto,Solidny,Sağlam,Прочный,Robust,堅固,Robust,Міцний,坚固
TRUSTY_WORD_LOCK_262,Trusty,,Trusty,Lock,Fiable,Zuverlässig,Fiable,Confiável,ไว้ใจได้,Andal,Betrouwbaar,信頼,Affidabile,Niezawodny,Güvenilir,Верный,De încredere,可靠,Pålidelig,Надійний,可靠
THIGH_WORD_LEGS_263,Thigh,,Thigh,Legs,Cuisse,Oberschenkel,Muslo,Coxa,ต้นขา,Paha,Dij,太もも,Coscia,Udo,Uyluk,Бедро,Coapsă,大腿,Lår,Стегно,大腿
KNEE_WORD_LEGS_263,Knee,,Knee,Legs,Genou,Knie,Rodilla,Joelho,หัวเข่า,Lutut,Knie,膝,Ginocchio,Kolano,Diz,Колено,Genunchi,膝蓋,Knæ,Коліно,膝盖
ANKLE_WORD_LEGS_263,Ankle,,Ankle,Legs,Cheville,Knöchel,Tobillo,Tornozelo,ข้อเท้า,Pergelangan kaki,Enkel,足首,Caviglia,Kostka,Ayak bileği,Лодыжка,Gleznă,腳踝,Ankel,Щиколотка,脚踝
MAZE_WORD_TEASERS_264,Maze,,Maze,Teasers,,,,,,,,,,,,,,,,,迷宮
PUZZLE_WORD_TEASERS_264,Puzzle,,Puzzle,Teasers,,,,,,,,,,,,,,,,,拼圖
REBUS_WORD_TEASERS_264,Rebus,,Rebus,Teasers,,,,,,,,,,,,,,,,,圖形謎
QUIZ_WORD_TEASERS_264,Quiz,,Quiz,Teasers,,,,,,,,,,,,,,,,,測驗
RIDDLE_WORD_TEASERS_264,Riddle,,Riddle,Teasers,,,,,,,,,,,,,,,,,謎語
ENIGMA_WORD_TEASERS_264,Enigma,,Enigma,Teasers,,,,,,,,,,,,,,,,,謎
CHARADE_WORD_TEASERS_264,Charade,,Charade,Teasers,,,,,,,,,,,,,,,,,猜字遊戲
ANAGRAM_WORD_TEASERS_264,Anagram,,Anagram,Teasers,,,,,,,,,,,,,,,,,字母重組
GAZPACHO_WORD_SOUPS_265,Gazpacho,,Gazpacho,Soups,,,,,,,,,,,,,,,,,西班牙冷湯
BROTH_WORD_SOUPS_265,Broth,,Broth,Soups,,,,,,,,,,,,,,,,,肉湯
SAIMIN_WORD_SOUPS_265,Saimin,,Saimin,Soups,,,,,,,,,,,,,,,,,夏威夷湯麵
TOM_YUM_WORD_SOUPS_265,Tom yum,,Tom yum,Soups,,,,,,,,,,,,,,,,,冬蔭功
PHO_WORD_SOUPS_265,Pho,,Pho,Soups,,,,,,,,,,,,,,,,,越南河粉
POZOLE_WORD_SOUPS_265,Pozole,,Pozole,Soups,,,,,,,,,,,,,,,,,墨西哥玉米湯
HARIRA_WORD_SOUPS_265,Harira,,Harira,Soups,,,,,,,,,,,,,,,,,哈里拉湯
SINIGANG_WORD_SOUPS_265,Sinigang,,Sinigang,Soups,,,,,,,,,,,,,,,,,菲律賓酸湯
SORBITOL_WORD_SWEET_266,Sorbitol,,Sorbitol,Sweet,,,,,,,,,,,,,,,,,山梨醇
SUCROSE_WORD_SWEET_266,Sucrose,,Sucrose,Sweet,,,,,,,,,,,,,,,,,蔗糖
SUGAR_WORD_SWEET_266,Sugar,,Sugar,Sweet,,,,,,,,,,,,,,,,,砂糖
STEVIA_WORD_SWEET_266,Stevia,,Stevia,Sweet,,,,,,,,,,,,,,,,,甜葉菊
MALTITOL_WORD_SWEET_266,Maltitol,,Maltitol,Sweet,,,,,,,,,,,,,,,,,麥芽糖醇
FRUCTOSE_WORD_SWEET_266,Fructose,,Fructose,Sweet,,,,,,,,,,,,,,,,,果糖
YELLOW_WORD_LEMON_267,Yellow,,Yellow,Lemon,,,,,,,,,,,,,,,,,黃色
OVAL_WORD_LEMON_267,Oval,,Oval,Lemon,,,,,,,,,,,,,,,,,橢圓形
VITAMIN_WORD_LEMON_267,Vitamin,,Vitamin,Lemon,,,,,,,,,,,,,,,,,維生素
SOUR_WORD_LEMON_267,Sour,,Sour,Lemon,,,,,,,,,,,,,,,,,酸味
SHARP_WORD_NEEDLE_268,Sharp,,Sharp,Needle,,,,,,,,,,,,,,,,,鋒利
THIN_WORD_NEEDLE_268,Thin,,Thin,Needle,,,,,,,,,,,,,,,,,纖細
POINTED_WORD_NEEDLE_268,Pointed,,Pointed,Needle,,,,,,,,,,,,,,,,,尖銳
METALLIC_WORD_NEEDLE_268,Metallic,,Metallic,Needle,,,,,,,,,,,,,,,,,金屬製
RA_WORD_PYRAMIDS_269,Ra,,Ra,Pyramids,Râ,Ra,Ra,Rá,รา,Ra,Ra,ラー,Ra,Ra,Ra,Ра,Ra,拉,Ra,Ра,拉
OSIRIS_WORD_PYRAMIDS_269,Osiris,,Osiris,Pyramids,Osiris,Osiris,Osiris,Osíris,โอซิริส,Osiris,Osiris,オシリス,Osiride,Ozyrys,Osiris,Осирис,Osiris,歐西里斯,Osiris,Осіріс,欧西里斯
ANUBIS_WORD_PYRAMIDS_269,Anubis,,Anubis,Pyramids,Anubis,Anubis,Anubis,Anubis,อนูบิส,Anubis,Anubis,アヌビス,Anubi,Anubis,Anubis,Анубис,Anubis,阿努比斯,Anubis,Анубіс,阿努比斯
RAMSES_WORD_PYRAMIDS_269,Ramses,,Ramses,Pyramids,Ramsès,Ramses,Ramsés,Ramsés,รามเสส,Ramses,Ramses,ラムセス,Ramses,Ramzes,Ramses,Рамзес,Ramses,拉美西斯,Ramses,Рамзес,拉美西斯
PICKAXE_WORD_SHAFT_270,Pickaxe,,Pickaxe,Shaft,Pioche,Spitzhacke,Pico,Picareta,จอบขุด,Beliung,Pikhouweel,つるはし,Piccone,Kilof,Kazma,Кирка,Târnăcop,鶴嘴鋤,Hakke,Кирка,鹤嘴锄
MINE_WORD_SHAFT_270,Mine,,Mine,Shaft,Mine,Mine,Mina,Mina,เหมือง,Galian,Mijn,坑道,Cava,Kopalnia,Maden,Рудник,Mină,礦山,Mine,Копальня,矿山
CART_WORD_SHAFT_270,Cart,,Cart,Shaft,Chariot,Lore,Vagoneta,Vagonete,รถเข็น,Kereta dorong,Kar,トロッコ,Carrello,Wagonik,Vagon,Вагонетка,Căruță,礦車,Vogn,Візок,矿车
MIX_WORD_SHUFFLE_271,Mix,,Mix,Shuffle,Mélange,Mischung,Mezcla,Mistura,ผสม,Aduk,Mix,攪拌,Mescolare,Mieszanka,Karıştırmak,Смесь,Mix,攪拌,Blanding,Мікс,搅拌
STIR_WORD_SHUFFLE_271,Stir,,Stir,Shuffle,,,,,,,,,,,,,,,,,攪拌
BLEND_WORD_SHUFFLE_271,Blend,,Blend,Shuffle,,,,,,,,,,,,,,,,,融合
PADDOCK_WORD_FARMING_272,Paddock,,Paddock,Farming,Enclos,Koppel,Cercado,Cercado,คอกสัตว์,Padang,Paddock,牧場,Recinto,Padok,Çayır,Загон,Paddock,圍場,Indhegning,Загін,围场
COMPOST_WORD_FARMING_272,Compost,,Compost,Farming,Compost,Kompost,Compost,Composto,ปุ๋ยหมัก,Kompos,Compost,堆肥,Compost,Kompost,Kompost,Компост,Compost,堆肥,Kompost,Компост,堆肥
FALLOW_WORD_FARMING_272,Fallow,,Fallow,Farming,Jachère,Brache,Barbecho,Pousio,ที่รกร้าง,Bera,Damhert,休耕,Maggese,Ugór,Nadasa bırakma,Пар,Cerb lopătar,休耕,Brak,Пар,休耕
CROP_WORD_FARMING_272,Crop,,Crop,Farming,Culture,Anbau,Cultivo,Plantação,พืชผล,Tanaman,Gewas,作物,Raccolto,Plon,Ekin,Урожай,Recoltă,作物,Afgrøde,Урожай,作物
HAY_WORD_FARMING_272,Hay,,Hay,Farming,Foin,Heu,Heno,Feno,ฟางข้าว,Jerami,Hooi,干し草,Fieno,Siano,Saman,Сено,Fân,乾草,Hø,Сіно,干草
HARVEST_WORD_FARMING_272,Harvest,,Harvest,Farming,Récolte,Ernte,Cosecha,Colheita,เก็บเกี่ยว,Panen,Oogst,収穫,Mietitura,Żniwa,Hasat,Жатва,Seceriș,收穫,Høst,Врожай,收获
TOPSOIL_WORD_FARMING_272,Topsoil,,Topsoil,Farming,Terre arable,Mutterboden,Tierra fértil,Solo fértil,หน้าดิน,Lapisan atas,Teeltaarde,表土,Terriccio,Próchnica,Üst toprak,Чернозём,Sol fertil,表土,Muld,Ґрунт,表土
GRAIN_WORD_FARMING_272,Grain,,Grain,Farming,Grain,Korn,Grano,Grão,ธัญพืช,Biji-bijian,Graan,穀物,Grano,Zboże,Tahıl,Зерно,Cereale,穀物,Korn,Зерно,谷物
TESLA_WORD_SCIENCE_273,Tesla,,Tesla,Science,,,,,,,,,,,,,,,,,特斯拉
EINSTEIN_WORD_SCIENCE_273,Einstein,,Einstein,Science,,,,,,,,,,,,,,,,,愛因斯坦
EDISON_WORD_SCIENCE_273,Edison,,Edison,Science,,,,,,,,,,,,,,,,,愛迪生
NEWTON_WORD_SCIENCE_273,Newton,,Newton,Science,,,,,,,,,,,,,,,,,牛頓
GALILEI_WORD_SCIENCE_273,Galilei,,Galilei,Science,,,,,,,,,,,,,,,,,加利略
DARWIN_WORD_SCIENCE_273,Darwin,,Darwin,Science,,,,,,,,,,,,,,,,,達爾文
FARADAY_WORD_SCIENCE_273,Faraday,,Faraday,Science,,,,,,,,,,,,,,,,,法拉第
BOHR_WORD_SCIENCE_273,Bohr,,Bohr,Science,,,,,,,,,,,,,,,,,波耳
SKINCARE_WORD_BEAUTY_274,Skincare,,Skincare,Beauty,,,,,,,,,,,,,,,,,護膚
MASCARA_WORD_BEAUTY_274,Mascara,,Mascara,Beauty,,,,,,,,,,,,,,,,,睫毛膏
BLUSHER_WORD_BEAUTY_274,Blusher,,Blusher,Beauty,,,,,,,,,,,,,,,,,腮紅
CLEANSER_WORD_BEAUTY_274,Cleanser,,Cleanser,Beauty,Nettoyant,Reiniger,Limpiador,Limpador,คลีนเซอร์,Pembersih,Reiniger,洗顔料,Detergente,Żel myjący,Temizleyici,Очищающее,Demachiant,潔面乳,Rensemiddel,Очищувач,洁面乳
PERFUME_WORD_BEAUTY_274,Perfume,,Perfume,Beauty,,,,,,,,,,,,,,,,,香水
EYELINER_WORD_BEAUTY_274,Eyeliner,,Eyeliner,Beauty,,,,,,,,,,,,,,,,,眼線筆
PRIMER_WORD_BEAUTY_274,Primer,,Primer,Beauty,,,,,,,,,,,,,,,,,妝前乳
LIPSTICK_WORD_BEAUTY_274,Lipstick,,Lipstick,Beauty,,,,,,,,,,,,,,,,,口紅
DEADLINE_WORD_MANAGER_275,Deadline,,Deadline,Manager,,,,,,,,,,,,,,,,,截止期限
TASKLIST_WORD_MANAGER_275,Tasklist,,Tasklist,Manager,,,,,,,,,,,,,,,,,任務清單
SCHEDULE_WORD_MANAGER_275,Schedule,,Schedule,Manager,,,,,,,,,,,,,,,,,行程表
DELEGATE_WORD_MANAGER_275,Delegate,,Delegate,Manager,,,,,,,,,,,,,,,,,委派
PRIORITY_WORD_MANAGER_275,Priority,,Priority,Manager,,,,,,,,,,,,,,,,,優先順序
PLANNING_WORD_MANAGER_275,Planning,,Planning,Manager,,,,,,,,,,,,,,,,,規劃
BOOK_WORD_LIBRARY_276,Book,,Book,Library,,,,,,,,,,,,,,,,,書籍
SHELF_WORD_LIBRARY_276,Shelf,,Shelf,Library,,,,,,,,,,,,,,,,,書架
LAMP_WORD_LIBRARY_276,Lamp,,Lamp,Library,Lampe,Lampe,Lámpara,Lâmpada,โคมไฟ,Lampu,Lamp,街灯,Lampione,Latarnia,Lamba,Фонарь,Lampă,路燈,Lampe,Лампа,路灯
TABLE_WORD_LIBRARY_276,Table,,Table,Library,,,,,,,,,,,,,,,,,書桌
AUTHOR_WORD_LIBRARY_276,Author,,Author,Library,,,,,,,,,,,,,,,,,作者
INDEX_WORD_LIBRARY_276,Index,,Index,Library,,,,,,,,,,,,,,,,,索引
SLEDDING_WORD_SLIDING_277,Sledding,,Sledding,Sliding,Traîneau,Rodeln,Trineo,Trenó,เลื่อนหิมะ,Kereta luncur,Sleeën,そり滑り,Slitta,Saneczkarstwo,Kızak,Санки,Sănii,雪橇,Kælkning,Санки,雪橇
SKELETON_WORD_SLIDING_277,Skeleton,,Skeleton,Sliding,Skeleton,Skeleton,Skeleton,Skeleton,สเกเลตัน,Skeleton,Skelet,スケルトン,Skeleton,Skeleton,Skeleton,Скелетон,Schelet,骨架雪橇,Skelet,Скелет,骨架雪橇
SKIING_WORD_SLIDING_277,Skiing,,Skiing,Sliding,Ski,Skifahren,Esquí,Esqui,สกี,Ski,Skiën,スキー,Sci,Narciarstwo,Kayak,Лыжи,Schi,滑雪,Skiløb,Лижі,滑雪
SKATING_WORD_SLIDING_277,Skating,,Skating,Sliding,Patinage,Eislauf,Patinaje,Patinação,สเก็ต,Seluncur,Schaatsen,スケート,Pattinaggio,Łyżwiarstwo,Buz pateni,Коньки,Patinaj,滑冰,Skøjteløb,Ковзанярство,滑冰
LUGE_WORD_SLIDING_277,Luge,,Luge,Sliding,Luge,Rennrodel,Luge,Luge,ลูจ,Luge,Rodelen,リュージュ,Slittino,Sanki,Kızak yarışı,Санный спорт,Sanie,冰橇,Kælk,Санний спорт,冰橇
OIL_WORD_PAINTING_278,Oil,,Oil,Painting,Huile,Öl,Óleo,Óleo,สีน้ำมัน,Minyak,Olie,油絵,Olio,Olej,Yağlı boya,Масло,Petrol,油畫,Olie,Олія,油画
ACRYLIC_WORD_PAINTING_278,Acrylic,,Acrylic,Painting,Acrylique,Acryl,Acrílico,Acrílico,อะคริลิก,Akrilik,Acryl,アクリル,Acrilico,Akryl,Akrilik,Акрил,Acrilic,壓克力,Akryl,Акрил,压克力
GOUACHE_WORD_PAINTING_278,Gouache,,Gouache,Painting,Gouache,Gouache,Gouache,Guache,กวอช,Guache,Gouache,グワッシュ,Gouache,Gwasz,Guvaş,Гуашь,Guașă,水粉,Gouache,Гуаш,水粉
TEMPERA_WORD_PAINTING_278,Tempera,,Tempera,Painting,Tempéra,Tempera,Tempera,Têmpera,เทมเพอรา,Tempera,Tempera,テンペラ,Tempera,Tempera,Tempera,Темпера,Tempera,蛋彩,Tempera,Темпера,蛋彩
FRESCO_WORD_PAINTING_278,Fresco,,Fresco,Painting,Fresque,Fresko,Fresco,Afresco,เฟรสโก,Fresko,Fresco,フレスコ,Affresco,Fresk,Fresk,Фреска,Frescă,濕壁畫,Fresko,Фреска,湿壁画
BAZAAR_WORD_MARKETS_279,Bazaar,,Bazaar,Markets,,,,,,,,,,,,,,,,,市集
STALL_WORD_MARKETS_279,Stall,,Stall,Markets,,,,,,,,,,,,,,,,,攤位
SALES_WORD_MARKETS_279,Sales,,Sales,Markets,,,,,,,,,,,,,,,,,銷售
VENDOR_WORD_MARKETS_279,Vendor,,Vendor,Markets,,,,,,,,,,,,,,,,,攤販
RISOTTO_WORD_RICE_280,Risotto,,Risotto,Rice,Risotto,Risotto,Risotto,Risoto,ริซอตโต,Risotto,Risotto,リゾット,Risotto,Risotto,Risotto,Ризотто,Risotto,燉飯,Risotto,Різотто,炖饭
CONGEE_WORD_RICE_280,Congee,,Congee,Rice,Congee,Congee,Congee,Congee,โจ๊ก,Bubur,Congee,おかゆ,Congee,Congee,Pirinç çorbası,Каша,Congee,粥,Risgrød,Конджі,粥
PAELLA_WORD_RICE_280,Paella,,Paella,Rice,Paella,Paella,Paella,Paella,ปาเอย่า,Paella,Paella,パエリア,Paella,Paella,Paella,Паэлья,Paella,西班牙燉飯,Paella,Паелья,西班牙炖饭
SUSHI_WORD_RICE_280,Sushi,,Sushi,Rice,Sushi,Sushi,Sushi,Sushi,ซูชิ,Sushi,Sushi,寿司,Sushi,Sushi,Suşi,Суши,Sushi,壽司,Sushi,Суші,寿司
ROMANCE_WORD_HEART_281,Romance,,Romance,Heart,Romance,Romanze,Romance,Romance,โรแมนติก,Romansa,Romantiek,ロマンス,Romantico,Romans,Romantik,Романтика,Romantism,愛情片,Romantik,Романтика,爱情片
COUPLE_WORD_HEART_281,Couple,,Couple,Heart,Couple,Paar,Pareja,Casal,คู่รัก,Pasangan,Koppel,カップル,Coppia,Para,Çift,Пара,Cuplu,情侶,Par,Пара,情侣
PASSION_WORD_HEART_281,Passion,,Passion,Heart,Passion,Leidenschaft,Pasión,Paixão,หลงใหล,Gairah,Passie,情熱,Passione,Pasja,Tutku,Страсть,Pasiune,熱情,Lidenskab,Пристрасть,热情
BUTTON_WORD_UI_282,Button,,Button,UI,,,,,,,,,,,,,,,,,按鈕
TOGGLE_WORD_UI_282,Toggle,,Toggle,UI,,,,,,,,,,,,,,,,,切換
MENU_WORD_UI_282,Menu,,Menu,UI,,,,,,,,,,,,,,,,,選單
SIDEBAR_WORD_UI_282,Sidebar,,Sidebar,UI,,,,,,,,,,,,,,,,,側邊欄
SWITCH_WORD_UI_282,Switch,,Switch,UI,,,,,,,,,,,,,,,,,開關
SLIDER_WORD_UI_282,Slider,,Slider,UI,,,,,,,,,,,,,,,,,滑桿
ICON_WORD_UI_282,Icon,,Icon,UI,,,,,,,,,,,,,,,,,圖示
CHECKBOX_WORD_UI_282,Checkbox,,Checkbox,UI,,,,,,,,,,,,,,,,,核取方塊
TORCH_WORD_LIGHT_283,Torch,,Torch,Light,,,,,,,,,,,,,,,,,火炬
NEON_WORD_LIGHT_283,Neon,,Neon,Light,,,,,,,,,,,,,,,,,霓虹
GARLAND_WORD_LIGHT_283,Garland,,Garland,Light,,,,,,,,,,,,,,,,,彩燈
BEACON_WORD_LIGHT_283,Beacon,,Beacon,Light,,,,,,,,,,,,,,,,,信標
REFLECT_WORD_LIGHT_283,Reflect,,Reflect,Light,,,,,,,,,,,,,,,,,反射
GLOW_WORD_LIGHT_283,Glow,,Glow,Light,,,,,,,,,,,,,,,,,光芒
SUNLIGHT_WORD_LIGHT_283,Sunlight,,Sunlight,Light,,,,,,,,,,,,,,,,,陽光
PHOTON_WORD_LIGHT_283,Photon,,Photon,Light,,,,,,,,,,,,,,,,,光子
GRASS_WORD_TENNIS_284,Grass,,Grass,Tennis,,,,,,,,,,,,,,,,,草地
CLAY_WORD_TENNIS_284,Clay,,Clay,Tennis,,,,,,,,,,,,,,,,,紅土
HARD_WORD_TENNIS_284,Hard,,Hard,Tennis,,,,,,,,,,,,,,,,,硬地
CARPET_WORD_TENNIS_284,Carpet,,Carpet,Tennis,,,,,,,,,,,,,,,,,地毯場
VANS_WORD_HIPPIE_285,Vans,,Vans,Hippie,Vans,Vans,Furgonetas,Vans,รถตู้,Van,Vans,バン,Furgoni,Furgonetki,Minibüsler,Фургоны,Vans,麵包車,Vans,Венси,面包车
COMMUNE_WORD_HIPPIE_285,Commune,,Commune,Hippie,Commune,Kommune,Comuna,Comuna,ชุมชน,Komune,Gemeente,コミューン,Comune,Komuna,Komün,Коммуна,Comună,公社,Kommune,Комуна,公社
FREEDOM_WORD_HIPPIE_285,Freedom,,Freedom,Hippie,Liberté,Freiheit,Libertad,Liberdade,เสรีภาพ,Kebebasan,Vrijheid,自由,Libertà,Wolność,Özgürlük,Свобода,Libertate,自由,Frihed,Свобода,自由
HUGE_WORD_BIG_286,Huge,,Huge,Big,,,,,,,,,,,,,,,,,宏大
ENORMOUS_WORD_BIG_286,Enormous,,Enormous,Big,,,,,,,,,,,,,,,,,龐大
GIGANTIC_WORD_BIG_286,Gigantic,,Gigantic,Big,,,,,,,,,,,,,,,,,巨型
MASSIVE_WORD_BIG_286,Massive,,Massive,Big,,,,,,,,,,,,,,,,,碩大
COLOSSAL_WORD_BIG_286,Colossal,,Colossal,Big,,,,,,,,,,,,,,,,,龐然
VAST_WORD_BIG_286,Vast,,Vast,Big,,,,,,,,,,,,,,,,,廣闊
IMMENSE_WORD_BIG_286,Immense,,Immense,Big,,,,,,,,,,,,,,,,,浩瀚
SIZABLE_WORD_BIG_286,Sizable,,Sizable,Big,,,,,,,,,,,,,,,,,可觀
GLUE_WORD_STICKY_287,Glue,,Glue,Sticky,,,,,,,,,,,,,,,,,膠水
MOLASSES_WORD_STICKY_287,Molasses,,Molasses,Sticky,,,,,,,,,,,,,,,,,糖蜜
TAR_WORD_STICKY_287,Tar,,Tar,Sticky,,,,,,,,,,,,,,,,,柏油
SAP_WORD_STICKY_287,Sap,,Sap,Sticky,,,,,,,,,,,,,,,,,樹汁
WAX_WORD_STICKY_287,Wax,,Wax,Sticky,,,,,,,,,,,,,,,,,蠟
ADHESIVE_WORD_STICKY_287,Adhesive,,Adhesive,Sticky,,,,,,,,,,,,,,,,,黏著劑
MUD_WORD_STICKY_287,Mud,,Mud,Sticky,,,,,,,,,,,,,,,,,泥巴
RESIN_WORD_STICKY_287,Resin,,Resin,Sticky,,,,,,,,,,,,,,,,,樹脂
CHICAGO_WORD_CITY_288,Chicago,,Chicago,City,,,,,,,,,,,,,,,,,芝加哥
PARIS_WORD_CITY_288,Paris,,Paris,City,,,,,,,,,,,,,,,,,巴黎
TOKYO_WORD_CITY_288,Tokyo,,Tokyo,City,,,,,,,,,,,,,,,,,東京
TORONTO_WORD_CITY_288,Toronto,,Toronto,City,,,,,,,,,,,,,,,,,多倫多
VIENNA_WORD_CITY_288,Vienna,,Vienna,City,,,,,,,,,,,,,,,,,維也納
LISBON_WORD_CITY_288,Lisbon,,Lisbon,City,,,,,,,,,,,,,,,,,里斯本
AUSTIN_WORD_CITY_288,Austin,,Austin,City,,,,,,,,,,,,,,,,,奧斯汀
DALLAS_WORD_CITY_288,Dallas,,Dallas,City,,,,,,,,,,,,,,,,,達拉斯
DRONE_WORD_ROBOT_289,Drone,,Drone,Robot,Drone,Drohne,Dron,Drone,โดรน,Drone,Drone,ドローン,Drone,Dron,Drone,Дрон,Dronă,無人機,Drone,Дрон,无人机
ROBOVAC_WORD_ROBOT_289,Robovac,,Robovac,Robot,Robovac,Saugroboter,Robovac,Robovac,หุ่นยนต์ดูดฝุ่น,Robovac,Robotstofzuiger,ロボット掃除機,Robovac,Roboodkurzacz,Robot süpürge,Робопылесос,Aspirator robot,掃地機器人,Robotstøvsuger,Робопилосос,扫地机器人
NANOBOT_WORD_ROBOT_289,Nanobot,,Nanobot,Robot,Nanobot,Nanobot,Nanobot,Nanorrobô,นาโนบอต,Nanobot,Nanobot,ナノボット,Nanobot,Nanobot,Nanobot,Нанобот,Nanobot,奈米機器人,Nanobot,Нанобот,纳米机器人
CYBORG_WORD_ROBOT_289,Cyborg,,Cyborg,Robot,Cyborg,Cyborg,Cíborg,Ciborgue,ไซบอร์ก,Siborg,Cyborg,サイボーグ,Cyborg,Cyborg,Siborg,Киборг,Cyborg,半機械人,Kyborg,Кіборг,半机械人
ANDROID_WORD_ROBOT_289,Android,,Android,Robot,Androïde,Androide,Androide,Androide,แอนดรอยด์,Android,Androïde,アンドロイド,Androide,Android,Android,Андроид,Android,仿生人,Android,Андроїд,仿生人
MACHINE_WORD_ROBOT_289,Machine,,Machine,Robot,Machine,Maschine,Máquina,Máquina,เครื่องจักร,Mesin,Machine,マシン,Macchina,Maszyna,Makine,Машина,Mașinărie,機器,Maskine,Машина,机器
USB_WORD_PORTS_290,USB,,USB,Ports,,,,,,,,,,,,,,,,,USB
HDMI_WORD_PORTS_290,HDMI,,HDMI,Ports,,,,,,,,,,,,,,,,,HDMI
TYPE_C_WORD_PORTS_290,Type-C,,Type-C,Ports,,,,,,,,,,,,,,,,,Type-C
VGA_WORD_PORTS_290,VGA,,VGA,Ports,,,,,,,,,,,,,,,,,VGA
STILETTO_WORD_HEELS_291,Stiletto,,Stiletto,Heels,,,,,,,,,,,,,,,,,細高跟鞋
KITTEN_WORD_HEELS_291,Kitten,,Kitten,Heels,,,,,,,,,,,,,,,,,貓跟鞋
CUBAN_WORD_HEELS_291,Cuban,,Cuban,Heels,,,,,,,,,,,,,,,,,古巴跟鞋
SPOOL_WORD_HEELS_291,Spool,,Spool,Heels,,,,,,,,,,,,,,,,,紡錘跟鞋
CHILL_WORD_HAMMOCK_292,Chill,,Chill,Hammock,,,,,,,,,,,,,,,,,放鬆
RELAX_WORD_HAMMOCK_292,Relax,,Relax,Hammock,,,,,,,,,,,,,,,,,休息
REST_WORD_HAMMOCK_292,Rest,,Rest,Hammock,,,,,,,,,,,,,,,,,歇息
SLEEP_WORD_HAMMOCK_292,Sleep,,Sleep,Hammock,,,,,,,,,,,,,,,,,睡覺
SIGMA_WORD_GREECE_293,Sigma,,Sigma,Greece,Sigma,Sigma,Sigma,Sigma,ซิกมา,Sigma,Sigma,シグマ,Sigma,Sigma,Sigma,Сигма,Sigma,西格瑪,Sigma,Сигма,西格玛
DELTA_WORD_GREECE_293,Delta,,Delta,Greece,Delta,Delta,Delta,Delta,เดลตา,Delta,Delta,デルタ,Delta,Delta,Delta,Дельта,Delta,德爾塔,Delta,Дельта,德尔塔
KAPPA_WORD_GREECE_293,Kappa,,Kappa,Greece,Kappa,Kappa,Kappa,Kappa,แคปปา,Kappa,Kappa,カッパ,Kappa,Kappa,Kappa,Каппа,Kappa,卡帕,Kappa,Каппа,卡帕
MOTION_WORD_DYNAMICS_294,Motion,,Motion,Dynamics,Mouvement,Bewegung,Movimiento,Movimento,การเคลื่อนที่,Gerak,Beweging,運動,Moto,Ruch,Hareket,Движение,Mișcare,運動,Bevægelse,Рух,运动
INERTIA_WORD_DYNAMICS_294,Inertia,,Inertia,Dynamics,Inertie,Trägheit,Inercia,Inércia,ความเฉื่อย,Inersia,Traagheid,慣性,Inerzia,Bezwładność,Eylemsizlik,Инерция,Inerție,慣性,Inerti,Інерція,惯性
VELOCITY_WORD_DYNAMICS_294,Velocity,,Velocity,Dynamics,Vitesse,Geschwindigkeit,Velocidad,Velocidade,ความเร็ว,Kecepatan,Snelheid,速度,Velocità,Prędkość,Hız,Скорость,Viteză,速度,Hastighed,Швидкість,速度
PEAK_WORD_ALPINIST_295,Peak,,Peak,Alpinist,,,,,,,,,,,,,,,,,峰頂
CLIMBER_WORD_ALPINIST_295,Climber,,Climber,Alpinist,,,,,,,,,,,,,,,,,登山客
ICE_AXE_WORD_ALPINIST_295,Ice axe,,Ice axe,Alpinist,,,,,,,,,,,,,,,,,冰斧
ALTITUDE_WORD_ALPINIST_295,Altitude,,Altitude,Alpinist,,,,,,,,,,,,,,,,,高度
TRAIL_WORD_ALPINIST_295,Trail,,Trail,Alpinist,,,,,,,,,,,,,,,,,小徑
MOUNTAIN_WORD_ALPINIST_295,Mountain,,Mountain,Alpinist,,,,,,,,,,,,,,,,,山岳
DESCENT_WORD_ALPINIST_295,Descent,,Descent,Alpinist,,,,,,,,,,,,,,,,,下山
ASCENT_WORD_ALPINIST_295,Ascent,,Ascent,Alpinist,,,,,,,,,,,,,,,,,登山
WHISPER_WORD_SOUNDS_296,Whisper,,Whisper,Sounds,,,,,,,,,,,,,,,,,耳語
BANG_WORD_SOUNDS_296,Bang,,Bang,Sounds,,,,,,,,,,,,,,,,,砰響
CLICK_WORD_SOUNDS_296,Click,,Click,Sounds,,,,,,,,,,,,,,,,,喀嚓
BUZZ_WORD_SOUNDS_296,Buzz,,Buzz,Sounds,,,,,,,,,,,,,,,,,嗡嗡
ROAR_WORD_SOUNDS_296,Roar,,Roar,Sounds,,,,,,,,,,,,,,,,,咆哮
SIGH_WORD_SOUNDS_296,Sigh,,Sigh,Sounds,,,,,,,,,,,,,,,,,嘆息
CRASH_WORD_SOUNDS_296,Crash,,Crash,Sounds,,,,,,,,,,,,,,,,,轟隆
SCREECH_WORD_SOUNDS_296,Screech,,Screech,Sounds,,,,,,,,,,,,,,,,,尖叫
PECAN_WORD_NUTS_297,Pecan,,Pecan,Nuts,,,,,,,,,,,,,,,,,胡桃
PEANUT_WORD_NUTS_297,Peanut,,Peanut,Nuts,,,,,,,,,,,,,,,,,花生
ALMOND_WORD_NUTS_297,Almond,,Almond,Nuts,,,,,,,,,,,,,,,,,杏仁
CASHEW_WORD_NUTS_297,Cashew,,Cashew,Nuts,,,,,,,,,,,,,,,,,腰果
WALNUT_WORD_NUTS_297,Walnut,,Walnut,Nuts,,,,,,,,,,,,,,,,,核桃
HAZELNUT_WORD_NUTS_297,Hazelnut,,Hazelnut,Nuts,,,,,,,,,,,,,,,,,榛子
ONTARIO_WORD_LAKES_298,Ontario,,Ontario,Lakes,Ontario,Ontario,Ontario,Ontário,ออนแทรีโอ,Ontario,Ontario,オンタリオ,Ontario,Ontario,Ontario,Онтарио,Ontario,安大略,Ontario,Онтаріо,安大略
SUPERIOR_WORD_LAKES_298,Superior,,Superior,Lakes,Supérieur,Superior,Superior,Superior,สุพีเรีย,Superior,Superiormeer,スペリオル,Superiore,Górne,Superior,Верхнее,Superior,蘇必略,Overlegen,Верхнє,苏必略
TITICACA_WORD_LAKES_298,Titicaca,,Titicaca,Lakes,Titicaca,Titicaca,Titicaca,Titicaca,ติติกากา,Titicaca,Titicaca,チチカカ,Titicaca,Titicaca,Titicaca,Титикака,Titicaca,的的喀喀,Titicaca,Тітікака,的的喀喀
BAIKAL_WORD_LAKES_298,Baikal,,Baikal,Lakes,Baïkal,Baikal,Baikal,Baikal,ไบคาล,Baikal,Baikalmeer,バイカル,Baikal,Bajkał,Baykal,Байкал,Baikal,貝加爾,Baikal,Байкал,贝加尔
MICHIGAN_WORD_LAKES_298,Michigan,,Michigan,Lakes,Michigan,Michigan,Míchigan,Michigan,มิชิแกน,Michigan,Michigan,ミシガン,Michigan,Michigan,Michigan,Мичиган,Michigan,密西根,Michigan,Мічиган,密西根
HURON_WORD_LAKES_298,Huron,,Huron,Lakes,Huron,Huron,Hurón,Huron,ฮิวรอน,Huron,Huronmeer,ヒューロン,Huron,Huron,Huron,Гурон,Huron,休倫,Huron,Гурон,休伦
ATOM_WORD_NUCLEAR_299,Atom,,Atom,Nuclear,Atome,Atom,Átomo,Átomo,อะตอม,Atom,Atoom,原子,Atomo,Atom,Atom,Атом,Atom,原子,Atom,Атом,原子
NEUTRON_WORD_NUCLEAR_299,Neutron,,Neutron,Nuclear,Neutron,Neutron,Neutrón,Nêutron,นิวตรอน,Neutron,Neutron,中性子,Neutrone,Neutron,Nötron,Нейтрон,Neutron,中子,Neutron,Нейтрон,中子
PROTON_WORD_NUCLEAR_299,Proton,,Proton,Nuclear,Proton,Proton,Protón,Próton,โปรตอน,Proton,Proton,陽子,Protone,Proton,Proton,Протон,Proton,質子,Proton,Протон,质子
ELECTRON_WORD_NUCLEAR_299,Electron,,Electron,Nuclear,Électron,Elektron,Electrón,Elétron,อิเล็กตรอน,Elektron,Elektron,電子,Elettrone,Elektron,Elektron,Электрон,Electron,電子,Elektron,Електрон,电子
MORSE_WORD_CODES_300,Morse,,Morse,Codes,,,,,,,,,,,,,,,,,摩斯電碼
ZIP_CODE_WORD_CODES_300,Zip code,,Zip code,Codes,,,,,,,,,,,,,,,,,郵遞區號
BINARY_WORD_CODES_300,Binary,,Binary,Codes,,,,,,,,,,,,,,,,,二元碼
BARCODE_WORD_CODES_300,Barcode,,Barcode,Codes,,,,,,,,,,,,,,,,,條碼
BRUISE_WORD_BANDAGE_301,Bruise,,Bruise,Bandage,Bleu,Prellung,Moretón,Hematoma,ฟกช้ำ,Memar,Kneuzing,打撲,Livido,Siniak,Çürük,Ушиб,Vânătaie,瘀傷,Blåt mærke,Синець,瘀伤
HEMATOMA_WORD_BANDAGE_301,Hematoma,,Hematoma,Bandage,,,,,,,,,,,,,,,,,血腫
ABRASION_WORD_BANDAGE_301,Abrasion,,Abrasion,Bandage,,,,,,,,,,,,,,,,,擦傷
BLADE_WORD_RAZOR_302,Blade,,Blade,Razor,Lame,Klinge,Hoja,Lâmina,ใบมีด,Bilah,Lemmet,刃,Lama,Ostrze,Bıçak,Лезвие,Lamă,鋸片,Klinge,Лезо,锯片
TRIMMER_WORD_RAZOR_302,Trimmer,,Trimmer,Razor,,,,,,,,,,,,,,,,,修剪器
SHAVER_WORD_RAZOR_302,Shaver,,Shaver,Razor,,,,,,,,,,,,,,,,,刮鬍刀
CUPID_WORD_LOVE_303,Cupid,,Cupid,Love,,,,,,,,,,,,,,,,,丘比特
AGAPE_WORD_LOVE_303,Agape,,Agape,Love,,,,,,,,,,,,,,,,,無私之愛
EMPATHY_WORD_LOVE_303,Empathy,,Empathy,Love,,,,,,,,,,,,,,,,,同理心
HEART_WORD_LOVE_303,Heart,,Heart,Love,Cœur,Herz,Corazón,Coração,หัวใจ,Jantung,Hart,心臓,Cuore,Serce,Kalp,Сердце,Inimă,心臟,Hjerte,Серце,心脏
KISS_WORD_LOVE_303,Kiss,,Kiss,Love,,,,,,,,,,,,,,,,,親吻
DEVOTION_WORD_LOVE_303,Devotion,,Devotion,Love,,,,,,,,,,,,,,,,,奉獻
SOULMATE_WORD_LOVE_303,Soulmate,,Soulmate,Love,,,,,,,,,,,,,,,,,靈魂伴侶
FONDNESS_WORD_LOVE_303,Fondness,,Fondness,Love,,,,,,,,,,,,,,,,,喜愛
STAGE_WORD_THEATER_304,Stage,,Stage,Theater,,,,,,,,,,,,,,,,,舞台
ACTORS_WORD_THEATER_304,Actors,,Actors,Theater,,,,,,,,,,,,,,,,,演員
CURTAIN_WORD_THEATER_304,Curtain,,Curtain,Theater,,,,,,,,,,,,,,,,,幕布
PLAYBILL_WORD_THEATER_304,Playbill,,Playbill,Theater,,,,,,,,,,,,,,,,,節目單
SCENE_WORD_THEATER_304,Scene,,Scene,Theater,,,,,,,,,,,,,,,,,場景
AUDIENCE_WORD_THEATER_304,Audience,,Audience,Theater,,,,,,,,,,,,,,,,,觀眾
APPLAUSE_WORD_THEATER_304,Applause,,Applause,Theater,,,,,,,,,,,,,,,,,掌聲
SHOW_WORD_THEATER_304,Show,,Show,Theater,,,,,,,,,,,,,,,,,演出
ANTERIOR_WORD_TEETH_305,Anterior,,Anterior,Teeth,,,,,,,,,,,,,,,,,前牙
INCISOR_WORD_TEETH_305,Incisor,,Incisor,Teeth,,,,,,,,,,,,,,,,,切牙
ENAMEL_WORD_TEETH_305,Enamel,,Enamel,Teeth,,,,,,,,,,,,,,,,,牙釉質
DENTIN_WORD_TEETH_305,Dentin,,Dentin,Teeth,,,,,,,,,,,,,,,,,牙本質
ROOT_WORD_TEETH_305,Root,,Root,Teeth,,,,,,,,,,,,,,,,,牙根
CUSP_WORD_TEETH_305,Cusp,,Cusp,Teeth,,,,,,,,,,,,,,,,,牙尖
MOLAR_WORD_TEETH_305,Molar,,Molar,Teeth,,,,,,,,,,,,,,,,,大臼齒
PREMOLAR_WORD_TEETH_305,Premolar,,Premolar,Teeth,,,,,,,,,,,,,,,,,前臼齒
LAVA_WORD_VOLCANO_306,Lava,,Lava,Volcano,,,,,,,,,,,,,,,,,熔岩
ASH_WORD_VOLCANO_306,Ash,,Ash,Volcano,Frêne,Esche,Fresno,Freixo,แอช,Ash,As,トネリコ,Frassino,Jesion,Dişbudak,Ясень,Cenușă,梣樹,Aske,Попіл,梣树
ERUPTION_WORD_VOLCANO_306,Eruption,,Eruption,Volcano,,,,,,,,,,,,,,,,,噴發
CRATER_WORD_VOLCANO_306,Crater,,Crater,Volcano,,,,,,,,,,,,,,,,,火山口
HEAT_WORD_VOLCANO_306,Heat,,Heat,Volcano,,,,,,,,,,,,,,,,,高溫
FIRE_WORD_VOLCANO_306,Fire,,Fire,Volcano,,,,,,,,,,,,,,,,,火焰
MILAN_WORD_ITALY_307,Milan,,Milan,Italy,Milan,Mailand,Milán,Milão,มิลาน,Milan,Milaan,ミラノ,Milano,Mediolan,Milano,Милан,Milano,米蘭,Milano,Мілан,米兰
ROME_WORD_ITALY_307,Rome,,Rome,Italy,Rome,Rom,Roma,Roma,โรม,Roma,Rome,ローマ,Roma,Rzym,Roma,Рим,Roma,羅馬,Rom,Рим,罗马
VENICE_WORD_ITALY_307,Venice,,Venice,Italy,Venise,Venedig,Venecia,Veneza,เวนิส,Venesia,Venetië,ヴェネツィア,Venezia,Wenecja,Venedik,Венеция,Veneția,威尼斯,Venedig,Венеція,威尼斯
FLORENCE_WORD_ITALY_307,Florence,,Florence,Italy,Florence,Florenz,Florencia,Florença,ฟลอเรนซ์,Firenze,Florence,フィレンツェ,Firenze,Florencja,Floransa,Флоренция,Florența,佛羅倫斯,Firenze,Флоренція,佛罗伦斯
MOON_WORD_NIGHT_308,Moon,,Moon,Night,Lune,Mond,Luna,Lua,พระจันทร์,Bulan,Maan,月,Luna,Księżyc,Ay,Луна,Luna,月亮,Måne,Місяць,月亮
STARS_WORD_NIGHT_308,Stars,,Stars,Night,,,,,,,,,,,,,,,,,星星
DARKNESS_WORD_NIGHT_308,Darkness,,Darkness,Night,,,,,,,,,,,,,,,,,黑暗
OWL_WORD_NIGHT_308,Owl,,Owl,Night,Hibou,Eule,Búho,Coruja,นกฮูก,Burung hantu,Uil,フクロウ,Gufo,Sowa,Baykuş,Сова,Bufniță,貓頭鷹,Ugle,Сова,猫头鹰
THIS_WORD_POINTING_309,This,,This,Pointing,Celui-ci,Dieses,Este,Este,นี่,Ini,Dit,これ,Questo,To,Bu,Это,Acesta,這個,Denne,Це,这个
THAT_WORD_POINTING_309,That,,That,Pointing,Celui-là,Jenes,Ese,Esse,นั่น,Itu,Dat,あれ,Quello,Tamto,Şu,То,Acela,那個,Den,Те,那个
THOSE_WORD_POINTING_309,Those,,Those,Pointing,Ceux-là,Jene,Esos,Esses,เหล่านั้น,Itu semua,Die,あれら,Quelli,Tamte,Onlar,Те,Aceia,那些,Disse,Ті,那些
NORMAL_WORD_SKIN_310,Normal,,Normal,Skin,Normal,Normal,Normal,Normal,ปกติ,Normal,Normaal,普通肌,Normale,Normalna,Normal,Нормальная,Normal,中性,Normal,Нормальний,中性
DRY_WORD_SKIN_310,Dry,,Dry,Skin,Sèche,Trocken,Seca,Seca,แห้ง,Kering,Droog,乾燥肌,Secca,Sucha,Kuru,Сухая,Uscat,乾性,Tør,Сухий,干性
OILY_WORD_SKIN_310,Oily,,Oily,Skin,Grasse,Fettig,Grasa,Oleosa,มัน,Berminyak,Vettig,脂性肌,Grassa,Tłusta,Yağlı,Жирная,Gras,油性,Olieagtig,Жирний,油性
HOT_WORD_ANTONYMS_311,Hot,,Hot,Antonyms,,,,,,,,,,,,,,,,,炙熱
COLD_WORD_ANTONYMS_311,Cold,,Cold,Antonyms,,,,,,,,,,,,,,,,,冰冷
TALL_WORD_ANTONYMS_311,Tall,,Tall,Antonyms,,,,,,,,,,,,,,,,,高聳
SHORT_WORD_ANTONYMS_311,Short,,Short,Antonyms,,,,,,,,,,,,,,,,,矮小
LIGHT_WORD_ANTONYMS_311,Light,,Light,Antonyms,,,,,,,,,,,,,,,,,輕盈
DARK_WORD_ANTONYMS_311,Dark,,Dark,Antonyms,,,,,,,,,,,,,,,,,幽暗
FAST_WORD_ANTONYMS_311,Fast,,Fast,Antonyms,,,,,,,,,,,,,,,,,迅速
SLOW_WORD_ANTONYMS_311,Slow,,Slow,Antonyms,,,,,,,,,,,,,,,,,緩慢
CRIBBAGE_WORD_SUIT_312,Cribbage,,Cribbage,Suit,,,,,,,,,,,,,,,,,克里比奇
RUMMY_WORD_SUIT_312,Rummy,,Rummy,Suit,,,,,,,,,,,,,,,,,拉密
BRIDGE_WORD_SUIT_312,Bridge,,Bridge,Suit,,,,,,,,,,,,,,,,,橋牌
SNAP_WORD_SUIT_312,Snap,,Snap,Suit,,,,,,,,,,,,,,,,,翻牌
POKER_WORD_SUIT_312,Poker,,Poker,Suit,,,,,,,,,,,,,,,,,撲克
WHIST_WORD_SUIT_312,Whist,,Whist,Suit,,,,,,,,,,,,,,,,,惠斯特
GO_FISH_WORD_SUIT_312,Go Fish,,Go Fish,Suit,,,,,,,,,,,,,,,,,釣魚趣
BACCARAT_WORD_SUIT_312,Baccarat,,Baccarat,Suit,,,,,,,,,,,,,,,,,百家樂
MEASURE_WORD_TAILOR_313,Measure,,Measure,Tailor,,,,,,,,,,,,,,,,,量身
THREAD_WORD_TAILOR_313,Thread,,Thread,Tailor,,,,,,,,,,,,,,,,,縫線
NEEDLE_WORD_TAILOR_313,Needle,,Needle,Tailor,,,,,,,,,,,,,,,,,縫針
PATTERN_WORD_TAILOR_313,Pattern,,Pattern,Tailor,,,,,,,,,,,,,,,,,圖樣
SEAM_WORD_TAILOR_313,Seam,,Seam,Tailor,,,,,,,,,,,,,,,,,接縫
FABRIC_WORD_TAILOR_313,Fabric,,Fabric,Tailor,,,,,,,,,,,,,,,,,布料
BUTTON_WORD_TAILOR_313,Button,,Button,Tailor,,,,,,,,,,,,,,,,,鈕扣
IRON_WORD_TAILOR_313,Iron,,Iron,Tailor,,,,,,,,,,,,,,,,,熨斗
BROWSER_WORD_INTERNET_314,Browser,,Browser,Internet,,,,,,,,,,,,,,,,,瀏覽器
DOMAIN_WORD_INTERNET_314,Domain,,Domain,Internet,,,,,,,,,,,,,,,,,網域
COOKIE_WORD_INTERNET_314,Cookie,,Cookie,Internet,,,,,,,,,,,,,,,,,數位存根
FIREWALL_WORD_INTERNET_314,Firewall,,Firewall,Internet,,,,,,,,,,,,,,,,,防火牆
PROTOCOL_WORD_INTERNET_314,Protocol,,Protocol,Internet,,,,,,,,,,,,,,,,,通訊協定
DOWNLOAD_WORD_INTERNET_314,Download,,Download,Internet,,,,,,,,,,,,,,,,,下載
WAND_WORD_MAGIC_315,Wand,,Wand,Magic,,,,,,,,,,,,,,,,,魔杖
SPELL_WORD_MAGIC_315,Spell,,Spell,Magic,,,,,,,,,,,,,,,,,咒語
POTION_WORD_MAGIC_315,Potion,,Potion,Magic,Potion,Trank,Poción,Poção,ยาวิเศษ,Ramuan ajaib,Toverdrank,ポーション,Pozione,Mikstura,Mikstür,Зелье,Poțiune,藥水,Trylledrik,Зілля,药水
WIZARD_WORD_MAGIC_315,Wizard,,Wizard,Magic,,,,,,,,,,,,,,,,,法師
ENCHANT_WORD_MAGIC_315,Enchant,,Enchant,Magic,,,,,,,,,,,,,,,,,附魔
CRYSTAL_WORD_MAGIC_315,Crystal,,Crystal,Magic,,,,,,,,,,,,,,,,,水晶
GREEN_WORD_TEA_316,Green,,Green,Tea,,,,,,,,,,,,,,,,,綠茶
BLACK_WORD_TEA_316,Black,,Black,Tea,,,,,,,,,,,,,,,,,紅茶
MATCHA_WORD_TEA_316,Matcha,,Matcha,Tea,,,,,,,,,,,,,,,,,抹茶
HERBAL_WORD_TEA_316,Herbal,,Herbal,Tea,,,,,,,,,,,,,,,,,草本茶
OOLONG_WORD_TEA_316,Oolong,,Oolong,Tea,,,,,,,,,,,,,,,,,烏龍茶
ROOIBOS_WORD_TEA_316,Rooibos,,Rooibos,Tea,,,,,,,,,,,,,,,,,博士茶
CLAN_WORD_GROUPS_317,Clan,,Clan,Groups,,,,,,,,,,,,,,,,,氏族
TEAM_WORD_GROUPS_317,Team,,Team,Groups,Équipe,Team,Equipo,Equipe,ทีม,Tim,Team,チーム,Squadra,Drużyna,Takım,Команда,Echipă,隊伍,Hold,Команда,队伍
CROWD_WORD_GROUPS_317,Crowd,,Crowd,Groups,,,,,,,,,,,,,,,,,人潮
SQUAD_WORD_GROUPS_317,Squad,,Squad,Groups,,,,,,,,,,,,,,,,,小隊
CREW_WORD_GROUPS_317,Crew,,Crew,Groups,,,,,,,,,,,,,,,,,工作團隊
CAMERA_WORD_MOVIE_318,Camera,,Camera,Movie,,,,,,,,,,,,,,,,,攝影機
SCREEN_WORD_MOVIE_318,Screen,,Screen,Movie,,,,,,,,,,,,,,,,,螢幕
GENRE_WORD_MOVIE_318,Genre,,Genre,Movie,,,,,,,,,,,,,,,,,電影類型
DIRECTOR_WORD_MOVIE_318,Director,,Director,Movie,,,,,,,,,,,,,,,,,導演
TRAILER_WORD_MOVIE_318,Trailer,,Trailer,Movie,,,,,,,,,,,,,,,,,預告片
ROUGH_WORD_TEXTURE_319,Rough,,Rough,Texture,,,,,,,,,,,,,,,,,粗糙
SMOOTH_WORD_TEXTURE_319,Smooth,,Smooth,Texture,,,,,,,,,,,,,,,,,平滑
SOFT_WORD_TEXTURE_319,Soft,,Soft,Texture,,,,,,,,,,,,,,,,,柔軟
SILKY_WORD_TEXTURE_319,Silky,,Silky,Texture,,,,,,,,,,,,,,,,,絲滑
STICKY_WORD_TEXTURE_319,Sticky,,Sticky,Texture,,,,,,,,,,,,,,,,,黏膩
OKAPI_WORD_STRIPES_320,Okapi,,Okapi,Stripes,,,,,,,,,,,,,,,,,歐卡皮鹿
CHIPMUNK_WORD_STRIPES_320,Chipmunk,,Chipmunk,Stripes,,,,,,,,,,,,,,,,,花栗鼠
BONGO_WORD_STRIPES_320,Bongo,,Bongo,Stripes,Bongo,Bongo,Bongo,Bongo,บองโก,Bongo,Bongo,ボンゴ,Bongo,Bongo,Bongo,Бонго,Bongo,邦哥鼓,Bongo,Бонго,邦哥鼓
SKUNK_WORD_STRIPES_320,Skunk,,Skunk,Stripes,,,,,,,,,,,,,,,,,臭鼬
WEAR_WORD_GAS_MASK_321,Wear,,Wear,Gas mask,,,,,,,,,,,,,,,,,戴上
ADJUST_WORD_GAS_MASK_321,Adjust,,Adjust,Gas mask,,,,,,,,,,,,,,,,,調整
BREATHE_WORD_GAS_MASK_321,Breathe,,Breathe,Gas mask,,,,,,,,,,,,,,,,,呼吸
PROTECT_WORD_GAS_MASK_321,Protect,,Protect,Gas mask,,,,,,,,,,,,,,,,,保護
MONARCHY_WORD_POLICIES_322,Monarchy,,Monarchy,Policies,Monarchie,Monarchie,Monarquía,Monarquia,ราชาธิปไตย,Monarki,Monarchie,君主制,Monarchia,Monarchia,Monarşi,Монархия,Monarhie,君主制,Monarki,Монархія,君主制
TYRANNY_WORD_POLICIES_322,Tyranny,,Tyranny,Policies,Tyrannie,Tyrannei,Tiranía,Tirania,ทรราชย์,Tirani,Tirannie,暴政,Tirannia,Tyrania,Tiranlık,Тирания,Tiranie,暴政,Tyranni,Тиранія,暴政
ANARCHY_WORD_POLICIES_322,Anarchy,,Anarchy,Policies,Anarchie,Anarchie,Anarquía,Anarquia,อนาธิปไตย,Anarki,Anarchie,無政府,Anarchia,Anarchia,Anarşi,Анархия,Anarhie,無政府,Anarki,Анархія,无政府
AMBIENCE_WORD_AURA_323,Ambience,,Ambience,Aura,,,,,,,,,,,,,,,,,氣息
VIBE_WORD_AURA_323,Vibe,,Vibe,Aura,,,,,,,,,,,,,,,,,氣場
CLIMATE_WORD_AURA_323,Climate,,Climate,Aura,,,,,,,,,,,,,,,,,氣氛
LONGSHIP_WORD_VIKINGS_324,Longship,,Longship,Vikings,,,,,,,,,,,,,,,,,長船
SAGA_WORD_VIKINGS_324,Saga,,Saga,Vikings,Saga,Saga,Saga,Saga,มหากาพย์,Saga,Saga,サガ,Saga,Saga,Destan,Сага,Saga,傳奇,Saga,Сага,传奇
SHIELD_WORD_VIKINGS_324,Shield,,Shield,Vikings,Bouclier,Schild,Escudo,Escudo,โล่,Perisai,Schild,盾,Scudo,Tarcza,Kalkan,Щит,Scut,盾牌,Skjold,Щит,盾牌
RAID_WORD_VIKINGS_324,Raid,,Raid,Vikings,,,,,,,,,,,,,,,,,劫掠
RUNES_WORD_VIKINGS_324,Runes,,Runes,Vikings,,,,,,,,,,,,,,,,,盧恩符文
THRALL_WORD_VIKINGS_324,Thrall,,Thrall,Vikings,,,,,,,,,,,,,,,,,奴隸
JARL_WORD_VIKINGS_324,Jarl,,Jarl,Vikings,,,,,,,,,,,,,,,,,領主
VALHALLA_WORD_VIKINGS_324,Valhalla,,Valhalla,Vikings,,,,,,,,,,,,,,,,,英靈殿
LASER_WORD_SCI_FI_325,Laser,,Laser,Sci-Fi,,,,,,,,,,,,,,,,,雷射
PHASER_WORD_SCI_FI_325,Phaser,,Phaser,Sci-Fi,,,,,,,,,,,,,,,,,光炮
BLASTER_WORD_SCI_FI_325,Blaster,,Blaster,Sci-Fi,,,,,,,,,,,,,,,,,爆破器
ROBOT_WORD_SCI_FI_325,Robot,,Robot,Sci-Fi,,,,,,,,,,,,,,,,,機器人
STARSHIP_WORD_SCI_FI_325,Starship,,Starship,Sci-Fi,,,,,,,,,,,,,,,,,星艦
TELEPORT_WORD_SCI_FI_325,Teleport,,Teleport,Sci-Fi,,,,,,,,,,,,,,,,,瞬間移動
ALIEN_WORD_SCI_FI_325,Alien,,Alien,Sci-Fi,,,,,,,,,,,,,,,,,外星人
UFO_WORD_SCI_FI_325,UFO,,UFO,Sci-Fi,,,,,,,,,,,,,,,,,飛碟
SUPPLY_WORD_ECONOMY_326,Supply,,Supply,Economy,,,,,,,,,,,,,,,,,供給
DEMAND_WORD_ECONOMY_326,Demand,,Demand,Economy,,,,,,,,,,,,,,,,,需求
SHORTAGE_WORD_ECONOMY_326,Shortage,,Shortage,Economy,,,,,,,,,,,,,,,,,短缺
SURPLUS_WORD_ECONOMY_326,Surplus,,Surplus,Economy,,,,,,,,,,,,,,,,,過剩
JUICY_WORD_LOLLIPOP_327,Juicy,,Juicy,Lollipop,,,,,,,,,,,,,,,,,多汁
COLORFUL_WORD_LOLLIPOP_327,Colorful,,Colorful,Lollipop,,,,,,,,,,,,,,,,,五彩繽紛
SOUR_WORD_LOLLIPOP_327,Sour,,Sour,Lollipop,,,,,,,,,,,,,,,,,酸味
FRUITY_WORD_LOLLIPOP_327,Fruity,,Fruity,Lollipop,,,,,,,,,,,,,,,,,水果味
POWER_WORD_STRENGTH_328,Power,,Power,Strength,Pouvoir,Energie,Poder,Poder,พลัง,Daya,Vermogen,パワー,Potere,Moc,Güç,Мощь,Energie,威力,Kraft,Потужність,威力
FORCE_WORD_STRENGTH_328,Force,,Force,Strength,Vigueur,Wucht,Vigor,Vigor,แรง,Gaya,Geweld,フォース,Vigore,Impet,Kuvvet,Напор,Vigoare,武力,Magt,Зусилля,武力
MIGHT_WORD_STRENGTH_328,Might,,Might,Strength,Puissance,Macht,Poderío,Poderio,อำนาจ,Keperkasaan,Macht,威力,Potenza,Potęga,Kudret,Могущество,Putere,強力,Vælde,Міць,强力
MAY_WORD_MONTHS_329,May,,May,Months,,,,,,,,,,,,,,,,,五月
APRIL_WORD_MONTHS_329,April,,April,Months,,,,,,,,,,,,,,,,,四月
JULY_WORD_MONTHS_329,July,,July,Months,,,,,,,,,,,,,,,,,七月
JUNE_WORD_MONTHS_329,June,,June,Months,,,,,,,,,,,,,,,,,六月
AUGUST_WORD_MONTHS_329,August,,August,Months,,,,,,,,,,,,,,,,,八月
DECEMBER_WORD_MONTHS_329,December,,December,Months,,,,,,,,,,,,,,,,,十二月
JANUARY_WORD_MONTHS_329,January,,January,Months,,,,,,,,,,,,,,,,,一月
OCTOBER_WORD_MONTHS_329,October,,October,Months,,,,,,,,,,,,,,,,,十月
PICASSO_WORD_ARTISTS_330,Picasso,,Picasso,Artists,,,,,,,,,,,,,,,,,巴勃羅·畢卡索
DA_VINCI_WORD_ARTISTS_330,Da Vinci,,Da Vinci,Artists,,,,,,,,,,,,,,,,,李奧納多·達文西
MONET_WORD_ARTISTS_330,Monet,,Monet,Artists,,,,,,,,,,,,,,,,,克洛德·莫內
VAN_GOGH_WORD_ARTISTS_330,Van Gogh,,Van Gogh,Artists,,,,,,,,,,,,,,,,,文森·梵谷
DALI_WORD_ARTISTS_330,Dali,,Dali,Artists,,,,,,,,,,,,,,,,,薩爾瓦多·達利
WARHOL_WORD_ARTISTS_330,Warhol,,Warhol,Artists,,,,,,,,,,,,,,,,,安迪·沃荷
MUNCH_WORD_ARTISTS_330,Munch,,Munch,Artists,,,,,,,,,,,,,,,,,愛德華·孟克
VERMEER_WORD_ARTISTS_330,Vermeer,,Vermeer,Artists,,,,,,,,,,,,,,,,,楊·維梅爾
BORIC_WORD_ACIDS_331,Boric,,Boric,Acids,,,,,,,,,,,,,,,,,硼酸
FOLIC_WORD_ACIDS_331,Folic,,Folic,Acids,,,,,,,,,,,,,,,,,葉酸
OXALIC_WORD_ACIDS_331,Oxalic,,Oxalic,Acids,,,,,,,,,,,,,,,,,草酸
SULFURIC_WORD_ACIDS_331,Sulfuric,,Sulfuric,Acids,,,,,,,,,,,,,,,,,硫酸
LACTIC_WORD_ACIDS_331,Lactic,,Lactic,Acids,,,,,,,,,,,,,,,,,乳酸
ACETIC_WORD_ACIDS_331,Acetic,,Acetic,Acids,,,,,,,,,,,,,,,,,醋酸
MALIC_WORD_ACIDS_331,Malic,,Malic,Acids,,,,,,,,,,,,,,,,,蘋果酸
NITRIC_WORD_ACIDS_331,Nitric,,Nitric,Acids,,,,,,,,,,,,,,,,,硝酸
CUMULUS_WORD_CLOUDS_332,Cumulus,,Cumulus,Clouds,,,,,,,,,,,,,,,,,積雲
STRATUS_WORD_CLOUDS_332,Stratus,,Stratus,Clouds,,,,,,,,,,,,,,,,,層雲
CIRRUS_WORD_CLOUDS_332,Cirrus,,Cirrus,Clouds,,,,,,,,,,,,,,,,,捲雲
NIMBUS_WORD_CLOUDS_332,Nimbus,,Nimbus,Clouds,,,,,,,,,,,,,,,,,雨雲
OPACUS_WORD_CLOUDS_332,Opacus,,Opacus,Clouds,,,,,,,,,,,,,,,,,蔽光雲
RADIATUS_WORD_CLOUDS_332,Radiatus,,Radiatus,Clouds,,,,,,,,,,,,,,,,,輻狀雲
TEXT_WORD_MESSAGE_333,Text,,Text,Message,Texte,Text,Texto,Texto,เท็กซ์,Teks,Tekst,テキスト,Testo,Tekst,Metin,Текст,Text,文字,Tekst,Текст,文本
EMAIL_WORD_MESSAGE_333,Email,,Email,Message,Email,E-Mail,Email,Email,อีเมล,Email,E-mail,メール,Email,E-mail,E-posta,Эл. почта,E-mail,電郵,E-mail,Електронна пошта,电邮
LETTER_WORD_MESSAGE_333,Letter,,Letter,Message,Lettre,Brief,Carta,Carta,จดหมาย,Surat,Brief,手紙,Lettera,List,Mektup,Письмо,Scrisoare,信件,Brev,Лист,信件
FAX_WORD_MESSAGE_333,Fax,,Fax,Message,Fax,Fax,Fax,Fax,แฟกซ์,Faks,Fax,ファックス,Fax,Faks,Faks,Факс,Fax,傳真機,Fax,Факс,传真机
HELMET_WORD_ARMOR_334,Helmet,,Helmet,Armor,Casque,Helm,Casco,Capacete,หมวกเกราะ,Helm,Helm,兜,Elmo,Hełm,Miğfer,Шлем,Cască,頭盔,Hjelm,Шолом,头盔
GAUNTLET_WORD_ARMOR_334,Gauntlet,,Gauntlet,Armor,,,,,,,,,,,,,,,,,防護手套
CUIRASS_WORD_ARMOR_334,Cuirass,,Cuirass,Armor,,,,,,,,,,,,,,,,,胸甲
SECURITY_WORD_ARMOR_334,Security,,Security,Armor,Sécurité,Sicherheit,Seguridad,Segurança,ความปลอดภัย,Keamanan,Beveiliging,セキュリティ,Sicurezza,Ochrona,Güvenlik,Безопасность,Securitate,保全,Sikkerhed,Безпека,保全
SNORKEL_WORD_DIVING_335,Snorkel,,Snorkel,Diving,,,,,,,,,,,,,,,,,浮潛
FINS_WORD_DIVING_335,Fins,,Fins,Diving,,,,,,,,,,,,,,,,,蛙鞋
WETSUIT_WORD_DIVING_335,Wetsuit,,Wetsuit,Diving,,,,,,,,,,,,,,,,,濕式潛水服
DRYSUIT_WORD_DIVING_335,Drysuit,,Drysuit,Diving,,,,,,,,,,,,,,,,,乾式潛水服
DUALISM_WORD_VIEWS_336,Dualism,,Dualism,Views,Dualisme,Dualismus,Dualismo,Dualismo,ทวินิยม,Dualisme,Dualisme,二元論,Dualismo,Dualizm,Düalizm,Дуализм,Dualism,二元論,Dualisme,Дуалізм,二元论
STOICISM_WORD_VIEWS_336,Stoicism,,Stoicism,Views,Stoïcisme,Stoizismus,Estoicismo,Estoicismo,สโตอิก,Stoikisme,Stoïcisme,ストア哲学,Stoicismo,Stoicyzm,Stoacılık,Стоицизм,Stoicism,斯多葛主義,Stoicisme,Стоїцизм,斯多葛主义
NIHILISM_WORD_VIEWS_336,Nihilism,,Nihilism,Views,Nihilisme,Nihilismus,Nihilismo,Niilismo,สุญนิยม,Nihilisme,Nihilisme,ニヒリズム,Nichilismo,Nihilizm,Nihilizm,Нигилизм,Nihilism,虛無主義,Nihilisme,Нігілізм,虚无主义
NIMBLE_WORD_RAT_337,Nimble,,Nimble,Rat,,,,,,,,,,,,,,,,,狗
QUICK_WORD_RAT_337,Quick,,Quick,Rat,,,,,,,,,,,,,,,,,貓
SNEAKY_WORD_RAT_337,Sneaky,,Sneaky,Rat,,,,,,,,,,,,,,,,,兔子
LUNGS_WORD_ORGANS_338,Lungs,,Lungs,Organs,Poumons,Lungen,Pulmones,Pulmões,ปอด,Paru-paru,Longen,肺,Polmoni,Płuca,Akciğer,Лёгкие,Plămâni,肺,Lunger,Легені,肺
KIDNEY_WORD_ORGANS_338,Kidney,,Kidney,Organs,Rein,Niere,Riñón,Rim,ไต,Ginjal,Nier,腎臓,Rene,Nerka,Böbrek,Почка,Rinichi,腎臟,Nyre,Нирка,肾脏
STOMACH_WORD_ORGANS_338,Stomach,,Stomach,Organs,Estomac,Magen,Estómago,Estômago,กระเพาะอาหาร,Lambung,Maag,胃,Stomaco,Żołądek,Mide,Желудок,Stomac,胃,Mave,Шлунок,胃
LIVER_WORD_ORGANS_338,Liver,,Liver,Organs,Foie,Leber,Hígado,Fígado,ตับ,Hati,Lever,肝臓,Fegato,Wątroba,Karaciğer,Печень,Ficat,肝臟,Lever,Печінка,肝脏
BLADDER_WORD_ORGANS_338,Bladder,,Bladder,Organs,Vessie,Blase,Vejiga,Bexiga,กระเพาะปัสสาวะ,Kandung kemih,Blaas,膀胱,Vescica,Pęcherz,Mesane,Мочевой пузырь,Vezică,膀胱,Blære,Міхур,膀胱
SPLEEN_WORD_ORGANS_338,Spleen,,Spleen,Organs,Rate,Milz,Bazo,Baço,ม้าม,Limpa,Milt,脾臓,Milza,Śledziona,Dalak,Селезёнка,Splină,脾臟,Milt,Селезінка,脾脏
HEART_WORD_ORGANS_338,Heart,,Heart,Organs,Cœur,Herz,Corazón,Coração,หัวใจ,Jantung,Hart,心臓,Cuore,Serce,Kalp,Сердце,Inimă,心臟,Hjerte,Серце,心脏
PANCREAS_WORD_ORGANS_338,Pancreas,,Pancreas,Organs,Pancréas,Pankreas,Páncreas,Pâncreas,ตับอ่อน,Pankreas,Alvleesklier,膵臓,Pancreas,Trzustka,Pankreas,Поджелудочная,Pancreas,胰臟,Bugspytkirtel,Підшлункова,胰脏
FANS_WORD_CONCERT_339,Fans,,Fans,Concert,,,,,,,,,,,,,,,,,粉絲
SINGER_WORD_CONCERT_339,Singer,,Singer,Concert,,,,,,,,,,,,,,,,,歌手
TICKETS_WORD_CONCERT_339,Tickets,,Tickets,Concert,,,,,,,,,,,,,,,,,票券
ENCORE_WORD_CONCERT_339,Encore,,Encore,Concert,,,,,,,,,,,,,,,,,安可
OVATION_WORD_CONCERT_339,Ovation,,Ovation,Concert,,,,,,,,,,,,,,,,,掌聲
SOUND_WORD_CONCERT_339,Sound,,Sound,Concert,,,,,,,,,,,,,,,,,聲音
BAND_WORD_CONCERT_339,Band,,Band,Concert,,,,,,,,,,,,,,,,,樂團
DANCES_WORD_CONCERT_339,Dances,,Dances,Concert,,,,,,,,,,,,,,,,,舞蹈
MOLLUSCA_WORD_TAXONOMY_340,Mollusca,,Mollusca,Taxonomy,,,,,,,,,,,,,,,,,軟體動物門
CHORDATA_WORD_TAXONOMY_340,Chordata,,Chordata,Taxonomy,,,,,,,,,,,,,,,,,脊索動物門
CNIDARIA_WORD_TAXONOMY_340,Cnidaria,,Cnidaria,Taxonomy,,,,,,,,,,,,,,,,,刺胞動物門
PORIFERA_WORD_TAXONOMY_340,Porifera,,Porifera,Taxonomy,,,,,,,,,,,,,,,,,海綿動物門
PHYLUM_WORD_TAXONOMY_340,Phylum,,Phylum,Taxonomy,,,,,,,,,,,,,,,,,門
DOMAIN_WORD_TAXONOMY_340,Domain,,Domain,Taxonomy,,,,,,,,,,,,,,,,,域
HOMEWORK_WORD_TEACHING_341,Homework,,Homework,Teaching,,,,,,,,,,,,,,,,,作業
EXERCISE_WORD_TEACHING_341,Exercise,,Exercise,Teaching,,,,,,,,,,,,,,,,,練習
TUTORIAL_WORD_TEACHING_341,Tutorial,,Tutorial,Teaching,,,,,,,,,,,,,,,,,輔導
SEMINAR_WORD_TEACHING_341,Seminar,,Seminar,Teaching,,,,,,,,,,,,,,,,,研討會
LECTURE_WORD_TEACHING_341,Lecture,,Lecture,Teaching,,,,,,,,,,,,,,,,,演講
WEBINAR_WORD_TEACHING_341,Webinar,,Webinar,Teaching,,,,,,,,,,,,,,,,,線上研討會
CRISPY_WORD_CHIPS_342,Crispy,,Crispy,Chips,,,,,,,,,,,,,,,,,脆口
CRUNCHY_WORD_CHIPS_342,Crunchy,,Crunchy,Chips,,,,,,,,,,,,,,,,,酥脆
GREASY_WORD_CHIPS_342,Greasy,,Greasy,Chips,,,,,,,,,,,,,,,,,油膩
ZESTY_WORD_CHIPS_342,Zesty,,Zesty,Chips,,,,,,,,,,,,,,,,,辛香味
TRAINEE_WORD_CAREER_343,Trainee,,Trainee,Career,,,,,,,,,,,,,,,,,實習生
MANAGER_WORD_CAREER_343,Manager,,Manager,Career,,,,,,,,,,,,,,,,,經理
DIRECTOR_WORD_CAREER_343,Director,,Director,Career,,,,,,,,,,,,,,,,,主管
STEPS_WORD_FIRST_344,Steps,,Steps,First,,,,,,,,,,,,,,,,,步
KISS_WORD_FIRST_344,Kiss,,Kiss,First,,,,,,,,,,,,,,,,,吻
LOVE_WORD_FIRST_344,Love,,Love,First,,,,,,,,,,,,,,,,,戀
RIDING_WORD_MOVING_345,Riding,,Riding,Moving,,,,,,,,,,,,,,,,,騎乘
HIKING_WORD_MOVING_345,Hiking,,Hiking,Moving,,,,,,,,,,,,,,,,,健行
FLYING_WORD_MOVING_345,Flying,,Flying,Moving,,,,,,,,,,,,,,,,,飛行
SWIMMING_WORD_MOVING_345,Swimming,,Swimming,Moving,,,,,,,,,,,,,,,,,游泳
RUNNING_WORD_MOVING_345,Running,,Running,Moving,,,,,,,,,,,,,,,,,跑步
GOING_WORD_MOVING_345,Going,,Going,Moving,,,,,,,,,,,,,,,,,前往
JOGGING_WORD_MOVING_345,Jogging,,Jogging,Moving,Jogging,Jogging,Jogging,Jogging,วิ่งจ๊อกกิ้ง,Joging,Joggen,ジョギング,Jogging,Bieganie,Koşu,Бег,Jogging,慢跑,Jogging,Біг,慢跑
SAILING_WORD_MOVING_345,Sailing,,Sailing,Moving,,,,,,,,,,,,,,,,,航行
BLAZON_WORD_HERALDRY_346,Blazon,,Blazon,Heraldry,,,,,,,,,,,,,,,,,紋章
EMBLEM_WORD_HERALDRY_346,Emblem,,Emblem,Heraldry,,,,,,,,,,,,,,,,,徽章
BEZANT_WORD_HERALDRY_346,Bezant,,Bezant,Heraldry,,,,,,,,,,,,,,,,,金圓紋
CREST_WORD_HERALDRY_346,Crest,,Crest,Heraldry,Crête,Kamm,Cresta,Crista,ยอดคลื่น,Puncak,Wapenschild,波頭,Cresta,Grzbiet fali,Dalga tepesi,Гребень волны,Stemă,浪頂,Kam,Герб,浪顶
ANNULET_WORD_HERALDRY_346,Annulet,,Annulet,Heraldry,,,,,,,,,,,,,,,,,小環紋
BORDURE_WORD_HERALDRY_346,Bordure,,Bordure,Heraldry,,,,,,,,,,,,,,,,,邊飾
CADENCY_WORD_HERALDRY_346,Cadency,,Cadency,Heraldry,,,,,,,,,,,,,,,,,繼承標記
CHEVRON_WORD_HERALDRY_346,Chevron,,Chevron,Heraldry,,,,,,,,,,,,,,,,,盾徽
MODELS_WORD_FASHION_347,Models,,Models,Fashion,,,,,,,,,,,,,,,,,模特兒
OUTFIT_WORD_FASHION_347,Outfit,,Outfit,Fashion,,,,,,,,,,,,,,,,,服裝
VOGUE_WORD_FASHION_347,Vogue,,Vogue,Fashion,,,,,,,,,,,,,,,,,時髦
CATWALK_WORD_FASHION_347,Catwalk,,Catwalk,Fashion,,,,,,,,,,,,,,,,,伸展台
RUNWAY_WORD_FASHION_347,Runway,,Runway,Fashion,Piste,Landebahn,Pista,Pista,รันเวย์,Landasan,Startbaan,滑走路,Pista,Pas startowy,Pist,Взлётная полоса,Pistă,跑道,Landingsbane,Злітна смуга,跑道
GLAMOUR_WORD_FASHION_347,Glamour,,Glamour,Fashion,,,,,,,,,,,,,,,,,魅力
TREND_WORD_FASHION_347,Trend,,Trend,Fashion,,,,,,,,,,,,,,,,,潮流
STYLE_WORD_FASHION_347,Style,,Style,Fashion,,,,,,,,,,,,,,,,,風格
WAVE_WORD_GESTURES_348,Wave,,Wave,Gestures,,,,,,,,,,,,,,,,,揮手
NOD_WORD_GESTURES_348,Nod,,Nod,Gestures,,,,,,,,,,,,,,,,,點頭
BOW_WORD_GESTURES_348,Bow,,Bow,Gestures,Archet,Bogen,Arco,Arco,คันชัก,Busur,Strijkstok,弓,Arco,Smyczek,Yay,Смычок,Arcuș,琴弓,Bue,Лук,琴弓
SALUTE_WORD_GESTURES_348,Salute,,Salute,Gestures,,,,,,,,,,,,,,,,,敬禮
FACEPALM_WORD_GESTURES_348,Facepalm,,Facepalm,Gestures,,,,,,,,,,,,,,,,,摀臉
CLAP_WORD_GESTURES_348,Clap,,Clap,Gestures,,,,,,,,,,,,,,,,,鼓掌
MATE_WORD_FRIENDS_349,Mate,,Mate,Friends,Camarade,Kamerad,Compañero,Companheiro,เพื่อน,Kawan,Maatje,メイト,Mate,Kumpel,Arkadaş,Пара,Partener,夥伴,Mate,Мате,伙伴
BUDDY_WORD_FRIENDS_349,Buddy,,Buddy,Friends,,,,,,,,,,,,,,,,,夥伴
FRIEND_WORD_FRIENDS_349,Friend,,Friend,Friends,,,,,,,,,,,,,,,,,朋友
SOULMATE_WORD_FRIENDS_349,Soulmate,,Soulmate,Friends,,,,,,,,,,,,,,,,,靈魂伴侶
BESTIE_WORD_FRIENDS_349,Bestie,,Bestie,Friends,,,,,,,,,,,,,,,,,死黨
CHUM_WORD_FRIENDS_349,Chum,,Chum,Friends,,,,,,,,,,,,,,,,,密友
TRAIN_WORD_SUBWAY_350,Train,,Train,Subway,,,,,,,,,,,,,,,,,列車
STATION_WORD_SUBWAY_350,Station,,Station,Subway,,,,,,,,,,,,,,,,,車站
TUNNEL_WORD_SUBWAY_350,Tunnel,,Tunnel,Subway,,,,,,,,,,,,,,,,,隧道
PLATFORM_WORD_SUBWAY_350,Platform,,Platform,Subway,,,,,,,,,,,,,,,,,月台
NARRATOR_WORD_NOVEL_351,Narrator,,Narrator,Novel,,,,,,,,,,,,,,,,,敘述者
SUBPLOT_WORD_NOVEL_351,Subplot,,Subplot,Novel,,,,,,,,,,,,,,,,,支線劇情
CLIMAX_WORD_NOVEL_351,Climax,,Climax,Novel,,,,,,,,,,,,,,,,,劇情高潮
CONFLICT_WORD_NOVEL_351,Conflict,,Conflict,Novel,,,,,,,,,,,,,,,,,劇情衝突
CHARISMA_WORD_ORATORS_352,Charisma,,Charisma,Orators,,,,,,,,,,,,,,,,,個人魅力
RHETORIC_WORD_ORATORS_352,Rhetoric,,Rhetoric,Orators,,,,,,,,,,,,,,,,,修辭
ORATORY_WORD_ORATORS_352,Oratory,,Oratory,Orators,,,,,,,,,,,,,,,,,演說能力
BARGAIN_WORD_SHOP_353,Bargain,,Bargain,Shop,,,,,,,,,,,,,,,,,議價
CHECKOUT_WORD_SHOP_353,Checkout,,Checkout,Shop,,,,,,,,,,,,,,,,,結帳
BASKET_WORD_SHOP_353,Basket,,Basket,Shop,,,,,,,,,,,,,,,,,購物籃
PRODUCT_WORD_SHOP_353,Product,,Product,Shop,,,,,,,,,,,,,,,,,商品
PRICE_WORD_SHOP_353,Price,,Price,Shop,Prix,Preis,Precio,Preço,ราคา,Harga,Prijs,価格,Prezzo,Cena,Fiyat,Цена,Preț,價格,Pris,Ціна,价格
RECEIPT_WORD_SHOP_353,Receipt,,Receipt,Shop,,,,,,,,,,,,,,,,,收據
SALE_WORD_SHOP_353,Sale,,Sale,Shop,,,,,,,,,,,,,,,,,促銷
DEAL_WORD_SHOP_353,Deal,,Deal,Shop,,,,,,,,,,,,,,,,,交易
SIGNAL_WORD_TRAFFIC_354,Signal,,Signal,Traffic,,,,,,,,,,,,,,,,,信號
ROAD_WORD_TRAFFIC_354,Road,,Road,Traffic,Route,Straße,Carretera,Estrada,ถนน,Jalan,Weg,道路,Strada,Droga,Yol,Дорога,Drum,道路,Vej,Дорога,道路
JAM_WORD_TRAFFIC_354,Jam,,Jam,Traffic,,,,,,,,,,,,,,,,,塞車
HONK_WORD_TRAFFIC_354,Honk,,Honk,Traffic,,,,,,,,,,,,,,,,,按喇叭
HIGHWAY_WORD_TRAFFIC_354,Highway,,Highway,Traffic,,,,,,,,,,,,,,,,,高速公路
BLOCKAGE_WORD_TRAFFIC_354,Blockage,,Blockage,Traffic,,,,,,,,,,,,,,,,,阻塞
VEHICLES_WORD_TRAFFIC_354,Vehicles,,Vehicles,Traffic,,,,,,,,,,,,,,,,,車輛
GRIDLOCK_WORD_TRAFFIC_354,Gridlock,,Gridlock,Traffic,,,,,,,,,,,,,,,,,嚴重堵塞
NEST_WORD_HOMES_355,Nest,,Nest,Homes,,,,,,,,,,,,,,,,,鳥巢
DEN_WORD_HOMES_355,Den,,Den,Homes,,,,,,,,,,,,,,,,,獸窩
BURROW_WORD_HOMES_355,Burrow,,Burrow,Homes,,,,,,,,,,,,,,,,,地洞
LAIR_WORD_HOMES_355,Lair,,Lair,Homes,,,,,,,,,,,,,,,,,獸穴
STABLE_WORD_HOMES_355,Stable,,Stable,Homes,,,,,,,,,,,,,,,,,馬廄
KENNEL_WORD_HOMES_355,Kennel,,Kennel,Homes,,,,,,,,,,,,,,,,,犬舍
LODGE_WORD_HOMES_355,Lodge,,Lodge,Homes,,,,,,,,,,,,,,,,,小屋
WARREN_WORD_HOMES_355,Warren,,Warren,Homes,,,,,,,,,,,,,,,,,兔子群穴
UMBRA_WORD_ECLIPSE_356,Umbra,,Umbra,Eclipse,,,,,,,,,,,,,,,,,本影
PENUMBRA_WORD_ECLIPSE_356,Penumbra,,Penumbra,Eclipse,,,,,,,,,,,,,,,,,半影
ANTUMBRA_WORD_ECLIPSE_356,Antumbra,,Antumbra,Eclipse,,,,,,,,,,,,,,,,,偽本影
SHADOW_WORD_ECLIPSE_356,Shadow,,Shadow,Eclipse,,,,,,,,,,,,,,,,,陰影
TOTAL_WORD_ECLIPSE_356,Total,,Total,Eclipse,,,,,,,,,,,,,,,,,全食
PARTIAL_WORD_ECLIPSE_356,Partial,,Partial,Eclipse,,,,,,,,,,,,,,,,,偏食
POINT_WORD_GEOMETRY_357,Point,,Point,Geometry,,,,,,,,,,,,,,,,,點
LINE_WORD_GEOMETRY_357,Line,,Line,Geometry,,,,,,,,,,,,,,,,,線
ANGLE_WORD_GEOMETRY_357,Angle,,Angle,Geometry,,,,,,,,,,,,,,,,,角
DIAGONAL_WORD_GEOMETRY_357,Diagonal,,Diagonal,Geometry,,,,,,,,,,,,,,,,,對角線
PARALLEL_WORD_GEOMETRY_357,Parallel,,Parallel,Geometry,,,,,,,,,,,,,,,,,平行
RADIUS_WORD_GEOMETRY_357,Radius,,Radius,Geometry,,,,,,,,,,,,,,,,,半徑
CANOE_WORD_BOATS_358,Canoe,,Canoe,Boats,,,,,,,,,,,,,,,,,獨木舟
RAFT_WORD_BOATS_358,Raft,,Raft,Boats,,,,,,,,,,,,,,,,,木筏
KAYAK_WORD_BOATS_358,Kayak,,Kayak,Boats,,,,,,,,,,,,,,,,,皮划艇
SLOOP_WORD_BOATS_358,Sloop,,Sloop,Boats,,,,,,,,,,,,,,,,,單桅帆船
SKIFF_WORD_BOATS_358,Skiff,,Skiff,Boats,,,,,,,,,,,,,,,,,小艇
ROWBOAT_WORD_BOATS_358,Rowboat,,Rowboat,Boats,,,,,,,,,,,,,,,,,槳船
SOPRANO_WORD_VOICES_359,Soprano,,Soprano,Voices,Soprano,Sopran,Soprano,Soprano,โซปราโน,Sopran,Sopraan,ソプラノ,Soprano,Sopran,Soprano,Сопрано,Soprană,女高音,Sopran,Сопрано,女高音
TENOR_WORD_VOICES_359,Tenor,,Tenor,Voices,Ténor,Tenor,Tenor,Tenor,เทเนอร์,Tenor,Tenor,テノール,Tenore,Tenor,Tenor,Тенор,Tenor,男高音,Tenor,Тенор,男高音
BARITONE_WORD_VOICES_359,Baritone,,Baritone,Voices,Baryton,Bariton,Barítono,Barítono,บาริโทน,Bariton,Bariton,バリトン,Baritono,Baryton,Bariton,Баритон,Bariton,男中音,Baryton,Баритон,男中音
BASS_WORD_VOICES_359,Bass,,Bass,Voices,Basse,Bass,Bajo,Baixo,เบส,Bas,Bas,バス,Basso,Bas,Bas,Бас,Bas,男低音,Bas,Бас,男低音
ALTO_WORD_VOICES_359,Alto,,Alto,Voices,Alto,Alt,Alto,Alto,อัลโต,Alto,Alt,アルト,Contralto,Alt,Alto,Альт,Alto,女低音,Alt,Альт,女低音
SONNET_WORD_POETRY_360,Sonnet,,Sonnet,Poetry,Sonnet,Sonett,Soneto,Soneto,ซอนเน็ต,Soneta,Sonnet,ソネット,Sonetto,Sonet,Sone,Сонет,Sonet,十四行詩,Sonet,Сонет,十四行诗
HAIKU_WORD_POETRY_360,Haiku,,Haiku,Poetry,Haïku,Haiku,Haiku,Haiku,ไฮกุ,Haiku,Haiku,俳句,Haiku,Haiku,Haiku,Хайку,Haiku,俳句,Haiku,Хайку,俳句
ODE_WORD_POETRY_360,Ode,,Ode,Poetry,Ode,Ode,Oda,Ode,บทสรรเสริญ,Ode,Ode,頌歌,Ode,Oda,Od,Ода,Odă,頌詩,Ode,Ода,颂诗
BALLAD_WORD_POETRY_360,Ballad,,Ballad,Poetry,Ballade,Ballade,Balada,Balada,เพลงบัลลาด,Balada,Ballade,バラード,Ballata,Ballada,Balad,Баллада,Baladă,敘事詩,Ballade,Балада,叙事诗
ACROSTIC_WORD_POETRY_360,Acrostic,,Acrostic,Poetry,Acrostiche,Akrostichon,Acróstico,Acróstico,อะโครสติก,Akrostik,Acrostichon,折句,Acrostico,Akrostych,Akrostiş,Акростих,Acrostih,藏頭詩,Akrostikon,Акровірш,藏头诗
FATS_WORD_DIET_361,Fats,,Fats,Diet,,,,,,,,,,,,,,,,,脂肪
CARBS_WORD_DIET_361,Carbs,,Carbs,Diet,,,,,,,,,,,,,,,,,碳水化合物
PROTEINS_WORD_DIET_361,Proteins,,Proteins,Diet,,,,,,,,,,,,,,,,,蛋白質
VITAMINS_WORD_DIET_361,Vitamins,,Vitamins,Diet,,,,,,,,,,,,,,,,,維生素
CLAWS_WORD_DRAGON_362,Claws,,Claws,Dragon,,,,,,,,,,,,,,,,,龍爪
FIRE_WORD_DRAGON_362,Fire,,Fire,Dragon,,,,,,,,,,,,,,,,,火焰
SCALES_WORD_DRAGON_362,Scales,,Scales,Dragon,Balance,Waage,Balanza,Balança,ตาชั่ง,Timbangan,Schubben,天秤,Bilancia,Waga,Terazi,Весы,Solzi,天秤,Vægt,Терези,天秤
TAIL_WORD_DRAGON_362,Tail,,Tail,Dragon,,,,,,,,,,,,,,,,,尾巴
SUPPER_WORD_MEALS_363,Supper,,Supper,Meals,Souper,Nachtmahl,Colación,Ceia,อาหารเย็น,Santap malam,Avondeten,夕食,Cenetta,Kolacja,Akşam yemeği,Поздний ужин,Cină ușoară,宵夜,Aftensmad,Пізня вечеря,宵夜
LUNCH_WORD_MEALS_363,Lunch,,Lunch,Meals,Déjeuner,Mittagessen,Almuerzo,Almoço,มื้อกลางวัน,Makan siang,Lunch,昼食,Pranzo,Obiad,Öğle yemeği,Обед,Prânz,午餐,Frokost,Обід,午餐
DINNER_WORD_MEALS_363,Dinner,,Dinner,Meals,Dîner,Abendessen,Cena,Jantar,มื้อค่ำ,Makan malam,Diner,ディナー,Cena,Obiadokolacja,Yemek,Ужин,Cină,晚餐,Middag,Вечеря,晚餐
CAULDRON_WORD_ALCHEMY_364,Cauldron,,Cauldron,Alchemy,Chaudron,Kessel,Caldero,Caldeirão,หม้อต้ม,Kuali,Ketel,大釜,Calderone,Kocioł,Kazan,Котёл,Cazan,坩堝,Kedel,Казан,坩埚
ELIXIR_WORD_ALCHEMY_364,Elixir,,Elixir,Alchemy,Élixir,Elixier,Elixir,Elixir,ยาอายุวัฒนะ,Ramuan,Elixer,エリクサー,Elisir,Eliksir,İksir,Эликсир,Elixir,靈藥,Eliksir,Еліксир,灵药
POTION_WORD_ALCHEMY_364,Potion,,Potion,Alchemy,Potion,Trank,Poción,Poção,ยาวิเศษ,Ramuan ajaib,Toverdrank,ポーション,Pozione,Mikstura,Mikstür,Зелье,Poțiune,藥水,Trylledrik,Зілля,药水
DEBIT_WORD_CARD_365,Debit,,Debit,Card,,,,,,,,,,,,,,,,,借記卡
TRANSFER_WORD_CARD_365,Transfer,,Transfer,Card,,,,,,,,,,,,,,,,,轉帳
PAY_WORD_CARD_365,Pay,,Pay,Card,,,,,,,,,,,,,,,,,付款
WITHDRAW_WORD_CARD_365,Withdraw,,Withdraw,Card,,,,,,,,,,,,,,,,,提款
CVV_WORD_CARD_365,CVV,,CVV,Card,,,,,,,,,,,,,,,,,安全碼
CHIP_WORD_CARD_365,Chip,,Chip,Card,,,,,,,,,,,,,,,,,晶片
PIN_WORD_CARD_365,PIN,,PIN,Card,,,,,,,,,,,,,,,,,個人識別碼
CREDIT_WORD_CARD_365,Credit,,Credit,Card,,,,,,,,,,,,,,,,,信用卡
CLOUDS_WORD_SKY_366,Clouds,,Clouds,Sky,Nuages,Wolken,Nubes,Nuvens,เมฆ,Awan,Wolken,雲,Nuvole,Chmury,Bulutlar,Облака,Nori,雲,Skyer,Хмари,云
STARS_WORD_SKY_366,Stars,,Stars,Sky,,,,,,,,,,,,,,,,,星星
SUN_WORD_SKY_366,Sun,,Sun,Sky,,,,,,,,,,,,,,,,,太陽
MOON_WORD_SKY_366,Moon,,Moon,Sky,Lune,Mond,Luna,Lua,พระจันทร์,Bulan,Maan,月,Luna,Księżyc,Ay,Луна,Luna,月亮,Måne,Місяць,月亮
ECLIPSE_WORD_SKY_366,Eclipse,,Eclipse,Sky,Éclipse,Finsternis,Eclipse,Eclipse,สุริยุปราคา,Gerhana,Eclips,日食,Eclissi,Zaćmienie,Tutulma,Затмение,Eclipsă,日蝕,Formørkelse,Затемнення,日蚀
BIRDS_WORD_SKY_366,Birds,,Birds,Sky,,,,,,,,,,,,,,,,,鳥
PLANES_WORD_SKY_366,Planes,,Planes,Sky,,,,,,,,,,,,,,,,,飛機
RAINBOW_WORD_SKY_366,Rainbow,,Rainbow,Sky,,,,,,,,,,,,,,,,,彩虹
ALERT_WORD_SIREN_367,Alert,,Alert,Siren,,,,,,,,,,,,,,,,,警示
WARNING_WORD_SIREN_367,Warning,,Warning,Siren,,,,,,,,,,,,,,,,,警告
ALARM_WORD_SIREN_367,Alarm,,Alarm,Siren,,,,,,,,,,,,,,,,,警報
SIGNAL_WORD_SIREN_367,Signal,,Signal,Siren,,,,,,,,,,,,,,,,,信號
TENDONS_WORD_PALM_368,Tendons,,Tendons,Palm,,,,,,,,,,,,,,,,,肌腱
MUSCLES_WORD_PALM_368,Muscles,,Muscles,Palm,,,,,,,,,,,,,,,,,肌肉
JOINTS_WORD_PALM_368,Joints,,Joints,Palm,,,,,,,,,,,,,,,,,關節
CARPALS_WORD_PALM_368,Carpals,,Carpals,Palm,,,,,,,,,,,,,,,,,腕骨
BAR_WORD_SOAP_369,Bar,,Bar,Soap,,,,,,,,,,,,,,,,,塊狀
LIQUID_WORD_SOAP_369,Liquid,,Liquid,Soap,Liquide,Flüssigkeit,Líquido,Líquido,ของเหลว,Cair,Vloeistof,液体,Liquido,Ciecz,Sıvı,Жидкость,Lichid,液體,Væske,Рідина,液体
FOAM_WORD_SOAP_369,Foam,,Foam,Soap,,,,,,,,,,,,,,,,,泡沫
LOCK_WORD_DOOR_370,Lock,,Lock,Door,,,,,,,,,,,,,,,,,鎖
KNOB_WORD_DOOR_370,Knob,,Knob,Door,,,,,,,,,,,,,,,,,球形門把
HINGES_WORD_DOOR_370,Hinges,,Hinges,Door,,,,,,,,,,,,,,,,,鉸鏈
KEYS_WORD_DOOR_370,Keys,,Keys,Door,,,,,,,,,,,,,,,,,鑰匙
HANDLE_WORD_DOOR_370,Handle,,Handle,Door,,,,,,,,,,,,,,,,,把手
PEEPHOLE_WORD_DOOR_370,Peephole,,Peephole,Door,,,,,,,,,,,,,,,,,貓眼
DOORBELL_WORD_DOOR_370,Doorbell,,Doorbell,Door,,,,,,,,,,,,,,,,,門鈴
LATCH_WORD_DOOR_370,Latch,,Latch,Door,,,,,,,,,,,,,,,,,門閂
STITCH_WORD_SEWING_371,Stitch,,Stitch,Sewing,,,,,,,,,,,,,,,,,針腳
THIMBLE_WORD_SEWING_371,Thimble,,Thimble,Sewing,,,,,,,,,,,,,,,,,頂針
NEEDLES_WORD_SEWING_371,Needles,,Needles,Sewing,,,,,,,,,,,,,,,,,針
YARN_WORD_SEWING_371,Yarn,,Yarn,Sewing,,,,,,,,,,,,,,,,,紗線
HEM_WORD_SEWING_371,Hem,,Hem,Sewing,,,,,,,,,,,,,,,,,摺邊
PATCH_WORD_SEWING_371,Patch,,Patch,Sewing,,,,,,,,,,,,,,,,,補片
FABRICS_WORD_SEWING_371,Fabrics,,Fabrics,Sewing,,,,,,,,,,,,,,,,,布料
SCISSORS_WORD_SEWING_371,Scissors,,Scissors,Sewing,,,,,,,,,,,,,,,,,剪刀
WALDORF_WORD_SALAD_372,Waldorf,,Waldorf,Salad,,,,,,,,,,,,,,,,,華爾道夫沙拉
CAESAR_WORD_SALAD_372,Caesar,,Caesar,Salad,,,,,,,,,,,,,,,,,凱撒沙拉
COLESLAW_WORD_SALAD_372,Coleslaw,,Coleslaw,Salad,,,,,,,,,,,,,,,,,高麗菜沙拉
CAPRESE_WORD_SALAD_372,Caprese,,Caprese,Salad,,,,,,,,,,,,,,,,,卡普里沙拉
COBB_WORD_SALAD_372,Cobb,,Cobb,Salad,,,,,,,,,,,,,,,,,考伯沙拉
AMBROSIA_WORD_SALAD_372,Ambrosia,,Ambrosia,Salad,,,,,,,,,,,,,,,,,仙饌沙拉
GREEK_WORD_SALAD_372,Greek,,Greek,Salad,,,,,,,,,,,,,,,,,希臘沙拉
CHEF_WORD_SALAD_372,Chef,,Chef,Salad,,,,,,,,,,,,,,,,,主廚沙拉
DRINK_WORD_BOTTLE_373,Drink,,Drink,Bottle,,,,,,,,,,,,,,,,,喝
SIP_WORD_BOTTLE_373,Sip,,Sip,Bottle,,,,,,,,,,,,,,,,,啜飲
GULP_WORD_BOTTLE_373,Gulp,,Gulp,Bottle,,,,,,,,,,,,,,,,,大口喝
SWALLOW_WORD_BOTTLE_373,Swallow,,Swallow,Bottle,,,,,,,,,,,,,,,,,吞嚥
SLURP_WORD_BOTTLE_373,Slurp,,Slurp,Bottle,,,,,,,,,,,,,,,,,嘬飲
GUZZLE_WORD_BOTTLE_373,Guzzle,,Guzzle,Bottle,,,,,,,,,,,,,,,,,狂飲
BANDIT_WORD_OUTLAWS_374,Bandit,,Bandit,Outlaws,,,,,,,,,,,,,,,,,盜匪
GANGSTER_WORD_OUTLAWS_374,Gangster,,Gangster,Outlaws,,,,,,,,,,,,,,,,,黑幫
HACKER_WORD_OUTLAWS_374,Hacker,,Hacker,Outlaws,,,,,,,,,,,,,,,,,駭客
SMUGGLER_WORD_OUTLAWS_374,Smuggler,,Smuggler,Outlaws,,,,,,,,,,,,,,,,,走私者
ROBBER_WORD_OUTLAWS_374,Robber,,Robber,Outlaws,,,,,,,,,,,,,,,,,搶劫者
PIRATE_WORD_OUTLAWS_374,Pirate,,Pirate,Outlaws,,,,,,,,,,,,,,,,,海盜
VIRUS_WORD_COUGH_375,Virus,,Virus,Cough,,,,,,,,,,,,,,,,,病毒
BACTERIA_WORD_COUGH_375,Bacteria,,Bacteria,Cough,,,,,,,,,,,,,,,,,細菌
MICROBE_WORD_COUGH_375,Microbe,,Microbe,Cough,,,,,,,,,,,,,,,,,微生物
GERM_WORD_COUGH_375,Germ,,Germ,Cough,,,,,,,,,,,,,,,,,病菌
HUG_WORD_SUPPORT_376,Hug,,Hug,Support,,,,,,,,,,,,,,,,,擁抱
EMPATHY_WORD_SUPPORT_376,Empathy,,Empathy,Support,,,,,,,,,,,,,,,,,同理心
COMFORT_WORD_SUPPORT_376,Comfort,,Comfort,Support,,,,,,,,,,,,,,,,,安慰
POLL_WORD_SURVEY_377,Poll,,Poll,Survey,,,,,,,,,,,,,,,,,投票
REVIEW_WORD_SURVEY_377,Review,,Review,Survey,Critique,Rezension,Reseña,Resenha,บทวิจารณ์,Ulasan,Recensie,レビュー,Recensione,Recenzja,İnceleme,Обзор,Recenzie,評論,Anmeldelse,Огляд,评论
FEEDBACK_WORD_SURVEY_377,Feedback,,Feedback,Survey,,,,,,,,,,,,,,,,,反饋
LAWN_WORD_GRASS_378,Lawn,,Lawn,Grass,,,,,,,,,,,,,,,,,草坪
MEADOW_WORD_GRASS_378,Meadow,,Meadow,Grass,,,,,,,,,,,,,,,,,原野
FIELD_WORD_GRASS_378,Field,,Field,Grass,,,,,,,,,,,,,,,,,田野
GARDEN_WORD_GRASS_378,Garden,,Garden,Grass,,,,,,,,,,,,,,,,,花園
PASTURE_WORD_GRASS_378,Pasture,,Pasture,Grass,,,,,,,,,,,,,,,,,牧場
TURF_WORD_GRASS_378,Turf,,Turf,Grass,,,,,,,,,,,,,,,,,草皮
PRAIRIE_WORD_GRASS_378,Prairie,,Prairie,Grass,,,,,,,,,,,,,,,,,北美大草原
STEPPE_WORD_GRASS_378,Steppe,,Steppe,Grass,,,,,,,,,,,,,,,,,歐亞草原
RIFLE_WORD_GUN_379,Rifle,,Rifle,Gun,,,,,,,,,,,,,,,,,步槍
PISTOL_WORD_GUN_379,Pistol,,Pistol,Gun,,,,,,,,,,,,,,,,,手槍
SHOTGUN_WORD_GUN_379,Shotgun,,Shotgun,Gun,,,,,,,,,,,,,,,,,散彈槍
REVOLVER_WORD_GUN_379,Revolver,,Revolver,Gun,,,,,,,,,,,,,,,,,左輪手槍
GLOCK_WORD_GUN_379,Glock,,Glock,Gun,,,,,,,,,,,,,,,,,克拉克手槍
MAUSER_WORD_GUN_379,Mauser,,Mauser,Gun,,,,,,,,,,,,,,,,,毛瑟手槍
WALTHER_WORD_GUN_379,Walther,,Walther,Gun,,,,,,,,,,,,,,,,,華瑟手槍
BARREL_WORD_GUN_379,Barrel,,Barrel,Gun,,,,,,,,,,,,,,,,,槍管
HEIGHT_WORD_FEARS_380,Height,,Height,Fears,,,,,,,,,,,,,,,,,懼高症
CLOWNS_WORD_FEARS_380,Clowns,,Clowns,Fears,,,,,,,,,,,,,,,,,小丑恐懼症
DARKNESS_WORD_FEARS_380,Darkness,,Darkness,Fears,,,,,,,,,,,,,,,,,黑暗恐懼症
SNAKES_WORD_FEARS_380,Snakes,,Snakes,Fears,,,,,,,,,,,,,,,,,恐蛇症
HORROR_WORD_FEARS_380,Horror,,Horror,Fears,Horreur,Horror,Terror,Terror,สยองขวัญ,Horor,Horror,ホラー,Horror,Horror,Korku,Ужасы,Horror,恐怖片,Gys,Жах,恐怖片
FRIGHT_WORD_FEARS_380,Fright,,Fright,Fears,,,,,,,,,,,,,,,,,驚嚇
ANXIETY_WORD_FEARS_380,Anxiety,,Anxiety,Fears,,,,,,,,,,,,,,,,,焦慮
DREAD_WORD_FEARS_380,Dread,,Dread,Fears,,,,,,,,,,,,,,,,,畏懼
RAYON_WORD_ROPE_381,Rayon,,Rayon,Rope,,,,,,,,,,,,,,,,,人造絲
NYLON_WORD_ROPE_381,Nylon,,Nylon,Rope,,,,,,,,,,,,,,,,,尼龍
JUTE_WORD_ROPE_381,Jute,,Jute,Rope,,,,,,,,,,,,,,,,,黃麻
COTTON_WORD_ROPE_381,Cotton,,Cotton,Rope,,,,,,,,,,,,,,,,,棉
KEVLAR_WORD_ROPE_381,Kevlar,,Kevlar,Rope,,,,,,,,,,,,,,,,,高強度纖維
SILK_WORD_ROPE_381,Silk,,Silk,Rope,,,,,,,,,,,,,,,,,絲綢
PICKER_WORD_LOADER_382,Picker,,Picker,Loader,,,,,,,,,,,,,,,,,揀貨員
PACKER_WORD_LOADER_382,Packer,,Packer,Loader,,,,,,,,,,,,,,,,,包裝員
SORTER_WORD_LOADER_382,Sorter,,Sorter,Loader,,,,,,,,,,,,,,,,,分類員
BOX_WORD_LOADER_382,Box,,Box,Loader,,,,,,,,,,,,,,,,,箱子
PALLET_WORD_LOADER_382,Pallet,,Pallet,Loader,,,,,,,,,,,,,,,,,棧板
CRATE_WORD_LOADER_382,Crate,,Crate,Loader,,,,,,,,,,,,,,,,,木箱
GRANITE_WORD_MASONRY_383,Granite,,Granite,Masonry,,,,,,,,,,,,,,,,,花崗岩
REBAR_WORD_MASONRY_383,Rebar,,Rebar,Masonry,,,,,,,,,,,,,,,,,鋼筋
SCAFFOLD_WORD_MASONRY_383,Scaffold,,Scaffold,Masonry,,,,,,,,,,,,,,,,,鷹架
MORTAR_WORD_MASONRY_383,Mortar,,Mortar,Masonry,,,,,,,,,,,,,,,,,砂漿
RITUAL_WORD_PAGANISM_384,Ritual,,Ritual,Paganism,Rituel,Ritual,Ritual,Ritual,พิธีกรรม,Ritual,Ritueel,儀式,Rituale,Rytuał,Ritüel,Ритуал,Ritual,儀式,Ritual,Ритуал,仪式
TOTEM_WORD_PAGANISM_384,Totem,,Totem,Paganism,Totem,Totem,Tótem,Totem,เสาโทเทม,Totem,Totem,トーテム,Totem,Totem,Totem,Тотем,Totem,圖騰,Totem,Тотем,图腾
IDOL_WORD_PAGANISM_384,Idol,,Idol,Paganism,Idole,Idol,Ídolo,Ídolo,เทวรูป,Berhala,Idool,偶像,Idolo,Bożek,Put,Идол,Idol,神像,Idol,Ідол,神像
ALTAR_WORD_PAGANISM_384,Altar,,Altar,Paganism,Autel,Altar,Altar,Altar,แท่นบูชา,Altar,Altaar,祭壇,Altare,Ołtarz,Sunak,Алтарь,Altar,祭壇,Alter,Вівтар,祭坛
CURRENT_WORD_PRESENT_385,Current,,Current,Present,Actuel,Aktuell,Actual,Atual,ขณะนี้,Saat ini,Stroming,目下,Attuale,Bieżący,Güncel,Текущий,Curent,當前,Strøm,Течія,当前
NOW_WORD_PRESENT_385,Now,,Now,Present,Maintenant,Jetzt,Ahora,Agora,ตอนนี้,Sekarang,Nu,今,Adesso,Teraz,Şu an,Сейчас,Acum,現在,Nu,Зараз,现在
TODAY_WORD_PRESENT_385,Today,,Today,Present,Aujourd'hui,Heute,Hoy,Hoje,วันนี้,Hari ini,Vandaag,今日,Oggi,Dziś,Bugün,Сегодня,Astăzi,今天,I dag,Сьогодні,今天
CODE_WORD_SECRET_386,Code,,Code,Secret,Code,Code,Código,Código,รหัส,Kode,Code,暗号,Codice,Kod,Kod,Код,Cod,密碼,Kode,Код,密码
AGENT_WORD_SECRET_386,Agent,,Agent,Secret,Agent,Agent,Agente,Agente,เอเจนต์,Agen,Agent,エージェント,Agente,Agent,Ajan,Агент,Agent,智慧體,Agent,Агент,智能体
WORD_WORD_SECRET_386,Word,,Word,Secret,,,,,,,,,,,,,,,,,密語
FIX_WORD_REPAIR_387,Fix,,Fix,Repair,,,,,,,,,,,,,,,,,修復
RESTORE_WORD_REPAIR_387,Restore,,Restore,Repair,,,,,,,,,,,,,,,,,恢復
RESET_WORD_REPAIR_387,Reset,,Reset,Repair,,,,,,,,,,,,,,,,,重置
MEND_WORD_REPAIR_387,Mend,,Mend,Repair,,,,,,,,,,,,,,,,,修補
RENOVATE_WORD_REPAIR_387,Renovate,,Renovate,Repair,,,,,,,,,,,,,,,,,翻新
REMAKE_WORD_REPAIR_387,Remake,,Remake,Repair,,,,,,,,,,,,,,,,,重製
REMEDY_WORD_REPAIR_387,Remedy,,Remedy,Repair,,,,,,,,,,,,,,,,,補救
REBUILD_WORD_REPAIR_387,Rebuild,,Rebuild,Repair,,,,,,,,,,,,,,,,,重建
VIPER_WORD_SNAKE_388,Viper,,Viper,Snake,,,,,,,,,,,,,,,,,蝮蛇
PYTHON_WORD_SNAKE_388,Python,,Python,Snake,Python,Python,Python,Python,ไพทอน,Python,Python,Python,Python,Python,Python,Python,Python,Python,Python,Пітон,Python
COBRA_WORD_SNAKE_388,Cobra,,Cobra,Snake,,,,,,,,,,,,,,,,,眼鏡蛇
ANACONDA_WORD_SNAKE_388,Anaconda,,Anaconda,Snake,,,,,,,,,,,,,,,,,水蟒
BOA_WORD_SNAKE_388,Boa,,Boa,Snake,,,,,,,,,,,,,,,,,蚺屬
KEELBACK_WORD_SNAKE_388,Keelback,,Keelback,Snake,,,,,,,,,,,,,,,,,頸槽蛇
TAIPAN_WORD_SNAKE_388,Taipan,,Taipan,Snake,,,,,,,,,,,,,,,,,太攀蛇
REPTILE_WORD_SNAKE_388,Reptile,,Reptile,Snake,,,,,,,,,,,,,,,,,爬蟲動物
PEPPER_WORD_SPICES_389,Pepper,,Pepper,Spices,,,,,,,,,,,,,,,,,黑胡椒
GINGER_WORD_SPICES_389,Ginger,,Ginger,Spices,,,,,,,,,,,,,,,,,生薑
SAFFRON_WORD_SPICES_389,Saffron,,Saffron,Spices,,,,,,,,,,,,,,,,,藏紅花
PAPRIKA_WORD_SPICES_389,Paprika,,Paprika,Spices,,,,,,,,,,,,,,,,,辣椒粉
OREGANO_WORD_SPICES_389,Oregano,,Oregano,Spices,,,,,,,,,,,,,,,,,牛至
CUMIN_WORD_SPICES_389,Cumin,,Cumin,Spices,,,,,,,,,,,,,,,,,孜然
BASIL_WORD_SPICES_389,Basil,,Basil,Spices,,,,,,,,,,,,,,,,,羅勒
CLOVES_WORD_SPICES_389,Cloves,,Cloves,Spices,,,,,,,,,,,,,,,,,丁香
JEANS_WORD_PANTS_390,Jeans,,Jeans,Pants,,,,,,,,,,,,,,,,,牛仔褲
LEGGINGS_WORD_PANTS_390,Leggings,,Leggings,Pants,,,,,,,,,,,,,,,,,緊身褲
JOGGERS_WORD_PANTS_390,Joggers,,Joggers,Pants,,,,,,,,,,,,,,,,,運動褲
CHINOS_WORD_PANTS_390,Chinos,,Chinos,Pants,,,,,,,,,,,,,,,,,卡其褲
CULOTTES_WORD_PANTS_390,Culottes,,Culottes,Pants,,,,,,,,,,,,,,,,,裙褲
SLACKS_WORD_PANTS_390,Slacks,,Slacks,Pants,,,,,,,,,,,,,,,,,休閒褲
TEEPEE_WORD_TENT_391,Teepee,,Teepee,Tent,,,,,,,,,,,,,,,,,梯皮
YURT_WORD_TENT_391,Yurt,,Yurt,Tent,,,,,,,,,,,,,,,,,蒙古包
CANOPY_WORD_TENT_391,Canopy,,Canopy,Tent,,,,,,,,,,,,,,,,,天幕
SHELTER_WORD_TENT_391,Shelter,,Shelter,Tent,,,,,,,,,,,,,,,,,遮蔽處
ARID_WORD_CLIMATE_392,Arid,,Arid,Climate,,,,,,,,,,,,,,,,,乾旱
HUMID_WORD_CLIMATE_392,Humid,,Humid,Climate,,,,,,,,,,,,,,,,,潮濕
OCEANIC_WORD_CLIMATE_392,Oceanic,,Oceanic,Climate,,,,,,,,,,,,,,,,,海洋性
TROPICAL_WORD_CLIMATE_392,Tropical,,Tropical,Climate,,,,,,,,,,,,,,,,,熱帶
DIGITAL_WORD_CLOCKS_393,Digital,,Digital,Clocks,,,,,,,,,,,,,,,,,數位時鐘
SUNDIAL_WORD_CLOCKS_393,Sundial,,Sundial,Clocks,,,,,,,,,,,,,,,,,日晷
QUARTZ_WORD_CLOCKS_393,Quartz,,Quartz,Clocks,Quartz,Quarz,Cuarzo,Quartzo,ควอตซ์,Kuarsa,Kwarts,石英,Quarzo,Kwarc,Kuvars,Кварц,Cuarț,石英,Kvarts,Кварц,石英
PENDULUM_WORD_CLOCKS_393,Pendulum,,Pendulum,Clocks,,,,,,,,,,,,,,,,,鍾擺
COWHIDE_WORD_LEATHER_394,Cowhide,,Cowhide,Leather,Vachette,Rindsleder,Piel vacuna,Pele bovina,หนังวัว,Kulit sapi,Rundleer,牛革,Cuoio bovino,Bydlęca skóra,Sığır derisi,Воловья кожа,Piele de vacă,牛皮,Kohud,Волова шкіра,牛皮
NUBUCK_WORD_LEATHER_394,Nubuck,,Nubuck,Leather,Nubuck,Nubuk,Nobuk,Nobuck,หนังนูบัค,Nubuk,Nubuck,ヌバック,Nabuk,Nubuk,Nubuk,Нубук,Nubuc,磨砂皮,Nubuck,Нубук,磨砂皮
SUEDE_WORD_LEATHER_394,Suede,,Suede,Leather,Daim,Wildleder,Ante,Camurça,หนังกลับ,Suede,Suède,スエード,Scamosciato,Zamsz,Süet,Замша,Piele întoarsă,麂皮,Ruskind,Замша,麂皮
STAMP_WORD_LETTER_395,Stamp,,Stamp,Letter,Timbre,Briefmarke,Sello,Selo,แสตมป์,Perangko,Postzegel,切手,Francobollo,Znaczek,Pul,Марка,Timbru,郵票,Frimærke,Марка,邮票
ENVELOPE_WORD_LETTER_395,Envelope,,Envelope,Letter,Enveloppe,Umschlag,Sobre,Envelope,ซองจดหมาย,Amplop,Envelop,封筒,Busta,Koperta,Zarf,Конверт,Plic,信封,Kuvert,Конверт,信封
POSTMAN_WORD_LETTER_395,Postman,,Postman,Letter,,,,,,,,,,,,,,,,,郵差
WAX_SEAL_WORD_LETTER_395,Wax seal,,Wax seal,Letter,,,,,,,,,,,,,,,,,封蠟
DELIVERY_WORD_LETTER_395,Delivery,,Delivery,Letter,,,,,,,,,,,,,,,,,遞送
COURIER_WORD_LETTER_395,Courier,,Courier,Letter,,,,,,,,,,,,,,,,,快遞員
POSTMARK_WORD_LETTER_395,Postmark,,Postmark,Letter,,,,,,,,,,,,,,,,,郵戳
MAILBOX_WORD_LETTER_395,Mailbox,,Mailbox,Letter,,,,,,,,,,,,,,,,,郵箱
T_REX_WORD_DINOSAUR_396,T-Rex,,T-Rex,Dinosaur,,,,,,,,,,,,,,,,,暴龍
RAPTOR_WORD_DINOSAUR_396,Raptor,,Raptor,Dinosaur,,,,,,,,,,,,,,,,,迅猛龍
AARDONYX_WORD_DINOSAUR_396,Aardonyx,,Aardonyx,Dinosaur,,,,,,,,,,,,,,,,,地爪龍
BARYONYX_WORD_DINOSAUR_396,Baryonyx,,Baryonyx,Dinosaur,,,,,,,,,,,,,,,,,重爪龍
SAUROPOD_WORD_DINOSAUR_396,Sauropod,,Sauropod,Dinosaur,,,,,,,,,,,,,,,,,蜥腳下目
RUGOPS_WORD_DINOSAUR_396,Rugops,,Rugops,Dinosaur,,,,,,,,,,,,,,,,,皺褶龍
TROODON_WORD_DINOSAUR_396,Troodon,,Troodon,Dinosaur,,,,,,,,,,,,,,,,,傷齒龍
SALTOPUS_WORD_DINOSAUR_396,Saltopus,,Saltopus,Dinosaur,,,,,,,,,,,,,,,,,跳足龍
TOWER_WORD_CASTLE_397,Tower,,Tower,Castle,Tour,Turm,Torre,Torre,หอคอย,Menara,Toren,塔,Torre,Wieża,Kule,Башня,Turn,塔樓,Tårn,Вежа,塔楼
MOAT_WORD_CASTLE_397,Moat,,Moat,Castle,Douves,Burggraben,Foso,Fosso,คูน้ำ,Parit,Slotgracht,堀,Fossato,Fosa,Hendek,Ров,Șanț,護城河,Voldgrav,Рів,护城河
DUNGEON_WORD_CASTLE_397,Dungeon,,Dungeon,Castle,Donjon,Kerker,Mazmorra,Masmorra,คุกใต้ดิน,Penjara bawah,Kerker,地下牢,Prigione,Loch,Zindan,Подземелье,Temniță,地牢,Fangehul,Підземелля,地牢
BASTION_WORD_CASTLE_397,Bastion,,Bastion,Castle,Bastion,Bastion,Bastión,Bastião,ป้อมปราการ,Benteng,Bastion,稜堡,Bastione,Bastion,Burç,Бастион,Bastion,稜堡,Bastion,Бастіон,棱堡
RAMPART_WORD_CASTLE_397,Rampart,,Rampart,Castle,Rempart,Wall,Muralla,Muralha,กำแพงเมือง,Tembok,Wal,城壁,Bastionata,Wał,Sur,Вал,Val,城牆,Vold,Вал,城墙
TURRET_WORD_CASTLE_397,Turret,,Turret,Castle,Tourelle,Türmchen,Torreón,Torreta,ป้อมสังเกตการณ์,Menara kecil,Torentje,小塔,Torretta,Baszta,Kulecik,Башенка,Turelă,角樓,Tårnværn,Башта,角楼
PARAPET_WORD_CASTLE_397,Parapet,,Parapet,Castle,Parapet,Brüstung,Parapeto,Parapeito,เชิงเทิน,Parapet,Borstwering,胸壁,Parapetto,Parapet,Parapet,Парапет,Parapet,矮牆,Brystværn,Парапет,矮墙
CITADEL_WORD_CASTLE_397,Citadel,,Citadel,Castle,Citadelle,Zitadelle,Ciudadela,Cidadela,ป้อมหลวง,Benteng Utama,Citadel,城塞,Cittadella,Cytadela,Hisar,Цитадель,Citadelă,城塞,Citadel,Цитадель,城塞
LCD_WORD_DISPLAY_398,LCD,,LCD,Display,LCD,LCD,LCD,LCD,แอลซีดี,LCD,LCD,LCD,LCD,LCD,LCD,ЖК,LCD,LCD,LCD,РК-дисплей,LCD
LED_WORD_DISPLAY_398,LED,,LED,Display,LED,LED,LED,LED,แอลอีดี,LED,LED,LED,LED,LED,LED,LED,LED,LED,LED,Світлодіод,LED
OLED_WORD_DISPLAY_398,OLED,,OLED,Display,OLED,OLED,OLED,OLED,โอแอลอีดี,OLED,OLED,OLED,OLED,OLED,OLED,OLED,OLED,OLED,OLED,OLED,OLED
CRT_WORD_DISPLAY_398,CRT,,CRT,Display,CRT,CRT,CRT,CRT,ซีอาร์ที,CRT,CRT,CRT,CRT,CRT,CRT,ЭЛТ,CRT,映像管,CRT,ЕПТ,映像管
PLASMA_WORD_DISPLAY_398,Plasma,,Plasma,Display,Plasma,Plasma,Plasma,Plasma,พลาสมา,Plasma,Plasma,プラズマ,Plasma,Plazma,Plazma,Плазма,Plasmă,電漿,Plasma,Плазма,电浆
AMOLED_WORD_DISPLAY_398,AMOLED,,AMOLED,Display,AMOLED,AMOLED,AMOLED,AMOLED,อะโมเลด,AMOLED,AMOLED,AMOLED,AMOLED,AMOLED,AMOLED,AMOLED,AMOLED,AMOLED,AMOLED,AMOLED,AMOLED
MAYANS_WORD_CULTURES_399,Mayans,,Mayans,Cultures,Mayas,Maya,Mayas,Maias,มายา,Maya,Maya's,マヤ人,Maya,Majowie,Mayalar,Майя,Mayași,馬雅人,Mayaerne,Майя,马雅人
AZTECS_WORD_CULTURES_399,Aztecs,,Aztecs,Cultures,Aztèques,Azteken,Aztecas,Astecas,แอซเท็ก,Aztec,Azteken,アステカ人,Aztechi,Aztekowie,Aztekler,Ацтеки,Azteci,阿茲特克人,Aztekerne,Ацтеки,阿兹特克人
ROMANS_WORD_CULTURES_399,Romans,,Romans,Cultures,Romains,Römer,Romanos,Romanos,โรมัน,Romawi,Romeinen,ローマ人,Romani,Rzymianie,Romalılar,Римляне,Romani,羅馬人,Romerne,Римляни,罗马人
GREEKS_WORD_CULTURES_399,Greeks,,Greeks,Cultures,Grecs,Griechen,Griegos,Gregos,กรีก,Yunani,Grieken,ギリシャ人,Greci,Grecy,Yunanlılar,Греки,Greci,希臘人,Grækerne,Греки,希腊人
CELTS_WORD_CULTURES_399,Celts,,Celts,Cultures,Celtes,Kelten,Celtas,Celtas,เซลต์,Celtic,Kelten,ケルト人,Celti,Celtowie,Keltler,Кельты,Celți,凱爾特人,Kelterne,Кельти,凯尔特人
VIKINGS_WORD_CULTURES_399,Vikings,,Vikings,Cultures,Vikings,Wikinger,Vikingos,Vikings,ไวกิ้ง,Viking,Vikingen,ヴァイキング,Vichinghi,Wikingowie,Vikingler,Викинги,Vikingi,維京人,Vikinger,Вікінги,维京人
PEACOAT_WORD_WEAR_400,Peacoat,,Peacoat,Wear,,,,,,,,,,,,,,,,,雙排扣外套
PARKA_WORD_WEAR_400,Parka,,Parka,Wear,,,,,,,,,,,,,,,,,派克大衣
ANORAK_WORD_WEAR_400,Anorak,,Anorak,Wear,,,,,,,,,,,,,,,,,連帽外套
OVERCOAT_WORD_WEAR_400,Overcoat,,Overcoat,Wear,,,,,,,,,,,,,,,,,長款大衣
RAINCOAT_WORD_WEAR_400,Raincoat,,Raincoat,Wear,,,,,,,,,,,,,,,,,雨衣
CLOAK_WORD_WEAR_400,Cloak,,Cloak,Wear,,,,,,,,,,,,,,,,,披風
ROLL_WORD_DICE_401,Roll,,Roll,Dice,,,,,,,,,,,,,,,,,擲骰
TOSS_WORD_DICE_401,Toss,,Toss,Dice,,,,,,,,,,,,,,,,,輕扔
SHAKE_WORD_DICE_401,Shake,,Shake,Dice,,,,,,,,,,,,,,,,,搖骰
THROW_WORD_DICE_401,Throw,,Throw,Dice,,,,,,,,,,,,,,,,,丟擲
CAST_WORD_DICE_401,Cast,,Cast,Dice,,,,,,,,,,,,,,,,,投擲
SAMURAI_WORD_WARRIORS_402,Samurai,,Samurai,Warriors,Samouraï,Samurai,Samurai,Samurai,ซามูไร,Samurai,Samoerai,武士,Samurai,Samuraj,Samuray,Самурай,Samurai,武士,Samurai,Самурай,武士
SHINOBI_WORD_WARRIORS_402,Shinobi,,Shinobi,Warriors,Shinobi,Shinobi,Shinobi,Shinobi,ชิโนบิ,Shinobi,Shinobi,忍,Shinobi,Shinobi,Shinobi,Синоби,Shinobi,忍,Shinobi,Шинобі,忍
RONIN_WORD_WARRIORS_402,Ronin,,Ronin,Warriors,Rônin,Ronin,Ronin,Ronin,โรนิน,Ronin,Ronin,浪人,Ronin,Ronin,Ronin,Ронин,Ronin,浪人,Ronin,Ронін,浪人
ASSASSIN_WORD_WARRIORS_402,Assassin,,Assassin,Warriors,Assassin,Assassine,Asesino,Assassino,นักฆ่า,Pembunuh,Sluipmoordenaar,暗殺者,Assassino,Zabójca,Suikastçı,Ассасин,Asasin,刺客,Snigmorder,Вбивця,刺客
NINJA_WORD_WARRIORS_402,Ninja,,Ninja,Warriors,Ninja,Ninja,Ninja,Ninja,นินจา,Ninja,Ninja,忍者,Ninja,Ninja,Ninja,Ниндзя,Ninja,忍者,Ninja,Ніндзя,忍者
DECEIVE_WORD_LIE_403,Deceive,,Deceive,Lie,Tromper,Täuschen,Engañar,Enganar,หลอกลวง,Tipu,Bedriegen,欺く,Ingannare,Oszukać,Aldatmak,Обмануть,Înșela,欺騙,Bedrage,Обман,欺骗
DELUDE_WORD_LIE_403,Delude,,Delude,Lie,Leurrer,Verblenden,Ilusionar,Iludir,ลวง,Kelabui,Begoochelen,惑わす,Illudere,Zwieść,Kandırmak,Ввести в заблуждение,Amăgi,迷惑,Vildlede,Омана,迷惑
FALSIFY_WORD_LIE_403,Falsify,,Falsify,Lie,Falsifier,Fälschen,Falsificar,Falsificar,ปลอมแปลง,Palsukan,Vervalsen,偽造,Falsificare,Sfałszować,Tahrif etmek,Подделать,Falsifica,偽造,Forfalske,Фальсифікація,伪造
MISLEAD_WORD_LIE_403,Mislead,,Mislead,Lie,Égarer,Irreführen,Despistar,Despistar,ชักจูง,Sesatkan,Misleiden,誤導,Fuorviare,Zmylić,Yanıltmak,Вводить в заблуждение,Induce în eroare,誤導,Narre,Оман,误导
CERAMIC_WORD_VASE_404,Ceramic,,Ceramic,Vase,,,,,,,,,,,,,,,,,陶瓷
GLASS_WORD_VASE_404,Glass,,Glass,Vase,Verre,Glas,Vidrio,Vidro,แก้ว,Kaca,Glas,ガラス,Vetro,Szkło,Cam,Стекло,Sticlă,玻璃,Glas,Скло,玻璃
CRYSTAL_WORD_VASE_404,Crystal,,Crystal,Vase,,,,,,,,,,,,,,,,,水晶
CLAY_WORD_VASE_404,Clay,,Clay,Vase,,,,,,,,,,,,,,,,,黏土
PARKOUR_WORD_X_SPORTS_405,Parkour,,Parkour,X-sports,,,,,,,,,,,,,,,,,跑酷
SURFING_WORD_X_SPORTS_405,Surfing,,Surfing,X-sports,Surf,Surfen,Surf,Surfe,เซิร์ฟ,Selancar,Surfen,サーフィン,Surf,Surfing,Sörf,Сёрфинг,Surfing,衝浪,Surfing,Серфінг,冲浪
BMX_WORD_X_SPORTS_405,BMX,,BMX,X-sports,,,,,,,,,,,,,,,,,小輪車競速
RAFTING_WORD_X_SPORTS_405,Rafting,,Rafting,X-sports,,,,,,,,,,,,,,,,,泛舟
SURVEY_WORD_CHECK_406,Survey,,Survey,Check,,,,,,,,,,,,,,,,,調查
QUIZ_WORD_CHECK_406,Quiz,,Quiz,Check,,,,,,,,,,,,,,,,,小測驗
TEST_WORD_CHECK_406,Test,,Test,Check,,,,,,,,,,,,,,,,,考試
ADORABLE_WORD_CUTE_407,Adorable,,Adorable,Cute,,,,,,,,,,,,,,,,,討喜
LOVELY_WORD_CUTE_407,Lovely,,Lovely,Cute,,,,,,,,,,,,,,,,,迷人
CHARMING_WORD_CUTE_407,Charming,,Charming,Cute,,,,,,,,,,,,,,,,,有魅力
BALL_WORD_BASEBALL_408,Ball,,Ball,Baseball,,,,,,,,,,,,,,,,,球
BAT_WORD_BASEBALL_408,Bat,,Bat,Baseball,,,,,,,,,,,,,,,,,球棒
CATCHER_WORD_BASEBALL_408,Catcher,,Catcher,Baseball,,,,,,,,,,,,,,,,,捕手
GLOVE_WORD_BASEBALL_408,Glove,,Glove,Baseball,,,,,,,,,,,,,,,,,手套
JERSEY_WORD_BASEBALL_408,Jersey,,Jersey,Baseball,,,,,,,,,,,,,,,,,球衣
PITCHER_WORD_BASEBALL_408,Pitcher,,Pitcher,Baseball,,,,,,,,,,,,,,,,,投手
BASE_WORD_BASEBALL_408,Base,,Base,Baseball,,,,,,,,,,,,,,,,,壘
STRIKE_WORD_BASEBALL_408,Strike,,Strike,Baseball,,,,,,,,,,,,,,,,,好球
POUR_WORD_FLASKS_409,Pour,,Pour,Flasks,,,,,,,,,,,,,,,,,倒入
FILL_WORD_FLASKS_409,Fill,,Fill,Flasks,,,,,,,,,,,,,,,,,裝滿
DILUTE_WORD_FLASKS_409,Dilute,,Dilute,Flasks,,,,,,,,,,,,,,,,,稀釋
SHAKE_WORD_FLASKS_409,Shake,,Shake,Flasks,,,,,,,,,,,,,,,,,搖勻
ASCEND_WORD_LADDER_410,Ascend,,Ascend,Ladder,,,,,,,,,,,,,,,,,伸縮
DESCEND_WORD_LADDER_410,Descend,,Descend,Ladder,,,,,,,,,,,,,,,,,下降
ELEVATE_WORD_LADDER_410,Elevate,,Elevate,Ladder,,,,,,,,,,,,,,,,,提升
CLIMB_WORD_LADDER_410,Climb,,Climb,Ladder,,,,,,,,,,,,,,,,,攀爬
CHANCE_WORD_LUCK_411,Chance,,Chance,Luck,,,,,,,,,,,,,,,,,機會
GODSEND_WORD_LUCK_411,Godsend,,Godsend,Luck,,,,,,,,,,,,,,,,,恩賜
FORTUNE_WORD_LUCK_411,Fortune,,Fortune,Luck,,,,,,,,,,,,,,,,,幸運
RAGE_WORD_MADMAN_412,Rage,,Rage,Madman,,,,,,,,,,,,,,,,,暴怒
FURY_WORD_MADMAN_412,Fury,,Fury,Madman,,,,,,,,,,,,,,,,,狂怒
WRATH_WORD_MADMAN_412,Wrath,,Wrath,Madman,,,,,,,,,,,,,,,,,憤怒
INERTIA_WORD_PHYSICS_413,Inertia,,Inertia,Physics,Inertie,Trägheit,Inercia,Inércia,ความเฉื่อย,Inersia,Traagheid,慣性,Inerzia,Bezwładność,Eylemsizlik,Инерция,Inerție,慣性,Inerti,Інерція,惯性
ENERGY_WORD_PHYSICS_413,Energy,,Energy,Physics,,,,,,,,,,,,,,,,,能量
FORCE_WORD_PHYSICS_413,Force,,Force,Physics,Vigueur,Wucht,Vigor,Vigor,แรง,Gaya,Geweld,フォース,Vigore,Impet,Kuvvet,Напор,Vigoare,武力,Magt,Зусилля,武力
MASS_WORD_PHYSICS_413,Mass,,Mass,Physics,,,,,,,,,,,,,,,,,質量
SPEED_WORD_PHYSICS_413,Speed,,Speed,Physics,,,,,,,,,,,,,,,,,速度
POWER_WORD_PHYSICS_413,Power,,Power,Physics,Pouvoir,Energie,Poder,Poder,พลัง,Daya,Vermogen,パワー,Potere,Moc,Güç,Мощь,Energie,威力,Kraft,Потужність,威力
GRAVITY_WORD_PHYSICS_413,Gravity,,Gravity,Physics,,,,,,,,,,,,,,,,,重力
TORQUE_WORD_PHYSICS_413,Torque,,Torque,Physics,,,,,,,,,,,,,,,,,力矩
ENVY_WORD_DISLIKE_414,Envy,,Envy,Dislike,,,,,,,,,,,,,,,,,羨慕
FEAR_WORD_DISLIKE_414,Fear,,Fear,Dislike,,,,,,,,,,,,,,,,,恐懼
ANGER_WORD_DISLIKE_414,Anger,,Anger,Dislike,,,,,,,,,,,,,,,,,憤怒
HATE_WORD_DISLIKE_414,Hate,,Hate,Dislike,,,,,,,,,,,,,,,,,仇恨
DISMISS_WORD_DISLIKE_414,Dismiss,,Dismiss,Dislike,,,,,,,,,,,,,,,,,摒棄
IGNORE_WORD_DISLIKE_414,Ignore,,Ignore,Dislike,,,,,,,,,,,,,,,,,忽略
SPURN_WORD_DISLIKE_414,Spurn,,Spurn,Dislike,,,,,,,,,,,,,,,,,輕視
REJECT_WORD_DISLIKE_414,Reject,,Reject,Dislike,,,,,,,,,,,,,,,,,拒絕
SPINOZA_WORD_THINKERS_415,Spinoza,,Spinoza,Thinkers,,,,,,,,,,,,,,,,,史賓諾莎
CAMUS_WORD_THINKERS_415,Camus,,Camus,Thinkers,,,,,,,,,,,,,,,,,卡繆
FREUD_WORD_THINKERS_415,Freud,,Freud,Thinkers,,,,,,,,,,,,,,,,,弗洛伊德
HEGEL_WORD_THINKERS_415,Hegel,,Hegel,Thinkers,,,,,,,,,,,,,,,,,黑格爾
ENGELS_WORD_THINKERS_415,Engels,,Engels,Thinkers,,,,,,,,,,,,,,,,,恩格斯
DIOGENES_WORD_THINKERS_415,Diogenes,,Diogenes,Thinkers,,,,,,,,,,,,,,,,,第歐根尼
HOBBES_WORD_THINKERS_415,Hobbes,,Hobbes,Thinkers,,,,,,,,,,,,,,,,,霍布斯
LOCKE_WORD_THINKERS_415,Locke,,Locke,Thinkers,,,,,,,,,,,,,,,,,洛克
CONVEYOR_WORD_FACTORY_416,Conveyor,,Conveyor,Factory,,,,,,,,,,,,,,,,,輸送帶
CHILLER_WORD_FACTORY_416,Chiller,,Chiller,Factory,,,,,,,,,,,,,,,,,冷凍機
FURNACE_WORD_FACTORY_416,Furnace,,Furnace,Factory,,,,,,,,,,,,,,,,,熔爐
FORKLIFT_WORD_FACTORY_416,Forklift,,Forklift,Factory,,,,,,,,,,,,,,,,,堆高機
CRANE_WORD_FACTORY_416,Crane,,Crane,Factory,,,,,,,,,,,,,,,,,起重機
LATHE_WORD_FACTORY_416,Lathe,,Lathe,Factory,,,,,,,,,,,,,,,,,車床
TIPS_WORD_WE_PAY_417,Tips,,Tips,We pay,,,,,,,,,,,,,,,,,小費
FEES_WORD_WE_PAY_417,Fees,,Fees,We pay,,,,,,,,,,,,,,,,,費用
TAXES_WORD_WE_PAY_417,Taxes,,Taxes,We pay,,,,,,,,,,,,,,,,,稅金
DEBTS_WORD_WE_PAY_417,Debts,,Debts,We pay,,,,,,,,,,,,,,,,,債務
BILLS_WORD_WE_PAY_417,Bills,,Bills,We pay,,,,,,,,,,,,,,,,,帳單
TOLLS_WORD_WE_PAY_417,Tolls,,Tolls,We pay,,,,,,,,,,,,,,,,,過路費
COOKIE_WORD_BROWSER_418,Cookie,,Cookie,Browser,,,,,,,,,,,,,,,,,數位存根
CACHE_WORD_BROWSER_418,Cache,,Cache,Browser,,,,,,,,,,,,,,,,,快取
HISTORY_WORD_BROWSER_418,History,,History,Browser,Histoire,Geschichte,Historia,História,ประวัติศาสตร์,Sejarah,Geschiedenis,歴史,Storia,Historia,Tarih,История,Istorie,歷史,Historie,Історія,历史
BOOKMARK_WORD_BROWSER_418,Bookmark,,Bookmark,Browser,,,,,,,,,,,,,,,,,書籤
BROOM_WORD_WITCH_419,Broom,,Broom,Witch,,,,,,,,,,,,,,,,,掃帚
SPELL_WORD_WITCH_419,Spell,,Spell,Witch,,,,,,,,,,,,,,,,,咒語
COVEN_WORD_WITCH_419,Coven,,Coven,Witch,,,,,,,,,,,,,,,,,女巫集會
CAULDRON_WORD_WITCH_419,Cauldron,,Cauldron,Witch,Chaudron,Kessel,Caldero,Caldeirão,หม้อต้ม,Kuali,Ketel,大釜,Calderone,Kocioł,Kazan,Котёл,Cazan,坩堝,Kedel,Казан,坩埚
MATE_WORD_ANAGRAM_420,Mate,,Mate,Anagram,Camarade,Kamerad,Compañero,Companheiro,เพื่อน,Kawan,Maatje,メイト,Mate,Kumpel,Arkadaş,Пара,Partener,夥伴,Mate,Мате,伙伴
TEAM_WORD_ANAGRAM_420,Team,,Team,Anagram,Équipe,Team,Equipo,Equipe,ทีม,Tim,Team,チーム,Squadra,Drużyna,Takım,Команда,Echipă,隊伍,Hold,Команда,队伍
MEAT_WORD_ANAGRAM_420,Meat,,Meat,Anagram,Viande,Fleisch,Carne,Carne,เนื้อ,Daging,Vlees,ミート,Carne,Mięso,Et,Мясо,Carne,肉,Kød,М'ясо,肉
PORT_WORD_ANCHOR_421,Port,,Port,Anchor,,,,,,,,,,,,,,,,,港口
HARBOR_WORD_ANCHOR_421,Harbor,,Harbor,Anchor,,,,,,,,,,,,,,,,,港灣
DOCK_WORD_ANCHOR_421,Dock,,Dock,Anchor,,,,,,,,,,,,,,,,,碼頭
LOUDLY_WORD_ADVERBS_422,Loudly,,Loudly,Adverbs,,,,,,,,,,,,,,,,,但是
SLOWLY_WORD_ADVERBS_422,Slowly,,Slowly,Adverbs,,,,,,,,,,,,,,,,,例如
EASILY_WORD_ADVERBS_422,Easily,,Easily,Adverbs,,,,,,,,,,,,,,,,,除非
RARELY_WORD_ADVERBS_422,Rarely,,Rarely,Adverbs,,,,,,,,,,,,,,,,,由於
QUICKLY_WORD_ADVERBS_422,Quickly,,Quickly,Adverbs,,,,,,,,,,,,,,,,,然而
HAPPILY_WORD_ADVERBS_422,Happily,,Happily,Adverbs,,,,,,,,,,,,,,,,,因為
SILENTLY_WORD_ADVERBS_422,Silently,,Silently,Adverbs,,,,,,,,,,,,,,,,,而且
QUIETLY_WORD_ADVERBS_422,Quietly,,Quietly,Adverbs,,,,,,,,,,,,,,,,,所以
UGANDA_WORD_AFRICA_423,Uganda,,Uganda,Africa,,,,,,,,,,,,,,,,,烏干達
CHAD_WORD_AFRICA_423,Chad,,Chad,Africa,,,,,,,,,,,,,,,,,查德
ALGERIA_WORD_AFRICA_423,Algeria,,Algeria,Africa,,,,,,,,,,,,,,,,,阿爾及利亞
ANGOLA_WORD_AFRICA_423,Angola,,Angola,Africa,,,,,,,,,,,,,,,,,安哥拉
ZAMBIA_WORD_AFRICA_423,Zambia,,Zambia,Africa,,,,,,,,,,,,,,,,,尚比亞
GHANA_WORD_AFRICA_423,Ghana,,Ghana,Africa,,,,,,,,,,,,,,,,,迦納
LIBYA_WORD_AFRICA_423,Libya,,Libya,Africa,,,,,,,,,,,,,,,,,利比亞
TUNISIA_WORD_AFRICA_423,Tunisia,,Tunisia,Africa,,,,,,,,,,,,,,,,,突尼西亞
SYMPTOM_WORD_MEDICINE_424,Symptom,,Symptom,Medicine,,,,,,,,,,,,,,,,,症狀
PLACEBO_WORD_MEDICINE_424,Placebo,,Placebo,Medicine,,,,,,,,,,,,,,,,,安慰劑
THERAPY_WORD_MEDICINE_424,Therapy,,Therapy,Medicine,,,,,,,,,,,,,,,,,療法
DISEASE_WORD_MEDICINE_424,Disease,,Disease,Medicine,,,,,,,,,,,,,,,,,疾病
SURGERY_WORD_MEDICINE_424,Surgery,,Surgery,Medicine,,,,,,,,,,,,,,,,,手術
HEALTH_WORD_MEDICINE_424,Health,,Health,Medicine,,,,,,,,,,,,,,,,,健康
ASPIRIN_WORD_MEDICINE_424,Aspirin,,Aspirin,Medicine,,,,,,,,,,,,,,,,,阿斯匹靈
DOSAGE_WORD_MEDICINE_424,Dosage,,Dosage,Medicine,,,,,,,,,,,,,,,,,劑量
LOVE_WORD_CUPID_425,Love,,Love,Cupid,,,,,,,,,,,,,,,,,愛情
ROMANCE_WORD_CUPID_425,Romance,,Romance,Cupid,Romance,Romanze,Romance,Romance,โรแมนติก,Romansa,Romantiek,ロマンス,Romantico,Romans,Romantik,Романтика,Romantism,愛情片,Romantik,Романтика,爱情片
PASSION_WORD_CUPID_425,Passion,,Passion,Cupid,Passion,Leidenschaft,Pasión,Paixão,หลงใหล,Gairah,Passie,情熱,Passione,Pasja,Tutku,Страсть,Pasiune,熱情,Lidenskab,Пристрасть,热情
QUIVER_WORD_CUPID_425,Quiver,,Quiver,Cupid,,,,,,,,,,,,,,,,,箭袋
ARROW_WORD_CUPID_425,Arrow,,Arrow,Cupid,,,,,,,,,,,,,,,,,邱比特之箭
CRUSH_WORD_CUPID_425,Crush,,Crush,Cupid,,,,,,,,,,,,,,,,,迷戀
BONGO_WORD_DRUM_426,Bongo,,Bongo,Drum,Bongo,Bongo,Bongo,Bongo,บองโก,Bongo,Bongo,ボンゴ,Bongo,Bongo,Bongo,Бонго,Bongo,邦哥鼓,Bongo,Бонго,邦哥鼓
DJEMBE_WORD_DRUM_426,Djembe,,Djembe,Drum,Djembé,Djembe,Djembé,Djembê,เจมเบ,Djembe,Djembé,ジャンベ,Djembe,Djembe,Djembe,Джембе,Djembé,非洲鼓,Djembe,Джембе,非洲鼓
TABLA_WORD_DRUM_426,Tabla,,Tabla,Drum,Tabla,Tabla,Tabla,Tabla,ตับลา,Tabla,Tabla,タブラ,Tabla,Tabla,Tabla,Табла,Tabla,塔布拉鼓,Tabla,Табла,塔布拉鼓
ASHIKO_WORD_DRUM_426,Ashiko,,Ashiko,Drum,Ashiko,Ashiko,Ashiko,Ashiko,อาชิโก,Ashiko,Ashiko,アシコ,Ashiko,Ashiko,Ashiko,Ашико,Ashiko,阿希科鼓,Ashiko,Ашіко,阿希科鼓
BABY_WORD_CHILD_427,Baby,,Baby,Child,,,,,,,,,,,,,,,,,嬰兒
TODDLER_WORD_CHILD_427,Toddler,,Toddler,Child,,,,,,,,,,,,,,,,,幼兒
KID_WORD_CHILD_427,Kid,,Kid,Child,,,,,,,,,,,,,,,,,小孩
INFANT_WORD_CHILD_427,Infant,,Infant,Child,,,,,,,,,,,,,,,,,新生兒
LEAD_WORD_BATTERY_428,Lead,,Lead,Battery,,,,,,,,,,,,,,,,,鉛酸
ALKALINE_WORD_BATTERY_428,Alkaline,,Alkaline,Battery,,,,,,,,,,,,,,,,,鹼性
LITHIUM_WORD_BATTERY_428,Lithium,,Lithium,Battery,,,,,,,,,,,,,,,,,鋰
CAPACITY_WORD_BATTERY_428,Capacity,,Capacity,Battery,,,,,,,,,,,,,,,,,容量
CHUCKLE_WORD_LAUGH_429,Chuckle,,Chuckle,Laugh,,,,,,,,,,,,,,,,,輕笑
GIGGLE_WORD_LAUGH_429,Giggle,,Giggle,Laugh,,,,,,,,,,,,,,,,,咯咯笑
CHORTLE_WORD_LAUGH_429,Chortle,,Chortle,Laugh,,,,,,,,,,,,,,,,,哈哈大笑
WRAP_WORD_PACKING_430,Wrap,,Wrap,Packing,,,,,,,,,,,,,,,,,包覆
ROLL_WORD_PACKING_430,Roll,,Roll,Packing,,,,,,,,,,,,,,,,,捲起
FOLD_WORD_PACKING_430,Fold,,Fold,Packing,,,,,,,,,,,,,,,,,摺疊
MOO_WORD_COW_431,Moo,,Moo,Cow,,,,,,,,,,,,,,,,,哞哞
RANCH_WORD_COW_431,Ranch,,Ranch,Cow,,,,,,,,,,,,,,,,,牧場
BULL_WORD_COW_431,Bull,,Bull,Cow,,,,,,,,,,,,,,,,,公牛
CHEW_WORD_COW_431,Chew,,Chew,Cow,,,,,,,,,,,,,,,,,咀嚼
HEIFER_WORD_COW_431,Heifer,,Heifer,Cow,,,,,,,,,,,,,,,,,牛犢
STEER_WORD_COW_431,Steer,,Steer,Cow,Volant,Lenkung,Dirección,Direção,พวงมาลัย,Kemudi,Stier,ステアリング,Sterzo,Kierować,Direksiyon,Руль,Bou,轉向,Styre,Бик,转向
RUMINANT_WORD_COW_431,Ruminant,,Ruminant,Cow,,,,,,,,,,,,,,,,,反芻動物
HORNS_WORD_COW_431,Horns,,Horns,Cow,,,,,,,,,,,,,,,,,牛角
FOURTEEN_WORD_EVEN_432,Fourteen,,Fourteen,Even,,,,,,,,,,,,,,,,,十四
TWELVE_WORD_EVEN_432,Twelve,,Twelve,Even,,,,,,,,,,,,,,,,,十二
THIRTY_WORD_EVEN_432,Thirty,,Thirty,Even,,,,,,,,,,,,,,,,,三十
FOUR_WORD_EVEN_432,Four,,Four,Even,,,,,,,,,,,,,,,,,四
TWENTY_WORD_EVEN_432,Twenty,,Twenty,Even,,,,,,,,,,,,,,,,,二十
FORTY_WORD_EVEN_432,Forty,,Forty,Even,,,,,,,,,,,,,,,,,四十
SIXTY_WORD_EVEN_432,Sixty,,Sixty,Even,,,,,,,,,,,,,,,,,六十
EIGHTY_WORD_EVEN_432,Eighty,,Eighty,Even,,,,,,,,,,,,,,,,,八十
SHIRT_WORD_BUTTONS_433,Shirt,,Shirt,Buttons,,,,,,,,,,,,,,,,,襯衫
COAT_WORD_BUTTONS_433,Coat,,Coat,Buttons,,,,,,,,,,,,,,,,,外套
BLAZER_WORD_BUTTONS_433,Blazer,,Blazer,Buttons,,,,,,,,,,,,,,,,,西裝外套
CARDIGAN_WORD_BUTTONS_433,Cardigan,,Cardigan,Buttons,,,,,,,,,,,,,,,,,開襟衫
OVERALLS_WORD_BUTTONS_433,Overalls,,Overalls,Buttons,,,,,,,,,,,,,,,,,工裝褲
POLO_WORD_BUTTONS_433,Polo,,Polo,Buttons,,,,,,,,,,,,,,,,,Polo衫
HOLE_WORD_GOLF_434,Hole,,Hole,Golf,,,,,,,,,,,,,,,,,洞
BIRDIE_WORD_GOLF_434,Birdie,,Birdie,Golf,,,,,,,,,,,,,,,,,小鳥球
PAR_WORD_GOLF_434,Par,,Par,Golf,,,,,,,,,,,,,,,,,標準桿
BOGEY_WORD_GOLF_434,Bogey,,Bogey,Golf,,,,,,,,,,,,,,,,,柏忌
CADDIE_WORD_GOLF_434,Caddie,,Caddie,Golf,,,,,,,,,,,,,,,,,球僮
CLUB_WORD_GOLF_434,Club,,Club,Golf,,,,,,,,,,,,,,,,,球桿
KARAT_WORD_GOLD_435,Karat,,Karat,Gold,,,,,,,,,,,,,,,,,K金
INGOT_WORD_GOLD_435,Ingot,,Ingot,Gold,,,,,,,,,,,,,,,,,金條
ORE_WORD_GOLD_435,Ore,,Ore,Gold,,,,,,,,,,,,,,,,,金礦
NUGGET_WORD_GOLD_435,Nugget,,Nugget,Gold,,,,,,,,,,,,,,,,,金塊
SECRET_WORD_GOSSIP_436,Secret,,Secret,Gossip,,,,,,,,,,,,,,,,,秘密
SLANDER_WORD_GOSSIP_436,Slander,,Slander,Gossip,,,,,,,,,,,,,,,,,誹謗
WHISPER_WORD_GOSSIP_436,Whisper,,Whisper,Gossip,,,,,,,,,,,,,,,,,耳語
RUMOR_WORD_GOSSIP_436,Rumor,,Rumor,Gossip,,,,,,,,,,,,,,,,,謠言
BUCKLE_WORD_SEATBELT_437,Buckle,,Buckle,Seatbelt,,,,,,,,,,,,,,,,,插銷
LATCH_WORD_SEATBELT_437,Latch,,Latch,Seatbelt,,,,,,,,,,,,,,,,,三點式
STRAP_WORD_SEATBELT_437,Strap,,Strap,Seatbelt,,,,,,,,,,,,,,,,,捲收器
BELT_WORD_SEATBELT_437,Belt,,Belt,Seatbelt,,,,,,,,,,,,,,,,,織帶
CRISIS_WORD_SOS_438,Crisis,,Crisis,SOS,,,,,,,,,,,,,,,,,危機
TRAGEDY_WORD_SOS_438,Tragedy,,Tragedy,SOS,,,,,,,,,,,,,,,,,災難
CALAMITY_WORD_SOS_438,Calamity,,Calamity,SOS,,,,,,,,,,,,,,,,,緊急情況
SECOND_WORD_TIMER_439,Second,,Second,Timer,,,,,,,,,,,,,,,,,秒
MINUTE_WORD_TIMER_439,Minute,,Minute,Timer,,,,,,,,,,,,,,,,,分鐘
HOUR_WORD_TIMER_439,Hour,,Hour,Timer,,,,,,,,,,,,,,,,,小時
INSECTS_WORD_ZOOLOGY_440,Insects,,Insects,Zoology,,,,,,,,,,,,,,,,,昆蟲類
ANIMALS_WORD_ZOOLOGY_440,Animals,,Animals,Zoology,,,,,,,,,,,,,,,,,兩棲類
BIRDS_WORD_ZOOLOGY_440,Birds,,Birds,Zoology,,,,,,,,,,,,,,,,,鳥類
REPTILES_WORD_ZOOLOGY_440,Reptiles,,Reptiles,Zoology,,,,,,,,,,,,,,,,,爬蟲類
FISH_WORD_ZOOLOGY_440,Fish,,Fish,Zoology,,,,,,,,,,,,,,,,,魚類
ETHOLOGY_WORD_ZOOLOGY_440,Ethology,,Ethology,Zoology,,,,,,,,,,,,,,,,,動物行為學
MAMMALS_WORD_ZOOLOGY_440,Mammals,,Mammals,Zoology,,,,,,,,,,,,,,,,,哺乳類
HABITAT_WORD_ZOOLOGY_440,Habitat,,Habitat,Zoology,,,,,,,,,,,,,,,,,棲息地
ASAP_WORD_ACRONYMS_441,ASAP,,ASAP,Acronyms,,,,,,,,,,,,,,,,,ASAP
BOGO_WORD_ACRONYMS_441,BOGO,,BOGO,Acronyms,,,,,,,,,,,,,,,,,BOGO
FOMO_WORD_ACRONYMS_441,FOMO,,FOMO,Acronyms,,,,,,,,,,,,,,,,,FOMO
FAQ_WORD_ACRONYMS_441,FAQ,,FAQ,Acronyms,,,,,,,,,,,,,,,,,FAQ
NASA_WORD_ACRONYMS_441,NASA,,NASA,Acronyms,,,,,,,,,,,,,,,,,NASA
AI_WORD_ACRONYMS_441,AI,,AI,Acronyms,,,,,,,,,,,,,,,,,AI
AWOL_WORD_ACRONYMS_441,AWOL,,AWOL,Acronyms,,,,,,,,,,,,,,,,,AWOL
SWAT_WORD_ACRONYMS_441,SWAT,,SWAT,Acronyms,,,,,,,,,,,,,,,,,SWAT
CHINA_WORD_ASIA_442,China,,China,Asia,,,,,,,,,,,,,,,,,中國
THAILAND_WORD_ASIA_442,Thailand,,Thailand,Asia,,,,,,,,,,,,,,,,,泰國
MYANMAR_WORD_ASIA_442,Myanmar,,Myanmar,Asia,,,,,,,,,,,,,,,,,緬甸
VIETNAM_WORD_ASIA_442,Vietnam,,Vietnam,Asia,,,,,,,,,,,,,,,,,越南
LAOS_WORD_ASIA_442,Laos,,Laos,Asia,,,,,,,,,,,,,,,,,寮國
NEPAL_WORD_ASIA_442,Nepal,,Nepal,Asia,,,,,,,,,,,,,,,,,尼泊爾
BHUTAN_WORD_ASIA_442,Bhutan,,Bhutan,Asia,,,,,,,,,,,,,,,,,不丹
TAIWAN_WORD_ASIA_442,Taiwan,,Taiwan,Asia,,,,,,,,,,,,,,,,,韓國
VISA_WORD_PASSPORT_443,Visa,,Visa,Passport,,,,,,,,,,,,,,,,,簽證
STAMP_WORD_PASSPORT_443,Stamp,,Stamp,Passport,Timbre,Briefmarke,Sello,Selo,แสตมป์,Perangko,Postzegel,切手,Francobollo,Znaczek,Pul,Марка,Timbru,郵票,Frimærke,Марка,邮票
NAME_WORD_PASSPORT_443,Name,,Name,Passport,,,,,,,,,,,,,,,,,護照號碼
SURNAME_WORD_PASSPORT_443,Surname,,Surname,Passport,,,,,,,,,,,,,,,,,護照姓名
PHOTO_WORD_PASSPORT_443,Photo,,Photo,Passport,Photo,Foto,Foto,Foto,ภาพถ่าย,Foto,Foto,写真,Foto,Zdjęcie,Fotoğraf,Фото,Fotografie,攝影,Foto,Фото,摄影
HOLOGRAM_WORD_PASSPORT_443,Hologram,,Hologram,Passport,,,,,,,,,,,,,,,,,雷射防偽標籤
COVERT_WORD_MYSTERY_444,Covert,,Covert,Mystery,,,,,,,,,,,,,,,,,互動電影
STEALTHY_WORD_MYSTERY_444,Stealthy,,Stealthy,Mystery,,,,,,,,,,,,,,,,,沙盒
SHADOWY_WORD_MYSTERY_444,Shadowy,,Shadowy,Mystery,,,,,,,,,,,,,,,,,模擬
HIDDEN_WORD_MYSTERY_444,Hidden,,Hidden,Mystery,,,,,,,,,,,,,,,,,動作
OBSCURE_WORD_MYSTERY_444,Obscure,,Obscure,Mystery,,,,,,,,,,,,,,,,,卡牌
ELUSIVE_WORD_MYSTERY_444,Elusive,,Elusive,Mystery,,,,,,,,,,,,,,,,,角色扮演
A0_WORD_PAPER_445,A0,,A0,Paper,,,,,,,,,,,,,,,,,A0紙張
A1_WORD_PAPER_445,A1,,A1,Paper,,,,,,,,,,,,,,,,,A1紙張
A2_WORD_PAPER_445,A2,,A2,Paper,,,,,,,,,,,,,,,,,A2紙張
A3_WORD_PAPER_445,A3,,A3,Paper,,,,,,,,,,,,,,,,,A3紙張
A4_WORD_PAPER_445,A4,,A4,Paper,,,,,,,,,,,,,,,,,A4紙張
MUSIC_WORD_LISTEN_446,Music,,Music,Listen,,,,,,,,,,,,,,,,,音樂
PODCAST_WORD_LISTEN_446,Podcast,,Podcast,Listen,,,,,,,,,,,,,,,,,播客
RADIO_WORD_LISTEN_446,Radio,,Radio,Listen,,,,,,,,,,,,,,,,,收音機
CONCERT_WORD_LISTEN_446,Concert,,Concert,Listen,,,,,,,,,,,,,,,,,演唱會
BIRDSONG_WORD_LISTEN_446,Birdsong,,Birdsong,Listen,,,,,,,,,,,,,,,,,鳥鳴
TWIG_WORD_TREE_447,Twig,,Twig,Tree,,,,,,,,,,,,,,,,,嫩枝
BRANCH_WORD_TREE_447,Branch,,Branch,Tree,,,,,,,,,,,,,,,,,樹枝
BARK_WORD_TREE_447,Bark,,Bark,Tree,,,,,,,,,,,,,,,,,樹皮
LEAF_WORD_TREE_447,Leaf,,Leaf,Tree,,,,,,,,,,,,,,,,,樹葉
HONESTY_WORD_VIRTUES_448,Honesty,,Honesty,Virtues,,,,,,,,,,,,,,,,,誠實
COURAGE_WORD_VIRTUES_448,Courage,,Courage,Virtues,,,,,,,,,,,,,,,,,勇氣
JUSTICE_WORD_VIRTUES_448,Justice,,Justice,Virtues,,,,,,,,,,,,,,,,,正義
WISDOM_WORD_VIRTUES_448,Wisdom,,Wisdom,Virtues,,,,,,,,,,,,,,,,,智慧
HUMID_WORD_WET_449,Humid,,Humid,Wet,,,,,,,,,,,,,,,,,潮濕
MOIST_WORD_WET_449,Moist,,Moist,Wet,,,,,,,,,,,,,,,,,濕氣
DAMP_WORD_WET_449,Damp,,Damp,Wet,,,,,,,,,,,,,,,,,微濕
TRIUMPH_WORD_WREATH_450,Triumph,,Triumph,Wreath,Triomphe,Triumph,Triunfo,Triunfo,ชัยชนะ,Keunggulan,Triomf,凱旋,Trionfo,Triumf,Galip,Триумф,Triumf,勝利,Triumf,Тріумф,胜利
VICTORY_WORD_WREATH_450,Victory,,Victory,Wreath,Victoire,Sieg,Conquista,Vitória,มีชัย,Kejayaan,Overwinning,大勝利,Conquista,Wygrana,Galibiyet,Выигрыш,Izbândă,大捷,Sejr,Виграш,大捷
SUCCESS_WORD_WREATH_450,Success,,Success,Wreath,Succès,Erfolg,Éxito,Sucesso,ความสำเร็จ,Sukses,Succes,成功,Successo,Sukces,Başarı,Успех,Succes,成功,Succes,Успіх,成功
GOTHIC_WORD_ART_451,Gothic,,Gothic,Art,,,,,,,,,,,,,,,,,哥德式
CUBISM_WORD_ART_451,Cubism,,Cubism,Art,,,,,,,,,,,,,,,,,立體派
MODERN_WORD_ART_451,Modern,,Modern,Art,,,,,,,,,,,,,,,,,現代派
POP_ART_WORD_ART_451,Pop art,,Pop art,Art,,,,,,,,,,,,,,,,,普普藝術
DECO_WORD_ART_451,Deco,,Deco,Art,,,,,,,,,,,,,,,,,裝飾藝術
ABSTRACT_WORD_ART_451,Abstract,,Abstract,Art,,,,,,,,,,,,,,,,,抽象派
GRAFFITI_WORD_ART_451,Graffiti,,Graffiti,Art,,,,,,,,,,,,,,,,,塗鴉藝術
REALISM_WORD_ART_451,Realism,,Realism,Art,,,,,,,,,,,,,,,,,寫實主義
DUST_WORD_ALLERGEN_452,Dust,,Dust,Allergen,,,,,,,,,,,,,,,,,灰塵
NUTS_WORD_ALLERGEN_452,Nuts,,Nuts,Allergen,,,,,,,,,,,,,,,,,堅果
POLLEN_WORD_ALLERGEN_452,Pollen,,Pollen,Allergen,,,,,,,,,,,,,,,,,花粉
LATEX_WORD_ALLERGEN_452,Latex,,Latex,Allergen,,,,,,,,,,,,,,,,,乳膠
KEY_WORD_ACCESS_453,Key,,Key,Access,,,,,,,,,,,,,,,,,密鑰
PASSWORD_WORD_ACCESS_453,Password,,Password,Access,Mot de passe,Passwort,Contraseña,Senha,รหัสผ่าน,Kata sandi,Wachtwoord,パスワード,Password,Hasło,Şifre,Пароль,Parolă,口令,Adgangskode,Пароль,口令
KEYCARD_WORD_ACCESS_453,Keycard,,Keycard,Access,,,,,,,,,,,,,,,,,感應卡
PASSCODE_WORD_ACCESS_453,Passcode,,Passcode,Access,,,,,,,,,,,,,,,,,通行碼
YOGA_WORD_ZEN_454,Yoga,,Yoga,Zen,Yoga,Yoga,Yoga,Yoga,โยคะ,Yoga,Yoga,ヨガ,Yoga,Joga,Yoga,Йога,Yoga,瑜伽,Yoga,Yoga,瑜伽
RINZAI_WORD_ZEN_454,Rinzai,,Rinzai,Zen,Rinzai,Rinzai,Rinzai,Rinzai,รินไซ,Rinzai,Rinzai,臨済,Rinzai,Rinzai,Rinzai,Риндзай,Rinzai,臨濟,Rinzai,Ріндзай,临济
DHARMA_WORD_ZEN_454,Dharma,,Dharma,Zen,Dharma,Dharma,Dharma,Dharma,ธรรมะ,Dharma,Dharma,法,Dharma,Dharma,Dharma,Дхарма,Dharma,法,Dharma,Дхарма,法
SNOUT_WORD_ZEBRA_455,Snout,,Snout,Zebra,,,,,,,,,,,,,,,,,黑白條紋
HOOF_WORD_ZEBRA_455,Hoof,,Hoof,Zebra,,,,,,,,,,,,,,,,,有蹄類
TAIL_WORD_ZEBRA_455,Tail,,Tail,Zebra,,,,,,,,,,,,,,,,,直立的鬃毛
WIFE_WORD_FAMILY_456,Wife,,Wife,Family,,,,,,,,,,,,,,,,,妻子
SON_WORD_FAMILY_456,Son,,Son,Family,,,,,,,,,,,,,,,,,兒子
UNCLE_WORD_FAMILY_456,Uncle,,Uncle,Family,,,,,,,,,,,,,,,,,舅舅
SISTER_WORD_FAMILY_456,Sister,,Sister,Family,,,,,,,,,,,,,,,,,姊姊
AUNT_WORD_FAMILY_456,Aunt,,Aunt,Family,,,,,,,,,,,,,,,,,姑媽
COUSIN_WORD_FAMILY_456,Cousin,,Cousin,Family,,,,,,,,,,,,,,,,,表親
NIECE_WORD_FAMILY_456,Niece,,Niece,Family,,,,,,,,,,,,,,,,,姪女
MOTHER_WORD_FAMILY_456,Mother,,Mother,Family,,,,,,,,,,,,,,,,,母親
ARTEMIS_WORD_GODS_457,Artemis,,Artemis,Gods,,,,,,,,,,,,,,,,,阿提密斯
APOLLO_WORD_GODS_457,Apollo,,Apollo,Gods,,,,,,,,,,,,,,,,,阿波羅
ARES_WORD_GODS_457,Ares,,Ares,Gods,,,,,,,,,,,,,,,,,阿瑞斯
HERMES_WORD_GODS_457,Hermes,,Hermes,Gods,,,,,,,,,,,,,,,,,荷米斯
POSEIDON_WORD_GODS_457,Poseidon,,Poseidon,Gods,,,,,,,,,,,,,,,,,波塞冬
SHIVA_WORD_GODS_457,Shiva,,Shiva,Gods,,,,,,,,,,,,,,,,,濕婆
VELES_WORD_GODS_457,Veles,,Veles,Gods,,,,,,,,,,,,,,,,,維列斯
KRISHNA_WORD_GODS_457,Krishna,,Krishna,Gods,,,,,,,,,,,,,,,,,奎師那
MERIDIAN_WORD_GLOBE_458,Meridian,,Meridian,Globe,,,,,,,,,,,,,,,,,經線
EQUATOR_WORD_GLOBE_458,Equator,,Equator,Globe,,,,,,,,,,,,,,,,,赤道
LATITUDE_WORD_GLOBE_458,Latitude,,Latitude,Globe,,,,,,,,,,,,,,,,,緯線
SPHERE_WORD_GLOBE_458,Sphere,,Sphere,Globe,,,,,,,,,,,,,,,,,球體
ATLAS_WORD_GLOBE_458,Atlas,,Atlas,Globe,Atlas,Atlas,Atlas,Atlas,แผนที่โลก,Atlas,Atlas,地図帳,Atlante,Atlas,Atlas,Атлас,Atlas,地圖集,Atlas,Атлас,地图集
WORLD_WORD_GLOBE_458,World,,World,Globe,,,,,,,,,,,,,,,,,世界
MAP_WORD_GLOBE_458,Map,,Map,Globe,,,,,,,,,,,,,,,,,地圖
REGION_WORD_GLOBE_458,Region,,Region,Globe,Région,Region,Región,Região,ภูมิภาค,Daerah,Gebied,地域,Regione,Region,Bölge,Регион,Zonă,地區,Region,Регіон,地区
SLEEPY_WORD_YAWN_459,Sleepy,,Sleepy,Yawn,,,,,,,,,,,,,,,,,睏倦
DROWSY_WORD_YAWN_459,Drowsy,,Drowsy,Yawn,,,,,,,,,,,,,,,,,昏昏欲睡
WEARY_WORD_YAWN_459,Weary,,Weary,Yawn,,,,,,,,,,,,,,,,,疲憊
TIRED_WORD_YAWN_459,Tired,,Tired,Yawn,,,,,,,,,,,,,,,,,疲倦
DOZY_WORD_YAWN_459,Dozy,,Dozy,Yawn,,,,,,,,,,,,,,,,,打盹
SLUGGISH_WORD_YAWN_459,Sluggish,,Sluggish,Yawn,,,,,,,,,,,,,,,,,精神不濟
TAPEWORM_WORD_WORMS_460,Tapeworm,,Tapeworm,Worms,,,,,,,,,,,,,,,,,絛蟲
HOOKWORM_WORD_WORMS_460,Hookworm,,Hookworm,Worms,,,,,,,,,,,,,,,,,鉤蟲
LUGWORM_WORD_WORMS_460,Lugworm,,Lugworm,Worms,,,,,,,,,,,,,,,,,海蚯蚓
FLATWORM_WORD_WORMS_460,Flatworm,,Flatworm,Worms,,,,,,,,,,,,,,,,,扁蟲
BELUGA_WORD_WHALE_461,Beluga,,Beluga,Whale,,,,,,,,,,,,,,,,,白鯨
NARWHAL_WORD_WHALE_461,Narwhal,,Narwhal,Whale,,,,,,,,,,,,,,,,,獨角鯨
ORCA_WORD_WHALE_461,Orca,,Orca,Whale,,,,,,,,,,,,,,,,,虎鯨
HUMPBACK_WORD_WHALE_461,Humpback,,Humpback,Whale,,,,,,,,,,,,,,,,,大翅鯨
SALTY_WORD_BACON_462,Salty,,Salty,Bacon,,,,,,,,,,,,,,,,,鹹香
CRISPY_WORD_BACON_462,Crispy,,Crispy,Bacon,,,,,,,,,,,,,,,,,酥脆
SMOKED_WORD_BACON_462,Smoked,,Smoked,Bacon,,,,,,,,,,,,,,,,,煙燻
JOLLY_WORD_CLOWN_463,Jolly,,Jolly,Clown,,,,,,,,,,,,,,,,,歡樂
FUNNY_WORD_CLOWN_463,Funny,,Funny,Clown,,,,,,,,,,,,,,,,,有趣
PLAYFUL_WORD_CLOWN_463,Playful,,Playful,Clown,,,,,,,,,,,,,,,,,俏皮
DORM_WORD_COLLEGE_464,Dorm,,Dorm,College,,,,,,,,,,,,,,,,,宿舍
STUDIES_WORD_COLLEGE_464,Studies,,Studies,College,,,,,,,,,,,,,,,,,學業
CLASS_WORD_COLLEGE_464,Class,,Class,College,,,,,,,,,,,,,,,,,課程
CAMPUS_WORD_COLLEGE_464,Campus,,Campus,College,,,,,,,,,,,,,,,,,校園
LECTURE_WORD_COLLEGE_464,Lecture,,Lecture,College,,,,,,,,,,,,,,,,,講座
FACULTY_WORD_COLLEGE_464,Faculty,,Faculty,College,,,,,,,,,,,,,,,,,教職員
TUITION_WORD_COLLEGE_464,Tuition,,Tuition,College,,,,,,,,,,,,,,,,,學費
ALUMNI_WORD_COLLEGE_464,Alumni,,Alumni,College,,,,,,,,,,,,,,,,,校友
ISSUE_WORD_COMICS_465,Issue,,Issue,Comics,,,,,,,,,,,,,,,,,期刊
MARVEL_UNIVERSE_WORD_COMICS_465,Marvel Universe,,Marvel Universe,Comics,,,,,,,,,,,,,,,,,漫威宇宙
VILLAIN_WORD_COMICS_465,Villain,,Villain,Comics,,,,,,,,,,,,,,,,,反派
SUPERPOWER_WORD_COMICS_465,Superpower,,Superpower,Comics,,,,,,,,,,,,,,,,,超凡能力
SPEECH_BUBBLE_WORD_COMICS_465,Speech bubble,,Speech bubble,Comics,,,,,,,,,,,,,,,,,對話框
ICONIC_COSTUME_WORD_COMICS_465,Iconic costume,,Iconic costume,Comics,,,,,,,,,,,,,,,,,標誌性服裝
HERO_WORD_COMICS_465,Hero,,Hero,Comics,,,,,,,,,,,,,,,,,英雄
DC_UNIVERSE_WORD_COMICS_465,DC Universe,,DC Universe,Comics,,,,,,,,,,,,,,,,,DC宇宙
SWIMMING_WORD_SPORTS_466,Swimming,,Swimming,Sports,,,,,,,,,,,,,,,,,游泳
GOLF_WORD_SPORTS_466,Golf,,Golf,Sports,,,,,,,,,,,,,,,,,高爾夫
JOGGING_WORD_SPORTS_466,Jogging,,Jogging,Sports,Jogging,Jogging,Jogging,Jogging,วิ่งจ๊อกกิ้ง,Joging,Joggen,ジョギング,Jogging,Bieganie,Koşu,Бег,Jogging,慢跑,Jogging,Біг,慢跑
TENNIS_WORD_SPORTS_466,Tennis,,Tennis,Sports,,,,,,,,,,,,,,,,,網球
BASKETBALL_WORD_SPORTS_466,Basketball,,Basketball,Sports,,,,,,,,,,,,,,,,,籃球
FOOTBALL_WORD_SPORTS_466,Football,,Football,Sports,,,,,,,,,,,,,,,,,足球
BADMINTON_WORD_SPORTS_466,Badminton,,Badminton,Sports,,,,,,,,,,,,,,,,,羽毛球
TABLE_TENNIS_WORD_SPORTS_466,Table tennis,,Table tennis,Sports,,,,,,,,,,,,,,,,,乒乓球
EXPLODE_WORD_DYNAMITE_467,Explode,,Explode,Dynamite,,,,,,,,,,,,,,,,,爆炸
DETONATE_WORD_DYNAMITE_467,Detonate,,Detonate,Dynamite,,,,,,,,,,,,,,,,,雷管引爆
NOBEL_WORD_DYNAMITE_467,Nobel,,Nobel,Dynamite,,,,,,,,,,,,,,,,,諾貝爾
BLAST_WORD_DYNAMITE_467,Blast,,Blast,Dynamite,,,,,,,,,,,,,,,,,爆破
DESTROY_WORD_DYNAMITE_467,Destroy,,Destroy,Dynamite,,,,,,,,,,,,,,,,,摧毀
BANG_WORD_DYNAMITE_467,Bang,,Bang,Dynamite,,,,,,,,,,,,,,,,,C4炸藥
FOOD_CHAIN_WORD_ECOLOGY_468,Food chain,,Food chain,Ecology,,,,,,,,,,,,,,,,,食物鏈
BIOSPHERE_WORD_ECOLOGY_468,Biosphere,,Biosphere,Ecology,,,,,,,,,,,,,,,,,生物圈
MATERIAL_CYCLE_WORD_ECOLOGY_468,Material cycle,,Material cycle,Ecology,,,,,,,,,,,,,,,,,物質循環
ENERGY_FLOW_WORD_ECOLOGY_468,Energy flow,,Energy flow,Ecology,,,,,,,,,,,,,,,,,能量流動
ECOZONE_WORD_ECOLOGY_468,Ecozone,,Ecozone,Ecology,,,,,,,,,,,,,,,,,生態區
GLOBAL_CHANGE_WORD_ECOLOGY_468,Global change,,Global change,Ecology,,,,,,,,,,,,,,,,,全球變遷
ANVIL_WORD_FORGE_469,Anvil,,Anvil,Forge,,,,,,,,,,,,,,,,,鐵砧
SMELT_WORD_FORGE_469,Smelt,,Smelt,Forge,,,,,,,,,,,,,,,,,冶煉
HAMMER_WORD_FORGE_469,Hammer,,Hammer,Forge,Marteau,Hammer,Martillo,Martelo,ค้อน,Palu,Hamer,ハンマー,Martello,Młotek,Çekiç,Молоток,Ciocan,拍賣槌,Hammer,Молот,拍卖槌
FLAME_WORD_FORGE_469,Flame,,Flame,Forge,,,,,,,,,,,,,,,,,熱鍛
MENU_WORD_LISTS_470,Menu,,Menu,Lists,,,,,,,,,,,,,,,,,選單
PLAYLIST_WORD_LISTS_470,Playlist,,Playlist,Lists,,,,,,,,,,,,,,,,,播放清單
AGENDA_WORD_LISTS_470,Agenda,,Agenda,Lists,,,,,,,,,,,,,,,,,待辦清單
FORBES_WORD_LISTS_470,Forbes,,Forbes,Lists,,,,,,,,,,,,,,,,,富比士排名
TICKET_WORD_LOTTERY_471,Ticket,,Ticket,Lottery,,,,,,,,,,,,,,,,,彩券
JACKPOT_WORD_LOTTERY_471,Jackpot,,Jackpot,Lottery,,,,,,,,,,,,,,,,,頭獎
WINNER_WORD_LOTTERY_471,Winner,,Winner,Lottery,,,,,,,,,,,,,,,,,中獎者
SOUP_WORD_PUMPKINS_472,Soup,,Soup,Pumpkins,,,,,,,,,,,,,,,,,南瓜湯
PIE_WORD_PUMPKINS_472,Pie,,Pie,Pumpkins,,,,,,,,,,,,,,,,,南瓜派
BREAD_WORD_PUMPKINS_472,Bread,,Bread,Pumpkins,,,,,,,,,,,,,,,,,南瓜麵包
VERDANA_WORD_FONTS_473,Verdana,,Verdana,Fonts,,,,,,,,,,,,,,,,,Verdana
ARIAL_WORD_FONTS_473,Arial,,Arial,Fonts,,,,,,,,,,,,,,,,,Arial
FUTURA_WORD_FONTS_473,Futura,,Futura,Fonts,,,,,,,,,,,,,,,,,Futura
ROBOTO_WORD_FONTS_473,Roboto,,Roboto,Fonts,,,,,,,,,,,,,,,,,Roboto
CALIBRI_WORD_FONTS_473,Calibri,,Calibri,Fonts,,,,,,,,,,,,,,,,,Calibri
SERIF_WORD_FONTS_473,Serif,,Serif,Fonts,,,,,,,,,,,,,,,,,Serif
ITALIC_WORD_FONTS_473,Italic,,Italic,Fonts,,,,,,,,,,,,,,,,,Italic
BOLD_WORD_FONTS_473,Bold,,Bold,Fonts,,,,,,,,,,,,,,,,,Bold
HOP_WORD_RABBIT_474,Hop,,Hop,Rabbit,,,,,,,,,,,,,,,,,蹦跳
BURROW_WORD_RABBIT_474,Burrow,,Burrow,Rabbit,,,,,,,,,,,,,,,,,挖洞
MAMMAL_WORD_RABBIT_474,Mammal,,Mammal,Rabbit,,,,,,,,,,,,,,,,,哺乳動物
CARROT_WORD_RABBIT_474,Carrot,,Carrot,Rabbit,,,,,,,,,,,,,,,,,紅蘿蔔
FUR_WORD_RABBIT_474,Fur,,Fur,Rabbit,,,,,,,,,,,,,,,,,皮毛
BUNNY_WORD_RABBIT_474,Bunny,,Bunny,Rabbit,,,,,,,,,,,,,,,,,小兔
PET_WORD_RABBIT_474,Pet,,Pet,Rabbit,,,,,,,,,,,,,,,,,寵物
EARS_WORD_RABBIT_474,Ears,,Ears,Rabbit,,,,,,,,,,,,,,,,,兔耳
SIGNAL_WORD_RADIO_475,Signal,,Signal,Radio,,,,,,,,,,,,,,,,,訊號
TUNER_WORD_RADIO_475,Tuner,,Tuner,Radio,,,,,,,,,,,,,,,,,調諧器
WAVE_WORD_RADIO_475,Wave,,Wave,Radio,,,,,,,,,,,,,,,,,波段
FM_WORD_RADIO_475,FM,,FM,Radio,,,,,,,,,,,,,,,,,調頻廣播
AM_WORD_RADIO_475,AM,,AM,Radio,,,,,,,,,,,,,,,,,調幅廣播
STATION_WORD_RADIO_475,Station,,Station,Radio,,,,,,,,,,,,,,,,,電台
DJ_WORD_RADIO_475,DJ,,DJ,Radio,,,,,,,,,,,,,,,,,播音員
RECEIVER_WORD_RADIO_475,Receiver,,Receiver,Radio,,,,,,,,,,,,,,,,,接收器
YAWN_WORD_REFLEXES_476,Yawn,,Yawn,Reflexes,,,,,,,,,,,,,,,,,打哈欠
BLINK_WORD_REFLEXES_476,Blink,,Blink,Reflexes,,,,,,,,,,,,,,,,,眨眼
SNEEZE_WORD_REFLEXES_476,Sneeze,,Sneeze,Reflexes,,,,,,,,,,,,,,,,,打噴嚏
GAG_WORD_REFLEXES_476,Gag,,Gag,Reflexes,,,,,,,,,,,,,,,,,作嘔
FLINCH_WORD_REFLEXES_476,Flinch,,Flinch,Reflexes,,,,,,,,,,,,,,,,,退縮
COUGH_WORD_REFLEXES_476,Cough,,Cough,Reflexes,Toux,Husten,Tos,Tosse,ไอ,Batuk,Hoest,咳,Tosse,Kaszel,Öksürük,Кашель,Tuse,咳嗽,Hoste,Кашель,咳嗽
FREEFALL_WORD_SKYDIVER_477,Freefall,,Freefall,Skydiver,,,,,,,,,,,,,,,,,自由落體
SKY_WORD_SKYDIVER_477,Sky,,Sky,Skydiver,,,,,,,,,,,,,,,,,天空
RIPCORD_WORD_SKYDIVER_477,Ripcord,,Ripcord,Skydiver,,,,,,,,,,,,,,,,,拉繩
HELMET_WORD_SKYDIVER_477,Helmet,,Helmet,Skydiver,Casque,Helm,Casco,Capacete,หมวกเกราะ,Helm,Helm,兜,Elmo,Hełm,Miğfer,Шлем,Cască,頭盔,Hjelm,Шолом,头盔
FLIGHT_WORD_SKYDIVER_477,Flight,,Flight,Skydiver,,,,,,,,,,,,,,,,,飛行
HARNESS_WORD_SKYDIVER_477,Harness,,Harness,Skydiver,Harnais,Geschirr,Arnés,Arreio,สายรัด,Tali kuda,Tuig,馬具,Finimenti,Uprząż,Koşum,Упряжь,Ham,馬具,Seletøj,Упряж,马具
DANGER_WORD_THRILLER_478,Danger,,Danger,Thriller,,,,,,,,,,,,,,,,,以卵擊石
SUSPENSE_WORD_THRILLER_478,Suspense,,Suspense,Thriller,,,,,,,,,,,,,,,,,先發制人
INTRIGUE_WORD_THRILLER_478,Intrigue,,Intrigue,Thriller,,,,,,,,,,,,,,,,,老當益壯
TENSION_WORD_THRILLER_478,Tension,,Tension,Thriller,,,,,,,,,,,,,,,,,井底之蛙
IDOL_WORD_TOTEM_479,Idol,,Idol,Totem,Idole,Idol,Ídolo,Ídolo,เทวรูป,Berhala,Idool,偶像,Idolo,Bożek,Put,Идол,Idol,神像,Idol,Ідол,神像
RELIC_WORD_TOTEM_479,Relic,,Relic,Totem,Relique,Relikt,Reliquia,Relíquia,วัตถุโบราณ,Relik,Relikwie,聖遺物,Reliquia,Relikwia,Kalıntı,Реликвия,Relicvă,遺物,Relikvie,Реліквія,遗物
CREST_WORD_TOTEM_479,Crest,,Crest,Totem,Crête,Kamm,Cresta,Crista,ยอดคลื่น,Puncak,Wapenschild,波頭,Cresta,Grzbiet fali,Dalga tepesi,Гребень волны,Stemă,浪頂,Kam,Герб,浪顶
TALISMAN_WORD_TOTEM_479,Talisman,,Talisman,Totem,,,,,,,,,,,,,,,,,護符
AIM_WORD_TARGETS_480,Aim,,Aim,Targets,,,,,,,,,,,,,,,,,瞄準
GOAL_WORD_TARGETS_480,Goal,,Goal,Targets,But,Tor,Gol,Gol,ประตู,Gol,Doel,ゴール,Gol,Gol,Gol,Гол,Gol,進球,Mål,Гол,进球
PURPOSE_WORD_TARGETS_480,Purpose,,Purpose,Targets,,,,,,,,,,,,,,,,,目的
OUTGOING_WORD_CALL_481,Outgoing,,Outgoing,Call,,,,,,,,,,,,,,,,,撥出
INCOMING_WORD_CALL_481,Incoming,,Incoming,Call,,,,,,,,,,,,,,,,,來電
MISSED_WORD_CALL_481,Missed,,Missed,Call,,,,,,,,,,,,,,,,,未接
LOUNGE_WORD_COCKTAIL_482,Lounge,,Lounge,Cocktail,,,,,,,,,,,,,,,,,酒廊
ICE_CUBE_WORD_COCKTAIL_482,Ice cube,,Ice cube,Cocktail,,,,,,,,,,,,,,,,,冰塊
RECIPE_WORD_COCKTAIL_482,Recipe,,Recipe,Cocktail,,,,,,,,,,,,,,,,,雞尾酒配方
JUICE_WORD_COCKTAIL_482,Juice,,Juice,Cocktail,Jus,Saft,Zumo,Suco,น้ำผลไม้,Jus,Sap,ジュース,Succo,Sok,Meyve suyu,Сок,Suc,果汁,Juice,Сік,果汁
SHAKER_WORD_COCKTAIL_482,Shaker,,Shaker,Cocktail,,,,,,,,,,,,,,,,,搖酒器
SYRUP_WORD_COCKTAIL_482,Syrup,,Syrup,Cocktail,,,,,,,,,,,,,,,,,糖漿
BAR_WORD_COCKTAIL_482,Bar,,Bar,Cocktail,,,,,,,,,,,,,,,,,酒吧
FLAVOR_WORD_COCKTAIL_482,Flavor,,Flavor,Cocktail,,,,,,,,,,,,,,,,,調酒師
SUMMER_WORD_HOT_483,Summer,,Summer,Hot,Été,Sommer,Verano,Verão,ฤดูร้อน,Panas,Zomer,夏,Estate,Lato,Yaz,Лето,Vară,夏天,Sommer,Літо,夏天
GEYSER_WORD_HOT_483,Geyser,,Geyser,Hot,,,,,,,,,,,,,,,,,間歇泉
VOLCANO_WORD_HOT_483,Volcano,,Volcano,Hot,,,,,,,,,,,,,,,,,火山
STEAM_WORD_HOT_483,Steam,,Steam,Hot,,,,,,,,,,,,,,,,,蒸汽
DESERT_WORD_HOT_483,Desert,,Desert,Hot,,,,,,,,,,,,,,,,,沙漠
BONFIRE_WORD_HOT_483,Bonfire,,Bonfire,Hot,,,,,,,,,,,,,,,,,篝火
LAVA_WORD_HOT_483,Lava,,Lava,Hot,,,,,,,,,,,,,,,,,熔岩
EMBERS_WORD_HOT_483,Embers,,Embers,Hot,,,,,,,,,,,,,,,,,餘燼
SOAP_WORD_HYGIENE_484,Soap,,Soap,Hygiene,,,,,,,,,,,,,,,,,香皂
SHAMPOO_WORD_HYGIENE_484,Shampoo,,Shampoo,Hygiene,,,,,,,,,,,,,,,,,洗髮精
PATHOGEN_WORD_HYGIENE_484,Pathogen,,Pathogen,Hygiene,,,,,,,,,,,,,,,,,病原體
SANITIZE_WORD_HYGIENE_484,Sanitize,,Sanitize,Hygiene,,,,,,,,,,,,,,,,,消毒
WASH_WORD_HYGIENE_484,Wash,,Wash,Hygiene,,,,,,,,,,,,,,,,,沖洗
CLEAN_WORD_HYGIENE_484,Clean,,Clean,Hygiene,,,,,,,,,,,,,,,,,清潔
BACTERIA_WORD_HYGIENE_484,Bacteria,,Bacteria,Hygiene,,,,,,,,,,,,,,,,,細菌
BATHE_WORD_HYGIENE_484,Bathe,,Bathe,Hygiene,,,,,,,,,,,,,,,,,沐浴
VINE_WORD_JUNGLE_485,Vine,,Vine,Jungle,,,,,,,,,,,,,,,,,藤蔓
FERN_WORD_JUNGLE_485,Fern,,Fern,Jungle,,,,,,,,,,,,,,,,,蕨類植物
SAFARI_WORD_JUNGLE_485,Safari,,Safari,Jungle,,,,,,,,,,,,,,,,,狩獵
MOSS_WORD_JUNGLE_485,Moss,,Moss,Jungle,,,,,,,,,,,,,,,,,苔蘚
HUMIDITY_WORD_JUNGLE_485,Humidity,,Humidity,Jungle,,,,,,,,,,,,,,,,,濕度
TARZAN_WORD_JUNGLE_485,Tarzan,,Tarzan,Jungle,,,,,,,,,,,,,,,,,泰山
MANGROVE_WORD_JUNGLE_485,Mangrove,,Mangrove,Jungle,,,,,,,,,,,,,,,,,紅樹林
KIPLING_WORD_JUNGLE_485,Kipling,,Kipling,Jungle,,,,,,,,,,,,,,,,,亞馬遜
ROAMER_WORD_NOMADS_486,Roamer,,Roamer,Nomads,,,,,,,,,,,,,,,,,漂泊者
TRAVELER_WORD_NOMADS_486,Traveler,,Traveler,Nomads,,,,,,,,,,,,,,,,,旅行者
WANDERER_WORD_NOMADS_486,Wanderer,,Wanderer,Nomads,,,,,,,,,,,,,,,,,漫遊者
VAGRANT_WORD_NOMADS_486,Vagrant,,Vagrant,Nomads,,,,,,,,,,,,,,,,,流浪者
WAYFARER_WORD_NOMADS_486,Wayfarer,,Wayfarer,Nomads,,,,,,,,,,,,,,,,,徒步旅行者
PILGRIM_WORD_NOMADS_486,Pilgrim,,Pilgrim,Nomads,,,,,,,,,,,,,,,,,朝聖者
SMELL_WORD_NOSE_487,Smell,,Smell,Nose,,,,,,,,,,,,,,,,,氣味
SNIFF_WORD_NOSE_487,Sniff,,Sniff,Nose,,,,,,,,,,,,,,,,,嗅味
SCENT_WORD_NOSE_487,Scent,,Scent,Nose,,,,,,,,,,,,,,,,,香味
WHIFF_WORD_NOSE_487,Whiff,,Whiff,Nose,,,,,,,,,,,,,,,,,燒焦味
SNUFFLE_WORD_NOSE_487,Snuffle,,Snuffle,Nose,,,,,,,,,,,,,,,,,腥味
AROMA_WORD_NOSE_487,Aroma,,Aroma,Nose,,,,,,,,,,,,,,,,,菸味
ROUTER_WORD_NETWORK_488,Router,,Router,Network,Routeur,Router,Router,Roteador,เราเตอร์,Router,Router,ルーター,Router,Router,Yönlendirici,Роутер,Router,路由器,Router,Маршрутизатор,路由器
SERVER_WORD_NETWORK_488,Server,,Server,Network,Serveur,Server,Servidor,Servidor,เซิร์ฟเวอร์,Server,Server,サーバー,Server,Serwer,Sunucu,Сервер,Server,伺服器,Server,Сервер,服务器
GATEWAY_WORD_NETWORK_488,Gateway,,Gateway,Network,Passerelle,Gateway,Puerta enlace,Gateway,เกตเวย์,Gateway,Toegangspoort,ゲートウェイ,Gateway,Brama,Ağ geçidi,Шлюз,Portal,閘道器,Portal,Шлюз,网关
ETHERNET_WORD_NETWORK_488,Ethernet,,Ethernet,Network,Ethernet,Ethernet,Ethernet,Ethernet,อีเทอร์เน็ต,Ethernet,Ethernet,イーサネット,Ethernet,Ethernet,Ethernet,Ethernet,Ethernet,乙太網路,Ethernet,Ethernet,以太网
PACKET_WORD_NETWORK_488,Packet,,Packet,Network,Paquet,Paket,Paquete,Pacote,แพ็กเก็ต,Paket,Pakket,パケット,Pacchetto,Pakiet,Paket,Пакет,Pachet,封包,Pakke,Пакет,封包
GUMS_WORD_MOUTH_489,Gums,,Gums,Mouth,,,,,,,,,,,,,,,,,牙齦
LIPS_WORD_MOUTH_489,Lips,,Lips,Mouth,,,,,,,,,,,,,,,,,唇
TEETH_WORD_MOUTH_489,Teeth,,Teeth,Mouth,Dents,Zähne,Dientes,Dentes,ฟัน,Gigi,Tanden,歯,Denti,Zęby,Dişler,Зубья,Dinți,鋸齒,Tænder,Зуби,锯齿
TONGUE_WORD_MOUTH_489,Tongue,,Tongue,Mouth,,,,,,,,,,,,,,,,,舌頭
PALATE_WORD_MOUTH_489,Palate,,Palate,Mouth,,,,,,,,,,,,,,,,,顎
ABYSS_WORD_DEPTHS_490,Abyss,,Abyss,Depths,,,,,,,,,,,,,,,,,山地
CANYON_WORD_DEPTHS_490,Canyon,,Canyon,Depths,,,,,,,,,,,,,,,,,峽谷
TRENCH_WORD_DEPTHS_490,Trench,,Trench,Depths,,,,,,,,,,,,,,,,,海溝
GROTTO_WORD_DEPTHS_490,Grotto,,Grotto,Depths,,,,,,,,,,,,,,,,,岩洞
CAVERN_WORD_DEPTHS_490,Cavern,,Cavern,Depths,,,,,,,,,,,,,,,,,盆地
CRACKED_WORD_DAMAGES_491,Cracked,,Cracked,Damages,,,,,,,,,,,,,,,,,裂縫
CHIPPED_WORD_DAMAGES_491,Chipped,,Chipped,Damages,,,,,,,,,,,,,,,,,崩缺
BROKEN_WORD_DAMAGES_491,Broken,,Broken,Damages,,,,,,,,,,,,,,,,,破碎
SMASHED_WORD_DAMAGES_491,Smashed,,Smashed,Damages,,,,,,,,,,,,,,,,,粉碎
DUTY_WORD_CUSTOMS_492,Duty,,Duty,Customs,Droit,Abgabe,Arancel,Tarifa,ภาษี,Bea,Plicht,関税,Dazio,Opłata,Vergi,Пошлина,Datorie,關稅,Pligt,Обов'язок,关税
IMPORT_WORD_CUSTOMS_492,Import,,Import,Customs,Import,Import,Importar,Importar,นำเข้า,Impor,Import,輸入,Importare,Import,İthalat,Импорт,Import,進口,Import,Імпорт,进口
BORDER_WORD_CUSTOMS_492,Border,,Border,Customs,Frontière,Grenze,Frontera,Fronteira,ชายแดน,Perbatasan,Grens,国境,Frontiera,Granica,Sınır,Граница,Frontieră,邊界,Grænse,Кордон,边界
EXPORT_WORD_CUSTOMS_492,Export,,Export,Customs,Export,Export,Exportar,Exportar,ส่งออก,Ekspor,Export,輸出,Esportare,Eksport,İhracat,Экспорт,Export,出口,Eksport,Експорт,出口
BIGFOOT_WORD_CRYPTIDS_493,Bigfoot,,Bigfoot,Cryptids,,,,,,,,,,,,,,,,,大腳怪
MOTHMAN_WORD_CRYPTIDS_493,Mothman,,Mothman,Cryptids,,,,,,,,,,,,,,,,,天蛾人
YETI_WORD_CRYPTIDS_493,Yeti,,Yeti,Cryptids,,,,,,,,,,,,,,,,,雪人
WENDIGO_WORD_CRYPTIDS_493,Wendigo,,Wendigo,Cryptids,,,,,,,,,,,,,,,,,冰心食人魔
ARC_WORD_LINES_494,Arc,,Arc,Lines,,,,,,,,,,,,,,,,,弧線
ZIGZAG_WORD_LINES_494,Zigzag,,Zigzag,Lines,,,,,,,,,,,,,,,,,之字形
AXIS_WORD_LINES_494,Axis,,Axis,Lines,,,,,,,,,,,,,,,,,軸線
PAYMENT_WORD_MORTGAGE_495,Payment,,Payment,Mortgage,Paiement,Zahlung,Pago,Pagamento,การชำระเงิน,Pembayaran,Betaling,返済,Pagamento,Płatność,Ödeme,Платёж,Plată,付款,Betaling,Оплата,付款
INTEREST_WORD_MORTGAGE_495,Interest,,Interest,Mortgage,Intérêt,Zinsen,Interés,Juros,ดอกเบี้ย,Bunga,Rente,利息,Interesse,Odsetki,Faiz,Процент,Dobândă,利息,Rente,Відсотки,利息
RATE_WORD_MORTGAGE_495,Rate,,Rate,Mortgage,Taux,Zinssatz,Tasa,Taxa,อัตรา,Tarif,Koers,金利,Tasso,Stopa,Oran,Ставка,Curs,利率,Sats,Ставка,利率
RUNNER_WORD_MARATHON_496,Runner,,Runner,Marathon,,,,,,,,,,,,,,,,,跑者
FINISHER_WORD_MARATHON_496,Finisher,,Finisher,Marathon,,,,,,,,,,,,,,,,,完賽者
ATHLETE_WORD_MARATHON_496,Athlete,,Athlete,Marathon,,,,,,,,,,,,,,,,,運動員
ULTRA_WORD_MARATHON_496,Ultra,,Ultra,Marathon,,,,,,,,,,,,,,,,,超馬
DISTANCE_WORD_MARATHON_496,Distance,,Distance,Marathon,,,,,,,,,,,,,,,,,長距離
MEDALIST_WORD_MARATHON_496,Medalist,,Medalist,Marathon,,,,,,,,,,,,,,,,,獎牌得主
RACE_WORD_MARATHON_496,Race,,Race,Marathon,,,,,,,,,,,,,,,,,比賽
HALF_WORD_MARATHON_496,Half,,Half,Marathon,,,,,,,,,,,,,,,,,半馬
FATTY_WORD_SALAMI_497,Fatty,,Fatty,Salami,,,,,,,,,,,,,,,,,油脂豐富
SMOKY_WORD_SALAMI_497,Smoky,,Smoky,Salami,,,,,,,,,,,,,,,,,煙燻
CURED_WORD_SALAMI_497,Cured,,Cured,Salami,,,,,,,,,,,,,,,,,醃製
SPICY_WORD_SALAMI_497,Spicy,,Spicy,Salami,,,,,,,,,,,,,,,,,辣味
TANGY_WORD_SALAMI_497,Tangy,,Tangy,Salami,,,,,,,,,,,,,,,,,味道香濃
PEPPERY_WORD_SALAMI_497,Peppery,,Peppery,Salami,,,,,,,,,,,,,,,,,胡椒味
SALTY_WORD_SALAMI_497,Salty,,Salty,Salami,,,,,,,,,,,,,,,,,鹹味
SAVORY_WORD_SALAMI_497,Savory,,Savory,Salami,Salé,Herzhaft,Salado,Salgado,สุขนิยม,Hedonisme,Hartig,快楽主義,Edonismo,Hedonizm,Hedonizm,Гедонизм,Savuros,鹹香,Krydret,Чабер,咸香
SOMATIC_WORD_PAIN_498,Somatic,,Somatic,Pain,,,,,,,,,,,,,,,,,軀體性
CHRONIC_WORD_PAIN_498,Chronic,,Chronic,Pain,,,,,,,,,,,,,,,,,慢性
ACUTE_WORD_PAIN_498,Acute,,Acute,Pain,,,,,,,,,,,,,,,,,急性
DULL_WORD_PAIN_498,Dull,,Dull,Pain,,,,,,,,,,,,,,,,,鈍痛
MIX_WORD_CONCRETE_499,Mix,,Mix,Concrete,Mélange,Mischung,Mezcla,Mistura,ผสม,Aduk,Mix,攪拌,Mescolare,Mieszanka,Karıştırmak,Смесь,Mix,攪拌,Blanding,Мікс,搅拌
TROWEL_WORD_CONCRETE_499,Trowel,,Trowel,Concrete,Truelle,Kelle,Llana,Colher pedr.,เกรียง,Sekop,Troffel,コテ,Cazzuola,Kielnia,Mala,Мастерок,Mistrie,抹刀,Murske,Мастерок,抹刀
SCREED_WORD_CONCRETE_499,Screed,,Screed,Concrete,Chape,Estrich,Solera,Betonilha,ปาดปูน,Screed,Dekvloer,スクリード,Massetto,Wylewka,Şap,Стяжка,Șapă,刮板,Afretning,Стяжка,刮板
OMISSION_WORD_MISTAKES_500,Omission,,Omission,Mistakes,,,,,,,,,,,,,,,,,遺漏
ERROR_WORD_MISTAKES_500,Error,,Error,Mistakes,,,,,,,,,,,,,,,,,錯誤
FAULT_WORD_MISTAKES_500,Fault,,Fault,Mistakes,,,,,,,,,,,,,,,,,過失
FAILURE_WORD_MISTAKES_500,Failure,,Failure,Mistakes,,,,,,,,,,,,,,,,,失敗
BLUNDER_WORD_MISTAKES_500,Blunder,,Blunder,Mistakes,,,,,,,,,,,,,,,,,疏忽
MISSTEP_WORD_MISTAKES_500,Misstep,,Misstep,Mistakes,,,,,,,,,,,,,,,,,失策
FLAW_WORD_MISTAKES_500,Flaw,,Flaw,Mistakes,,,,,,,,,,,,,,,,,缺陷
FALLACY_WORD_MISTAKES_500,Fallacy,,Fallacy,Mistakes,,,,,,,,,,,,,,,,,謬誤
BUILDER_WORD_HARD_HAT_501,Builder,,Builder,Hard hat,,,,,,,,,,,,,,,,,建築工人
ROOFER_WORD_HARD_HAT_501,Roofer,,Roofer,Hard hat,,,,,,,,,,,,,,,,,屋頂工人
MINER_WORD_HARD_HAT_501,Miner,,Miner,Hard hat,,,,,,,,,,,,,,,,,礦工
LABORER_WORD_HARD_HAT_501,Laborer,,Laborer,Hard hat,,,,,,,,,,,,,,,,,勞工
FOREMAN_WORD_HARD_HAT_501,Foreman,,Foreman,Hard hat,,,,,,,,,,,,,,,,,工頭
MECHANIC_WORD_HARD_HAT_501,Mechanic,,Mechanic,Hard hat,,,,,,,,,,,,,,,,,技工
COVER_WORD_MAGAZINE_502,Cover,,Cover,Magazine,Couverture,Umschlag,Portada,Capa,ปก,Sampul,Kaft,表紙,Copertina,Okładka,Kapak,Обложка,Copertă,封面,Omslag,Обкладинка,封面
READER_WORD_MAGAZINE_502,Reader,,Reader,Magazine,,,,,,,,,,,,,,,,,讀者
WEEKLY_WORD_MAGAZINE_502,Weekly,,Weekly,Magazine,,,,,,,,,,,,,,,,,週刊
EDITOR_WORD_MAGAZINE_502,Editor,,Editor,Magazine,,,,,,,,,,,,,,,,,編輯
ARTICLE_WORD_MAGAZINE_502,Article,,Article,Magazine,,,,,,,,,,,,,,,,,文章
MONTHLY_WORD_MAGAZINE_502,Monthly,,Monthly,Magazine,,,,,,,,,,,,,,,,,月刊
QUARREL_WORD_CONFLICT_503,Quarrel,,Quarrel,Conflict,,,,,,,,,,,,,,,,,爭吵
STRUGGLE_WORD_CONFLICT_503,Struggle,,Struggle,Conflict,,,,,,,,,,,,,,,,,鬥爭
DISCORD_WORD_CONFLICT_503,Discord,,Discord,Conflict,,,,,,,,,,,,,,,,,不和
FEUD_WORD_CONFLICT_503,Feud,,Feud,Conflict,,,,,,,,,,,,,,,,,世仇
CRIB_WORD_INFANT_504,Crib,,Crib,Infant,,,,,,,,,,,,,,,,,嬰兒床
PACIFIER_WORD_INFANT_504,Pacifier,,Pacifier,Infant,Tétine,Schnuller,Chupete,Chupeta,จุกนมหลอก,Dot,Fopspeen,おしゃぶり,Ciuccio,Smoczek,Emzik,Пустышка,Suzetă,安撫奶嘴,Sut,Соска,安抚奶嘴
INFANCY_WORD_INFANT_504,Infancy,,Infancy,Infant,,,,,,,,,,,,,,,,,嬰兒期
BOTTLE_WORD_INFANT_504,Bottle,,Bottle,Infant,,,,,,,,,,,,,,,,,奶瓶
VESSEL_WORD_MARITIME_505,Vessel,,Vessel,Maritime,Navire,Schiff,Embarcación,Embarcação,เรือ,Kapal,Vaartuig,船舶,Nave,Statek,Gemi,Судно,Vas,船隻,Fartøj,Судно,船只
SEAPORT_WORD_MARITIME_505,Seaport,,Seaport,Maritime,,,,,,,,,,,,,,,,,海港
SAILOR_WORD_MARITIME_505,Sailor,,Sailor,Maritime,,,,,,,,,,,,,,,,,水手
SHIPYARD_WORD_MARITIME_505,Shipyard,,Shipyard,Maritime,,,,,,,,,,,,,,,,,造船廠
GLEE_WORD_JOY_506,Glee,,Glee,Joy,,,,,,,,,,,,,,,,,歡欣
ELATION_WORD_JOY_506,Elation,,Elation,Joy,,,,,,,,,,,,,,,,,興高采烈
DELIGHT_WORD_JOY_506,Delight,,Delight,Joy,,,,,,,,,,,,,,,,,欣喜
GOLD_WORD_MEDALS_507,Gold,,Gold,Medals,,,,,,,,,,,,,,,,,金牌
SILVER_WORD_MEDALS_507,Silver,,Silver,Medals,,,,,,,,,,,,,,,,,銀牌
BRONZE_WORD_MEDALS_507,Bronze,,Bronze,Medals,Bronze,Bronze,Bronce,Bronze,ทองสัมฤทธิ์,Perunggu,Brons,青銅,Bronzo,Brąz,Bronz,Бронза,Bronz,青銅,Bronze,Бронза,青铜
KAYAKING_WORD_ACTIVITY_508,Kayaking,,Kayaking,Activity,,,,,,,,,,,,,,,,,獨木舟
JOGGING_WORD_ACTIVITY_508,Jogging,,Jogging,Activity,Jogging,Jogging,Jogging,Jogging,วิ่งจ๊อกกิ้ง,Joging,Joggen,ジョギング,Jogging,Bieganie,Koşu,Бег,Jogging,慢跑,Jogging,Біг,慢跑
SKIPPING_WORD_ACTIVITY_508,Skipping,,Skipping,Activity,,,,,,,,,,,,,,,,,跳繩
ROWING_WORD_ACTIVITY_508,Rowing,,Rowing,Activity,,,,,,,,,,,,,,,,,划船
CYCLING_WORD_ACTIVITY_508,Cycling,,Cycling,Activity,,,,,,,,,,,,,,,,,騎自行車
CANOEING_WORD_ACTIVITY_508,Canoeing,,Canoeing,Activity,,,,,,,,,,,,,,,,,輕艇
DANCING_WORD_ACTIVITY_508,Dancing,,Dancing,Activity,,,,,,,,,,,,,,,,,跳舞
FENCING_WORD_ACTIVITY_508,Fencing,,Fencing,Activity,,,,,,,,,,,,,,,,,擊劍
OPEN_WORD_BOXES_509,Open,,Open,Boxes,,,,,,,,,,,,,,,,,打開
CLOSE_WORD_BOXES_509,Close,,Close,Boxes,,,,,,,,,,,,,,,,,關閉
FOLD_WORD_BOXES_509,Fold,,Fold,Boxes,,,,,,,,,,,,,,,,,摺疊
DELIVER_WORD_BOXES_509,Deliver,,Deliver,Boxes,,,,,,,,,,,,,,,,,遞送
CARRY_WORD_BOXES_509,Carry,,Carry,Boxes,,,,,,,,,,,,,,,,,搬運
PACK_WORD_BOXES_509,Pack,,Pack,Boxes,,,,,,,,,,,,,,,,,包裝
UNPACK_WORD_BOXES_509,Unpack,,Unpack,Boxes,,,,,,,,,,,,,,,,,拆包
STORE_WORD_BOXES_509,Store,,Store,Boxes,,,,,,,,,,,,,,,,,存放
JACKSON_WORD_MUSICIAN_510,Jackson,,Jackson,Musician,Jackson,Jackson,Jackson,Jackson,แจ็คสัน,Jackson,Jackson,ジャクソン,Jackson,Jackson,Jackson,Джексон,Jackson,傑克遜,Jackson,Джексон,杰克逊
PRESLEY_WORD_MUSICIAN_510,Presley,,Presley,Musician,,,,,,,,,,,,,,,,,普里斯萊
SINATRA_WORD_MUSICIAN_510,Sinatra,,Sinatra,Musician,,,,,,,,,,,,,,,,,辛納屈
DYLAN_WORD_MUSICIAN_510,Dylan,,Dylan,Musician,,,,,,,,,,,,,,,,,迪倫
WONDER_WORD_MUSICIAN_510,Wonder,,Wonder,Musician,,,,,,,,,,,,,,,,,汪達
HENDRIX_WORD_MUSICIAN_510,Hendrix,,Hendrix,Musician,,,,,,,,,,,,,,,,,罕醉克斯
HOUSTON_WORD_MUSICIAN_510,Houston,,Houston,Musician,,,,,,,,,,,,,,,,,休斯頓
JOEL_WORD_MUSICIAN_510,Joel,,Joel,Musician,,,,,,,,,,,,,,,,,喬爾
WOK_WORD_COOKWARE_511,Wok,,Wok,Cookware,,,,,,,,,,,,,,,,,炒鍋
STEAMER_WORD_COOKWARE_511,Steamer,,Steamer,Cookware,,,,,,,,,,,,,,,,,蒸籠
SAUCEPAN_WORD_COOKWARE_511,Saucepan,,Saucepan,Cookware,,,,,,,,,,,,,,,,,小湯鍋
STOCKPOT_WORD_COOKWARE_511,Stockpot,,Stockpot,Cookware,,,,,,,,,,,,,,,,,高湯鍋
COLANDER_WORD_COOKWARE_511,Colander,,Colander,Cookware,,,,,,,,,,,,,,,,,濾盆
FRYER_WORD_COOKWARE_511,Fryer,,Fryer,Cookware,,,,,,,,,,,,,,,,,煎鍋
RAILINGS_WORD_BRIDGE_512,Railings,,Railings,Bridge,,,,,,,,,,,,,,,,,欄桿
PIERS_WORD_BRIDGE_512,Piers,,Piers,Bridge,,,,,,,,,,,,,,,,,橋墩
ARCH_WORD_BRIDGE_512,Arch,,Arch,Bridge,,,,,,,,,,,,,,,,,拱
BEAMS_WORD_BRIDGE_512,Beams,,Beams,Bridge,,,,,,,,,,,,,,,,,橫樑
TRUSSES_WORD_BRIDGE_512,Trusses,,Trusses,Bridge,,,,,,,,,,,,,,,,,桁架
PILES_WORD_BRIDGE_512,Piles,,Piles,Bridge,,,,,,,,,,,,,,,,,樁
SCRUB_WORD_MOP_513,Scrub,,Scrub,Mop,,,,,,,,,,,,,,,,,刷洗
WIPE_WORD_MOP_513,Wipe,,Wipe,Mop,,,,,,,,,,,,,,,,,擦拭
POLISH_WORD_MOP_513,Polish,,Polish,Mop,Polonais,Polnisch,Polaco,Polonês,โปลิช,Polandia,Pools,ポーランド語,Polacco,Polski,Lehçe,Польский,Poloneză,波蘭語,Polsk,Полірування,波兰语
SQUEEZE_WORD_MOP_513,Squeeze,,Squeeze,Mop,,,,,,,,,,,,,,,,,擠乾
BRAIN_WORD_CORALS_514,Brain,,Brain,Corals,,,,,,,,,,,,,,,,,腦珊瑚
STAGHORN_WORD_CORALS_514,Staghorn,,Staghorn,Corals,,,,,,,,,,,,,,,,,鹿角珊瑚
ELKHORN_WORD_CORALS_514,Elkhorn,,Elkhorn,Corals,,,,,,,,,,,,,,,,,駝鹿角珊瑚
SEA_FAN_WORD_CORALS_514,Sea fan,,Sea fan,Corals,,,,,,,,,,,,,,,,,海扇珊瑚
SATIRE_WORD_MEMES_515,Satire,,Satire,Memes,Satire,Satire,Sátira,Sátira,เสียดสี,Satire,Satire,風刺,Satira,Satyra,Hiciv,Сатира,Satiră,諷刺,Satire,Сатира,讽刺
PARODY_WORD_MEMES_515,Parody,,Parody,Memes,Parodie,Parodie,Parodia,Paródia,ล้อเลียน,Parodi,Parodie,パロディ,Parodia,Parodia,Parodi,Пародия,Parodie,惡搞,Parodi,Пародія,恶搞
TROLLING_WORD_MEMES_515,Trolling,,Trolling,Memes,Trolling,Trolling,Troleo,Trollagem,โทรลลิง,Trolling,Trollen,荒らし,Trolling,Trolling,Trolleme,Троллинг,Trolling,釣魚,Trolling,Тролінг,钓鱼
BIT_WORD_MEMORY_516,Bit,,Bit,Memory,,,,,,,,,,,,,,,,,位元
RECALL_WORD_MEMORY_516,Recall,,Recall,Memory,,,,,,,,,,,,,,,,,回憶
AMNESIA_WORD_MEMORY_516,Amnesia,,Amnesia,Memory,,,,,,,,,,,,,,,,,失憶
ZESTY_WORD_MINT_517,Zesty,,Zesty,Mint,,,,,,,,,,,,,,,,,醒神
FRESH_WORD_MINT_517,Fresh,,Fresh,Mint,,,,,,,,,,,,,,,,,清新
AROMATIC_WORD_MINT_517,Aromatic,,Aromatic,Mint,,,,,,,,,,,,,,,,,香氣
HERBAL_WORD_MINT_517,Herbal,,Herbal,Mint,,,,,,,,,,,,,,,,,草本
COOL_WORD_MINT_517,Cool,,Cool,Mint,,,,,,,,,,,,,,,,,涼爽
FROSTY_WORD_MINT_517,Frosty,,Frosty,Mint,,,,,,,,,,,,,,,,,冰涼
GREEN_WORD_MINT_517,Green,,Green,Mint,,,,,,,,,,,,,,,,,青翠
Y_WORD_MINT_517,y,,y,Mint,,,,,,,,,,,,,,,,,薄荷味
NOMINEE_WORD_OSCAR_518,Nominee,,Nominee,Oscar,,,,,,,,,,,,,,,,,提名者
DIRECTOR_WORD_OSCAR_518,Director,,Director,Oscar,,,,,,,,,,,,,,,,,導演
ACTOR_WORD_OSCAR_518,Actor,,Actor,Oscar,Acteur,Schauspieler,Actor,Ator,นักแสดง,Aktor,Acteur,俳優,Attore,Aktor,Aktör,Актёр,Actor,演員,Skuespiller,Актор,演员
ACTRESS_WORD_OSCAR_518,Actress,,Actress,Oscar,,,,,,,,,,,,,,,,,女演員
AWARD_WORD_OSCAR_518,Award,,Award,Oscar,,,,,,,,,,,,,,,,,獎項
PICTURE_WORD_OSCAR_518,Picture,,Picture,Oscar,,,,,,,,,,,,,,,,,影片
SOUND_WORD_OSCAR_518,Sound,,Sound,Oscar,,,,,,,,,,,,,,,,,音效
CEREMONY_WORD_OSCAR_518,Ceremony,,Ceremony,Oscar,,,,,,,,,,,,,,,,,頒獎典禮
TEACH_WORD_PEDAGOGY_519,Teach,,Teach,Pedagogy,,,,,,,,,,,,,,,,,教授
LEARN_WORD_PEDAGOGY_519,Learn,,Learn,Pedagogy,,,,,,,,,,,,,,,,,學習
GUIDE_WORD_PEDAGOGY_519,Guide,,Guide,Pedagogy,,,,,,,,,,,,,,,,,引導
TRAIN_WORD_PEDAGOGY_519,Train,,Train,Pedagogy,,,,,,,,,,,,,,,,,訓練
MENTOR_WORD_PEDAGOGY_519,Mentor,,Mentor,Pedagogy,,,,,,,,,,,,,,,,,導師
COACH_WORD_PEDAGOGY_519,Coach,,Coach,Pedagogy,,,,,,,,,,,,,,,,,教練
TUTOR_WORD_PEDAGOGY_519,Tutor,,Tutor,Pedagogy,,,,,,,,,,,,,,,,,家教
SKILL_WORD_PEDAGOGY_519,Skill,,Skill,Pedagogy,,,,,,,,,,,,,,,,,技能
EMPEROR_WORD_PENGUINS_520,Emperor,,Emperor,Penguins,Empereur,Kaiser,Emperador,Imperador,จักรพรรดิ,Kaisar,Keizer,皇帝,Imperatore,Cesarz,İmparator,Император,Împărat,皇帝,Kejser,Імператор,皇帝
GENTOO_WORD_PENGUINS_520,Gentoo,,Gentoo,Penguins,,,,,,,,,,,,,,,,,巴布亞企鵝
KING_WORD_PENGUINS_520,King,,King,Penguins,Roi,König,Rey,Rei,กษัตริย์,Raja,Koning,王,Re,Król,Kral,Король,Rege,國王,Konge,Король,国王
MACARONI_WORD_PENGUINS_520,Macaroni,,Macaroni,Penguins,,,,,,,,,,,,,,,,,馬卡羅尼企鵝
HUMBOLDT_WORD_PENGUINS_520,Humboldt,,Humboldt,Penguins,,,,,,,,,,,,,,,,,漢波德企鵝
SNARES_WORD_PENGUINS_520,Snares,,Snares,Penguins,,,,,,,,,,,,,,,,,誘惑企鵝
DENY_WORD_REJECT_521,Deny,,Deny,Reject,,,,,,,,,,,,,,,,,否認
REFUSE_WORD_REJECT_521,Refuse,,Refuse,Reject,,,,,,,,,,,,,,,,,謝絕
SHUN_WORD_REJECT_521,Shun,,Shun,Reject,,,,,,,,,,,,,,,,,排斥
DECLINE_WORD_REJECT_521,Decline,,Decline,Reject,,,,,,,,,,,,,,,,,婉拒
AVOID_WORD_REJECT_521,Avoid,,Avoid,Reject,,,,,,,,,,,,,,,,,避免
SNUB_WORD_REJECT_521,Snub,,Snub,Reject,,,,,,,,,,,,,,,,,冷落
RETRO_WORD_VINTAGE_522,Retro,,Retro,Vintage,,,,,,,,,,,,,,,,,懷舊
CLASSIC_WORD_VINTAGE_522,Classic,,Classic,Vintage,,,,,,,,,,,,,,,,,經典
OLDIE_WORD_VINTAGE_522,Oldie,,Oldie,Vintage,,,,,,,,,,,,,,,,,老歌
CHIC_WORD_VINTAGE_522,Chic,,Chic,Vintage,,,,,,,,,,,,,,,,,時髦
LATIN_WORD_ALPHABET_523,Latin,,Latin,Alphabet,Latin,Latein,Latín,Latim,ละติน,Latin,Latijn,ラテン語,Latino,Łacina,Latince,Латынь,Latină,拉丁語,Latin,Латинська,拉丁语
GREEK_WORD_ALPHABET_523,Greek,,Greek,Alphabet,,,,,,,,,,,,,,,,,希臘字母
CYRILLIC_WORD_ALPHABET_523,Cyrillic,,Cyrillic,Alphabet,,,,,,,,,,,,,,,,,西里爾字母
HEBREW_WORD_ALPHABET_523,Hebrew,,Hebrew,Alphabet,Hébreu,Hebräisch,Hebreo,Hebraico,ฮีบรู,Ibrani,Hebreeuws,ヘブライ語,Ebraico,Hebrajski,İbranice,Иврит,Ebraică,希伯來語,Hebraisk,Іврит,希伯来语
PHOENIX_WORD_REBIRTH_524,Phoenix,,Phoenix,Rebirth,,,,,,,,,,,,,,,,,鳳凰
RENEWAL_WORD_REBIRTH_524,Renewal,,Renewal,Rebirth,,,,,,,,,,,,,,,,,更新
REVIVAL_WORD_REBIRTH_524,Revival,,Revival,Rebirth,,,,,,,,,,,,,,,,,復興
BETRAYAL_WORD_VILLAIN_525,Betrayal,,Betrayal,Villain,,,,,,,,,,,,,,,,,背叛
REVENGE_WORD_VILLAIN_525,Revenge,,Revenge,Villain,,,,,,,,,,,,,,,,,報復
TREASON_WORD_VILLAIN_525,Treason,,Treason,Villain,,,,,,,,,,,,,,,,,叛國
FOREST_WORD_HABITATS_526,Forest,,Forest,Habitats,,,,,,,,,,,,,,,,,森林
ZOO_WORD_HABITATS_526,Zoo,,Zoo,Habitats,,,,,,,,,,,,,,,,,動物園
TUNDRA_WORD_HABITATS_526,Tundra,,Tundra,Habitats,Toundra,Tundra,Tundra,Tundra,ทุนดรา,Tundra,Toendra,ツンドラ,Tundra,Tundra,Tundra,Тундра,Tundră,凍原,Tundra,Тундра,冻原
WETLANDS_WORD_HABITATS_526,Wetlands,,Wetlands,Habitats,,,,,,,,,,,,,,,,,濕地
DESERT_WORD_HABITATS_526,Desert,,Desert,Habitats,,,,,,,,,,,,,,,,,沙漠
PRAIRIE_WORD_HABITATS_526,Prairie,,Prairie,Habitats,,,,,,,,,,,,,,,,,大草原
AQUARIUM_WORD_HABITATS_526,Aquarium,,Aquarium,Habitats,,,,,,,,,,,,,,,,,水族館
MARSH_WORD_HABITATS_526,Marsh,,Marsh,Habitats,,,,,,,,,,,,,,,,,沼澤
ARROW_WORD_ARCHERY_527,Arrow,,Arrow,Archery,,,,,,,,,,,,,,,,,箭矢
FLETCH_WORD_ARCHERY_527,Fletch,,Fletch,Archery,,,,,,,,,,,,,,,,,箭羽
BOWMAN_WORD_ARCHERY_527,Bowman,,Bowman,Archery,,,,,,,,,,,,,,,,,弓箭手
LONGBOW_WORD_ARCHERY_527,Longbow,,Longbow,Archery,,,,,,,,,,,,,,,,,長弓
NOCK_WORD_ARCHERY_527,Nock,,Nock,Archery,,,,,,,,,,,,,,,,,弧口
STRING_WORD_ARCHERY_527,String,,String,Archery,,,,,,,,,,,,,,,,,弦
BULLSEYE_WORD_ARCHERY_527,Bullseye,,Bullseye,Archery,,,,,,,,,,,,,,,,,靶心
CROSSBOW_WORD_ARCHERY_527,Crossbow,,Crossbow,Archery,,,,,,,,,,,,,,,,,弩
TORCH_WORD_WELDER_528,Torch,,Torch,Welder,,,,,,,,,,,,,,,,,焊槍
HELMET_WORD_WELDER_528,Helmet,,Helmet,Welder,Casque,Helm,Casco,Capacete,หมวกเกราะ,Helm,Helm,兜,Elmo,Hełm,Miğfer,Шлем,Cască,頭盔,Hjelm,Шолом,头盔
ROD_WORD_WELDER_528,Rod,,Rod,Welder,Canne,Rute,Caña,Vara,คันเบ็ด,Joran,Hengel,竿,Canna,Wędka,Olta,Удочка,Undiță,釣竿,Stang,Стрижень,钓竿
MASK_WORD_WELDER_528,Mask,,Mask,Welder,,,,,,,,,,,,,,,,,面罩
GLOVES_WORD_WELDER_528,Gloves,,Gloves,Welder,,,,,,,,,,,,,,,,,手套
METAL_WORD_WELDER_528,Metal,,Metal,Welder,Métal,Metall,Metal,Metal,โลหะ,Logam,Metaal,金属,Metallo,Metal,Metal,Металл,Metal,金屬,Metal,Метал,金属
ANTIBODY_WORD_VIROLOGY_529,Antibody,,Antibody,Virology,,,,,,,,,,,,,,,,,抗體
VIRUS_WORD_VIROLOGY_529,Virus,,Virus,Virology,,,,,,,,,,,,,,,,,病毒
STRAIN_WORD_VIROLOGY_529,Strain,,Strain,Virology,,,,,,,,,,,,,,,,,病毒株
IMMUNITY_WORD_VIROLOGY_529,Immunity,,Immunity,Virology,,,,,,,,,,,,,,,,,免疫力
CAPSID_WORD_VIROLOGY_529,Capsid,,Capsid,Virology,,,,,,,,,,,,,,,,,衣殼
ANTIGEN_WORD_VIROLOGY_529,Antigen,,Antigen,Virology,,,,,,,,,,,,,,,,,抗原
SERVO_WORD_ROBOTICS_530,Servo,,Servo,Robotics,,,,,,,,,,,,,,,,,伺服驅動器
MOTOR_WORD_ROBOTICS_530,Motor,,Motor,Robotics,,,,,,,,,,,,,,,,,電動機
CIRCUIT_WORD_ROBOTICS_530,Circuit,,Circuit,Robotics,,,,,,,,,,,,,,,,,電路
LASER_WORD_ROBOTICS_530,Laser,,Laser,Robotics,,,,,,,,,,,,,,,,,雷射
SENSOR_WORD_ROBOTICS_530,Sensor,,Sensor,Robotics,,,,,,,,,,,,,,,,,感測器
ACTUATOR_WORD_ROBOTICS_530,Actuator,,Actuator,Robotics,,,,,,,,,,,,,,,,,執行器
CUT_WORD_SCISSORS_531,Cut,,Cut,Scissors,,,,,,,,,,,,,,,,,剪切
SNIP_WORD_SCISSORS_531,Snip,,Snip,Scissors,,,,,,,,,,,,,,,,,剪斷
CARVE_WORD_SCISSORS_531,Carve,,Carve,Scissors,,,,,,,,,,,,,,,,,雕刻
TRIM_WORD_SCISSORS_531,Trim,,Trim,Scissors,,,,,,,,,,,,,,,,,修剪
SHEAR_WORD_SCISSORS_531,Shear,,Shear,Scissors,,,,,,,,,,,,,,,,,剪裁
WEIGH_WORD_SCALES_532,Weigh,,Weigh,Scales,,,,,,,,,,,,,,,,,稱重
MEASURE_WORD_SCALES_532,Measure,,Measure,Scales,,,,,,,,,,,,,,,,,測量
COMPARE_WORD_SCALES_532,Compare,,Compare,Scales,,,,,,,,,,,,,,,,,比較
BALANCE_WORD_SCALES_532,Balance,,Balance,Scales,,,,,,,,,,,,,,,,,平衡
LOAD_WORD_SCALES_532,Load,,Load,Scales,,,,,,,,,,,,,,,,,負載
METHANE_WORD_ALKANES_533,Methane,,Methane,Alkanes,Méthane,Methan,Metano,Metano,มีเทน,Metana,Methaan,メタン,Metano,Metan,Metan,Метан,Metan,甲烷,Metan,Метан,甲烷
ETHANE_WORD_ALKANES_533,Ethane,,Ethane,Alkanes,Éthane,Ethan,Etano,Etano,อีเทน,Etana,Ethaan,エタン,Etano,Etan,Etan,Этан,Etan,乙烷,Ethan,Етан,乙烷
PROPANE_WORD_ALKANES_533,Propane,,Propane,Alkanes,Propane,Propan,Propano,Propano,โพรเพน,Propana,Propaan,プロパン,Propano,Propan,Propan,Пропан,Propan,丙烷,Propan,Пропан,丙烷
BUTANE_WORD_ALKANES_533,Butane,,Butane,Alkanes,Butane,Butan,Butano,Butano,บิวเทน,Butana,Butaan,ブタン,Butano,Butan,Bütan,Бутан,Butan,丁烷,Butan,Бутан,丁烷
ASPIRE_WORD_WANT_534,Aspire,,Aspire,Want,,,,,,,,,,,,,,,,,嚮往
DESIRE_WORD_WANT_534,Desire,,Desire,Want,,,,,,,,,,,,,,,,,渴求
DREAM_WORD_WANT_534,Dream,,Dream,Want,,,,,,,,,,,,,,,,,夢想
WISH_WORD_WANT_534,Wish,,Wish,Want,,,,,,,,,,,,,,,,,心願
SHADE_WORD_SHADOWS_535,Shade,,Shade,Shadows,,,,,,,,,,,,,,,,,蔭涼
TWILIGHT_WORD_SHADOWS_535,Twilight,,Twilight,Shadows,,,,,,,,,,,,,,,,,薄暮
GLOOM_WORD_SHADOWS_535,Gloom,,Gloom,Shadows,,,,,,,,,,,,,,,,,陰鬱
DARKNESS_WORD_SHADOWS_535,Darkness,,Darkness,Shadows,,,,,,,,,,,,,,,,,黑暗
LOGBOOK_WORD_RECORDS_536,Logbook,,Logbook,Records,,,,,,,,,,,,,,,,,記錄簿
DAYBOOK_WORD_RECORDS_536,Daybook,,Daybook,Records,,,,,,,,,,,,,,,,,日記帳
JOURNAL_WORD_RECORDS_536,Journal,,Journal,Records,,,,,,,,,,,,,,,,,個人日誌
CHEERFUL_WORD_POSITIVE_537,Cheerful,,Cheerful,Positive,,,,,,,,,,,,,,,,,愉快
JOYFUL_WORD_POSITIVE_537,Joyful,,Joyful,Positive,,,,,,,,,,,,,,,,,歡欣
HAPPY_WORD_POSITIVE_537,Happy,,Happy,Positive,,,,,,,,,,,,,,,,,快樂
MUSICIAN_WORD_POP_STAR_538,Musician,,Musician,Pop star,,,,,,,,,,,,,,,,,樂手
IDOL_WORD_POP_STAR_538,Idol,,Idol,Pop star,Idole,Idol,Ídolo,Ídolo,เทวรูป,Berhala,Idool,偶像,Idolo,Bożek,Put,Идол,Idol,神像,Idol,Ідол,神像
FANBASE_WORD_POP_STAR_538,Fanbase,,Fanbase,Pop star,,,,,,,,,,,,,,,,,粉絲團
LABEL_WORD_POP_STAR_538,Label,,Label,Pop star,,,,,,,,,,,,,,,,,唱片公司
TOUR_WORD_POP_STAR_538,Tour,,Tour,Pop star,,,,,,,,,,,,,,,,,巡演
HIT_SONG_WORD_POP_STAR_538,Hit song,,Hit song,Pop star,,,,,,,,,,,,,,,,,熱門單曲
CHART_WORD_POP_STAR_538,Chart,,Chart,Pop star,,,,,,,,,,,,,,,,,排行榜
LEGEND_WORD_POP_STAR_538,Legend,,Legend,Pop star,,,,,,,,,,,,,,,,,傳奇
CARDS_WORD_POKER_539,Cards,,Cards,Poker,,,,,,,,,,,,,,,,,撲克牌
CHIPS_WORD_POKER_539,Chips,,Chips,Poker,,,,,,,,,,,,,,,,,籌碼
TABLE_WORD_POKER_539,Table,,Table,Poker,,,,,,,,,,,,,,,,,牌桌
BET_WORD_POKER_539,Bet,,Bet,Poker,,,,,,,,,,,,,,,,,下注
BLUFF_WORD_POKER_539,Bluff,,Bluff,Poker,,,,,,,,,,,,,,,,,虛張聲勢
RAKE_WORD_POKER_539,Rake,,Rake,Poker,,,,,,,,,,,,,,,,,抽水
CASINO_WORD_POKER_539,Casino,,Casino,Poker,,,,,,,,,,,,,,,,,賭場
VEGAS_WORD_POKER_539,Vegas,,Vegas,Poker,,,,,,,,,,,,,,,,,拉斯維加斯
SKULL_WORD_BONES_540,Skull,,Skull,Bones,,,,,,,,,,,,,,,,,頭骨
SPINE_WORD_BONES_540,Spine,,Spine,Bones,,,,,,,,,,,,,,,,,脊椎
RIB_CAGE_WORD_BONES_540,Rib cage,,Rib cage,Bones,,,,,,,,,,,,,,,,,胸廓
CLAVICLE_WORD_BONES_540,Clavicle,,Clavicle,Bones,,,,,,,,,,,,,,,,,鎖骨
MASKED_WORD_HIDDEN_541,Masked,,Masked,Hidden,,,,,,,,,,,,,,,,,戴面具
VEILED_WORD_HIDDEN_541,Veiled,,Veiled,Hidden,,,,,,,,,,,,,,,,,隱蔽
COVERED_WORD_HIDDEN_541,Covered,,Covered,Hidden,,,,,,,,,,,,,,,,,遮掩
ASSESS_WORD_EVALUATE_542,Assess,,Assess,Evaluate,Jauger,Beurteilen,Valorar,Apreciar,ประเมิน,Nilai,Beoordelen,査定,Giudicare,Ocenić,Değerlendirmek,Оценить,Aprecia,考核,Vurdere,Оцінка,考核
ESTIMATE_WORD_EVALUATE_542,Estimate,,Estimate,Evaluate,Estimer,Schätzen,Estimar,Estimar,ประมาณการ,Perkiraan,Schatting,見積り,Stimare,Oszacować,Tahmin etmek,Оценка,Estimare,估計,Anslå,Прикидка,估计
ANALYZE_WORD_EVALUATE_542,Analyze,,Analyze,Evaluate,Analyser,Analysieren,Analizar,Analisar,วิเคราะห์,Analisis,Analyseren,分析,Analizzare,Analizować,Analiz etmek,Анализ,Analiză,分析,Analysere,Аналіз,分析
AGENT_WORD_SPY_543,Agent,,Agent,Spy,Agent,Agent,Agente,Agente,เอเจนต์,Agen,Agent,エージェント,Agente,Agent,Ajan,Агент,Agent,智慧體,Agent,Агент,智能体
INFORMER_WORD_SPY_543,Informer,,Informer,Spy,,,,,,,,,,,,,,,,,線人
MOLE_WORD_SPY_543,Mole,,Mole,Spy,,,,,,,,,,,,,,,,,臥底
SPOOK_WORD_SPY_543,Spook,,Spook,Spy,,,,,,,,,,,,,,,,,特工
SECRECY_WORD_SPY_543,Secrecy,,Secrecy,Spy,,,,,,,,,,,,,,,,,機密
GADGET_WORD_SPY_543,Gadget,,Gadget,Spy,,,,,,,,,,,,,,,,,小工具
DISGUISE_WORD_SPY_543,Disguise,,Disguise,Spy,,,,,,,,,,,,,,,,,偽裝
CRAFT_WORD_SPY_543,craft,,craft,Spy,,,,,,,,,,,,,,,,,間諜技術
TRUNK_WORD_ELEPHANT_544,Trunk,,Trunk,Elephant,,,,,,,,,,,,,,,,,象鼻
TUSKS_WORD_ELEPHANT_544,Tusks,,Tusks,Elephant,,,,,,,,,,,,,,,,,長牙
IVORY_WORD_ELEPHANT_544,Ivory,,Ivory,Elephant,,,,,,,,,,,,,,,,,象牙
BIG_EARS_WORD_ELEPHANT_544,Big ears,,Big ears,Elephant,,,,,,,,,,,,,,,,,大耳朵
MAMMAL_WORD_ELEPHANT_544,Mammal,,Mammal,Elephant,,,,,,,,,,,,,,,,,哺乳動物
WRINKLES_WORD_ELEPHANT_544,Wrinkles,,Wrinkles,Elephant,,,,,,,,,,,,,,,,,皺紋
JUMBO_WORD_ELEPHANT_544,Jumbo,,Jumbo,Elephant,,,,,,,,,,,,,,,,,巨型
GIANT_WORD_ELEPHANT_544,Giant,,Giant,Elephant,,,,,,,,,,,,,,,,,巨大
CAVIAR_WORD_DELICACY_545,Caviar,,Caviar,Delicacy,Caviar,Kaviar,Caviar,Caviar,คาเวียร์,Kaviar,Kaviaar,キャビア,Caviale,Kawior,Havyar,Икра,Caviar,魚子醬,Kaviar,Ікра,鱼子酱
TRUFFLE_WORD_DELICACY_545,Truffle,,Truffle,Delicacy,Truffe,Trüffel,Trufa,Trufa,ทรัฟเฟิล,Truffle,Truffel,トリュフ,Tartufo,Trufla,Trüf,Трюфель,Trufe,松露,Trøffel,Трюфель,松露
WAGYU_WORD_DELICACY_545,Wagyu,,Wagyu,Delicacy,,,,,,,,,,,,,,,,,和牛
ESCARGOT_WORD_DELICACY_545,Escargot,,Escargot,Delicacy,,,,,,,,,,,,,,,,,法式蝸牛
FUGU_WORD_DELICACY_545,Fugu,,Fugu,Delicacy,,,,,,,,,,,,,,,,,河豚
AKUTAQ_WORD_DELICACY_545,Akutaq,,Akutaq,Delicacy,,,,,,,,,,,,,,,,,阿拉斯加雪糕
GAVEL_WORD_JUDGE_546,Gavel,,Gavel,Judge,Marteau,Hammer,Mazo,Martelo,ค้อนผู้พิพากษา,Palu,Rechtershamer,木槌,Martelletto,Młotek,Tokmak,Молоток,Ciocănel,法槌,Dommerhammer,Молоток,法槌
LAWSUIT_WORD_JUDGE_546,Lawsuit,,Lawsuit,Judge,,,,,,,,,,,,,,,,,訴訟
BENCH_WORD_JUDGE_546,Bench,,Bench,Judge,,,,,,,,,,,,,,,,,審判席
JUDGMENT_WORD_JUDGE_546,Judgment,,Judgment,Judge,,,,,,,,,,,,,,,,,判決
ETHICS_WORD_JUDGE_546,Ethics,,Ethics,Judge,,,,,,,,,,,,,,,,,倫理
VERDICT_WORD_JUDGE_546,Verdict,,Verdict,Judge,,,,,,,,,,,,,,,,,裁決
MONARCH_WORD_KINGDOM_547,Monarch,,Monarch,Kingdom,,,,,,,,,,,,,,,,,君主
REIGN_WORD_KINGDOM_547,Reign,,Reign,Kingdom,,,,,,,,,,,,,,,,,統治
THRONE_WORD_KINGDOM_547,Throne,,Throne,Kingdom,,,,,,,,,,,,,,,,,王座
REALM_WORD_KINGDOM_547,Realm,,Realm,Kingdom,,,,,,,,,,,,,,,,,領土
PLATEAU_WORD_LANDFORM_548,Plateau,,Plateau,Landform,,,,,,,,,,,,,,,,,高原
VALLEY_WORD_LANDFORM_548,Valley,,Valley,Landform,,,,,,,,,,,,,,,,,山谷
CLIFF_WORD_LANDFORM_548,Cliff,,Cliff,Landform,Falaise,Klippe,Acantilado,Falésia,หน้าผา,Tebing,Klif,崖,Scogliera,Klif,Uçurum,Утёс,Faleza,懸崖,Klippe,Скеля,悬崖
HILL_WORD_LANDFORM_548,Hill,,Hill,Landform,,,,,,,,,,,,,,,,,丘陵
EQUALITY_WORD_LIBERTY_549,Equality,,Equality,Liberty,,,,,,,,,,,,,,,,,平等
FREEDOM_WORD_LIBERTY_549,Freedom,,Freedom,Liberty,Liberté,Freiheit,Libertad,Liberdade,เสรีภาพ,Kebebasan,Vrijheid,自由,Libertà,Wolność,Özgürlük,Свобода,Libertate,自由,Frihed,Свобода,自由
RIGHTS_WORD_LIBERTY_549,Rights,,Rights,Liberty,,,,,,,,,,,,,,,,,權利
STATUE_WORD_LIBERTY_549,Statue,,Statue,Liberty,Statue,Statue,Estatua,Estátua,รูปปั้น,Arca,Standbeeld,彫像,Statua,Posąg,Yontu,Статуя,Statuie,雕像,Statue,Статуя,雕像
MANTLE_WORD_OCTOPUS_550,Mantle,,Mantle,Octopus,Manteau,Mantel,Manto,Manto,เนื้อโลก,Mantel,Mantel,マントル,Mantello,Płaszcz,Manto,Мантия,Manta,地幔,Kappe,Мантія,地幔
INK_WORD_OCTOPUS_550,Ink,,Ink,Octopus,Encre,Tinte,Tinta,Tinta,หมึก,Tinta,Inkt,インク,Inchiostro,Atrament,Mürekkep,Чернила,Cerneală,墨水,Blæk,Чорнило,墨水
SUCKERS_WORD_OCTOPUS_550,Suckers,,Suckers,Octopus,,,,,,,,,,,,,,,,,吸盤
LAYERS_WORD_ONION_551,Layers,,Layers,Onion,,,,,,,,,,,,,,,,,層
TEARS_WORD_ONION_551,Tears,,Tears,Onion,,,,,,,,,,,,,,,,,淚水
BULB_WORD_ONION_551,Bulb,,Bulb,Onion,,,,,,,,,,,,,,,,,球莖
ACCESS_WORD_PASSWORD_552,Access,,Access,Password,,,,,,,,,,,,,,,,,訪問
LOGIN_WORD_PASSWORD_552,Login,,Login,Password,,,,,,,,,,,,,,,,,登入
KEY_WORD_PASSWORD_552,Key,,Key,Password,,,,,,,,,,,,,,,,,密鑰
USER_WORD_PASSWORD_552,User,,User,Password,,,,,,,,,,,,,,,,,用戶
HACKER_WORD_PASSWORD_552,Hacker,,Hacker,Password,,,,,,,,,,,,,,,,,駭客
SECRET_WORD_PASSWORD_552,Secret,,Secret,Password,,,,,,,,,,,,,,,,,秘密
HASH_WORD_PASSWORD_552,Hash,,Hash,Password,,,,,,,,,,,,,,,,,雜湊
SYMBOLS_WORD_PASSWORD_552,Symbols,,Symbols,Password,,,,,,,,,,,,,,,,,符號
MARK_WORD_PENCIL_553,Mark,,Mark,Pencil,,,,,,,,,,,,,,,,,標記
DRAW_WORD_PENCIL_553,Draw,,Draw,Pencil,,,,,,,,,,,,,,,,,畫
WRITE_WORD_PENCIL_553,Write,,Write,Pencil,,,,,,,,,,,,,,,,,寫
PAINT_WORD_PENCIL_553,Paint,,Paint,Pencil,,,,,,,,,,,,,,,,,著色
OUTLINE_WORD_PENCIL_553,Outline,,Outline,Pencil,,,,,,,,,,,,,,,,,輪廓
SKETCH_WORD_PENCIL_553,Sketch,,Sketch,Pencil,,,,,,,,,,,,,,,,,草圖
SCRIBBLE_WORD_PENCIL_553,Scribble,,Scribble,Pencil,,,,,,,,,,,,,,,,,亂畫
SIGN_WORD_PENCIL_553,Sign,,Sign,Pencil,Panneau,Schild,Señal,Placa,ป้าย,Rambu,Teken,標識,Segnale,Znak,Tabela,Знак,Semn,標誌,Skilt,Знак,标志
LEISURE_WORD_VACATION_554,Leisure,,Leisure,Vacation,,,,,,,,,,,,,,,,,休閒
TRAVEL_WORD_VACATION_554,Travel,,Travel,Vacation,,,,,,,,,,,,,,,,,旅行
TRIP_WORD_VACATION_554,Trip,,Trip,Vacation,,,,,,,,,,,,,,,,,旅程
HOLIDAYS_WORD_VACATION_554,Holidays,,Holidays,Vacation,,,,,,,,,,,,,,,,,假日
RESORTS_WORD_VACATION_554,Resorts,,Resorts,Vacation,,,,,,,,,,,,,,,,,渡假村
BEACHES_WORD_VACATION_554,Beaches,,Beaches,Vacation,,,,,,,,,,,,,,,,,海灘
HOTELS_WORD_VACATION_554,Hotels,,Hotels,Vacation,,,,,,,,,,,,,,,,,飯店
TOURISM_WORD_VACATION_554,Tourism,,Tourism,Vacation,,,,,,,,,,,,,,,,,觀光
BROWSE_WORD_SEARCH_555,Browse,,Browse,Search,,,,,,,,,,,,,,,,,瀏覽
SCAN_WORD_SEARCH_555,Scan,,Scan,Search,,,,,,,,,,,,,,,,,掃描
SURF_WORD_SEARCH_555,Surf,,Surf,Search,Surf,Surfen,Surf,Surf,คลื่น,Selancar,Branding,サーフィン,Surf,Fala,Sörf,Прибой,Surf,衝浪,Surf,Серфінг,冲浪
RUMMAGE_WORD_SEARCH_555,Rummage,,Rummage,Search,,,,,,,,,,,,,,,,,翻找
EXAMINE_WORD_SEARCH_555,Examine,,Examine,Search,,,,,,,,,,,,,,,,,檢查
SEEK_WORD_SEARCH_555,Seek,,Seek,Search,,,,,,,,,,,,,,,,,尋找
FANTASY_WORD_VISION_556,Fantasy,,Fantasy,Vision,,,,,,,,,,,,,,,,,幻想
DAYDREAM_WORD_VISION_556,Daydream,,Daydream,Vision,,,,,,,,,,,,,,,,,白日夢
IDEA_WORD_VISION_556,Idea,,Idea,Vision,,,,,,,,,,,,,,,,,想法
CONCEPT_WORD_VISION_556,Concept,,Concept,Vision,,,,,,,,,,,,,,,,,概念
IMAGE_WORD_VISION_556,Image,,Image,Vision,,,,,,,,,,,,,,,,,影像
INSIGHT_WORD_VISION_556,Insight,,Insight,Vision,,,,,,,,,,,,,,,,,洞察力
CHARM_WORD_SPELLS_557,Charm,,Charm,Spells,,,,,,,,,,,,,,,,,魅惑
CURSE_WORD_SPELLS_557,Curse,,Curse,Spells,,,,,,,,,,,,,,,,,詛咒
HEX_WORD_SPELLS_557,Hex,,Hex,Spells,,,,,,,,,,,,,,,,,詛符
WARD_WORD_SPELLS_557,Ward,,Ward,Spells,,,,,,,,,,,,,,,,,防護咒
SALSA_WORD_TOMATOES_558,Salsa,,Salsa,Tomatoes,Salsa,Salsa,Salsa,Salsa,ซัลซ่า,Salsa,Salsa,サルサ,Salsa,Salsa,Salsa,Сальса,Salsa,莎莎,Salsa,Сальса,莎莎
GAZPACHO_WORD_TOMATOES_558,Gazpacho,,Gazpacho,Tomatoes,,,,,,,,,,,,,,,,,番茄冷湯
MARINARA_WORD_TOMATOES_558,Marinara,,Marinara,Tomatoes,,,,,,,,,,,,,,,,,馬里納拉醬
KETCHUP_WORD_TOMATOES_558,Ketchup,,Ketchup,Tomatoes,Ketchup,Ketchup,Ketchup,Ketchup,ซอสมะเขือเทศ,Saus tomat,Ketchup,ケチャップ,Ketchup,Keczup,Ketçap,Кетчуп,Ketchup,番茄醬,Ketchup,Кетчуп,番茄酱
INFLATE_WORD_BALLOON_559,Inflate,,Inflate,Balloon,,,,,,,,,,,,,,,,,充氣
PUFF_OUT_WORD_BALLOON_559,Puff out,,Puff out,Balloon,,,,,,,,,,,,,,,,,膨脹
EXPAND_WORD_BALLOON_559,Expand,,Expand,Balloon,,,,,,,,,,,,,,,,,擴張
ANTIQUE_WORD_ANCIENT_560,Antique,,Antique,Ancient,,,,,,,,,,,,,,,,,古董
ARCHAIC_WORD_ANCIENT_560,Archaic,,Archaic,Ancient,,,,,,,,,,,,,,,,,古式
OBSOLETE_WORD_ANCIENT_560,Obsolete,,Obsolete,Ancient,,,,,,,,,,,,,,,,,過時
GRITTY_WORD_MASCOTS_561,Gritty,,Gritty,Mascots,,,,,,,,,,,,,,,,,熊本熊
YOUPPI_WORD_MASCOTS_561,Youppi,,Youppi,Mascots,,,,,,,,,,,,,,,,,尤皮吉祥物
BURNIE_WORD_MASCOTS_561,Burnie,,Burnie,Mascots,,,,,,,,,,,,,,,,,凱蒂貓
POE_WORD_MASCOTS_561,Poe,,Poe,Mascots,,,,,,,,,,,,,,,,,吉伊卡哇
NORDY_WORD_MASCOTS_561,Nordy,,Nordy,Mascots,,,,,,,,,,,,,,,,,熊大
ICEBURGH_WORD_MASCOTS_561,Iceburgh,,Iceburgh,Mascots,,,,,,,,,,,,,,,,,米其林寶寶
ROARY_WORD_MASCOTS_561,Roary,,Roary,Mascots,,,,,,,,,,,,,,,,,皮卡丘
FREDBIRD_WORD_MASCOTS_561,Fredbird,,Fredbird,Mascots,,,,,,,,,,,,,,,,,紅雀吉祥物
MARCH_WORD_PARADE_562,March,,March,Parade,,,,,,,,,,,,,,,,,行進
FESTIVAL_WORD_PARADE_562,Festival,,Festival,Parade,,,,,,,,,,,,,,,,,慶典
FLOAT_WORD_PARADE_562,Float,,Float,Parade,,,,,,,,,,,,,,,,,花車
STREET_WORD_PARADE_562,Street,,Street,Parade,,,,,,,,,,,,,,,,,街道
SHOW_WORD_PARADE_562,Show,,Show,Parade,,,,,,,,,,,,,,,,,表演
COSTUME_WORD_PARADE_562,Costume,,Costume,Parade,,,,,,,,,,,,,,,,,巡遊服裝
FIREWORK_WORD_PARADE_562,Firework,,Firework,Parade,,,,,,,,,,,,,,,,,表演隊伍
BANNER_WORD_PARADE_562,Banner,,Banner,Parade,,,,,,,,,,,,,,,,,標語布條
STUDENTS_WORD_EXAMS_563,Students,,Students,Exams,,,,,,,,,,,,,,,,,學生
TESTS_WORD_EXAMS_563,Tests,,Tests,Exams,,,,,,,,,,,,,,,,,測驗
GRADES_WORD_EXAMS_563,Grades,,Grades,Exams,,,,,,,,,,,,,,,,,成績
MARKS_WORD_EXAMS_563,Marks,,Marks,Exams,,,,,,,,,,,,,,,,,分數
STRESS_WORD_EXAMS_563,Stress,,Stress,Exams,,,,,,,,,,,,,,,,,壓力
ANXIETY_WORD_EXAMS_563,Anxiety,,Anxiety,Exams,,,,,,,,,,,,,,,,,焦慮
SUCCESS_WORD_EXAMS_563,Success,,Success,Exams,Succès,Erfolg,Éxito,Sucesso,ความสำเร็จ,Sukses,Succes,成功,Successo,Sukces,Başarı,Успех,Succes,成功,Succes,Успіх,成功
FAILURE_WORD_EXAMS_563,Failure,,Failure,Exams,,,,,,,,,,,,,,,,,失敗
HIGHWAY_WORD_TRIP_564,Highway,,Highway,Trip,,,,,,,,,,,,,,,,,高速公路
MOTEL_WORD_TRIP_564,Motel,,Motel,Trip,,,,,,,,,,,,,,,,,汽車旅館
MAP_WORD_TRIP_564,Map,,Map,Trip,,,,,,,,,,,,,,,,,地圖
PLAYLIST_WORD_TRIP_564,Playlist,,Playlist,Trip,,,,,,,,,,,,,,,,,背包客
JAUNT_WORD_TRIP_564,Jaunt,,Jaunt,Trip,,,,,,,,,,,,,,,,,短途旅行
LUGGAGE_WORD_TRIP_564,Luggage,,Luggage,Trip,,,,,,,,,,,,,,,,,行李
TRACTOR_WORD_FARM_565,Tractor,,Tractor,Farm,,,,,,,,,,,,,,,,,拖拉機
BARN_WORD_FARM_565,Barn,,Barn,Farm,,,,,,,,,,,,,,,,,穀倉
FIELD_WORD_FARM_565,Field,,Field,Farm,,,,,,,,,,,,,,,,,田野
COW_WORD_FARM_565,Cow,,Cow,Farm,,,,,,,,,,,,,,,,,乳牛
MANURE_WORD_FARM_565,Manure,,Manure,Farm,,,,,,,,,,,,,,,,,糞肥
ER_WORD_FARM_565,er,,er,Farm,,,,,,,,,,,,,,,,,農夫
CHOP_WORD_AXE_566,Chop,,Chop,Axe,,,,,,,,,,,,,,,,,砍伐
HEW_WORD_AXE_566,Hew,,Hew,Axe,,,,,,,,,,,,,,,,,劈開
FELL_WORD_AXE_566,Fell,,Fell,Axe,,,,,,,,,,,,,,,,,砍倒
SPLIT_WORD_AXE_566,Split,,Split,Axe,,,,,,,,,,,,,,,,,劈裂
HUNT_WORD_QUEST_567,Hunt,,Hunt,Quest,Chasse,Jagd,Caza,Caça,ล่า,Berburu,Jacht,狩り,Caccia,Polowanie,Av,Охота,Vânătoare,狩獵,Jagt,Полювання,狩猎
INQUIRY_WORD_QUEST_567,Inquiry,,Inquiry,Quest,Enquête,Anfrage,Consulta,Inquérito,สืบค้น,Penyelidikan,Onderzoek,探求,Indagine,Dochodzenie,Soruşturma,Расследование,Anchetă,調查,Forespørgsel,Запит,调查
PURSUIT_WORD_QUEST_567,Pursuit,,Pursuit,Quest,Poursuite,Verfolgung,Persecución,Perseguição,ไล่ตาม,Pengejaran,Achtervolging,追求,Ricerca,Pościg,Takip,Погоня,Urmărire,追求,Forfølgelse,Переслідування,追求
SYRUP_WORD_PANCAKES_568,Syrup,,Syrup,Pancakes,,,,,,,,,,,,,,,,,糖漿
FLOUR_WORD_PANCAKES_568,Flour,,Flour,Pancakes,,,,,,,,,,,,,,,,,麵粉
BATTER_WORD_PANCAKES_568,Batter,,Batter,Pancakes,,,,,,,,,,,,,,,,,麵糊
MAPLE_WORD_PANCAKES_568,Maple,,Maple,Pancakes,Érable,Ahorn,Arce,Bordo,เมเปิ้ล,Maple,Esdoorn,カエデ,Acero,Klon,Akçaağaç,Клён,Arțar,楓樹,Løn,Клен,枫树
JAM_WORD_PANCAKES_568,Jam,,Jam,Pancakes,,,,,,,,,,,,,,,,,果醬
CINNAMON_WORD_PANCAKES_568,Cinnamon,,Cinnamon,Pancakes,,,,,,,,,,,,,,,,,肉桂
GRIDDLE_WORD_PANCAKES_568,Griddle,,Griddle,Pancakes,,,,,,,,,,,,,,,,,平底鍋
RECIPE_WORD_PANCAKES_568,Recipe,,Recipe,Pancakes,,,,,,,,,,,,,,,,,食譜
ROBOTICS_WORD_TECH_569,Robotics,,Robotics,Tech,,,,,,,,,,,,,,,,,機器人
INTERNET_WORD_TECH_569,Internet,,Internet,Tech,,,,,,,,,,,,,,,,,網際網路
WI_FI_WORD_TECH_569,Wi-Fi,,Wi-Fi,Tech,,,,,,,,,,,,,,,,,無線網路
HARDWARE_WORD_TECH_569,Hardware,,Hardware,Tech,,,,,,,,,,,,,,,,,硬體
STARTUP_WORD_TECH_569,Startup,,Startup,Tech,,,,,,,,,,,,,,,,,人工智慧
PATENT_WORD_TECH_569,Patent,,Patent,Tech,,,,,,,,,,,,,,,,,專利
PROGRESS_WORD_TECH_569,Progress,,Progress,Tech,,,,,,,,,,,,,,,,,發展藍圖
BIG_DATA_WORD_TECH_569,Big data,,Big data,Tech,,,,,,,,,,,,,,,,,大數據
HASHTAG_WORD_SOCMED_570,Hashtag,,Hashtag,Socmed,,,,,,,,,,,,,,,,,主題標籤
REPOST_WORD_SOCMED_570,Repost,,Repost,Socmed,,,,,,,,,,,,,,,,,轉發
DISLIKE_WORD_SOCMED_570,Dislike,,Dislike,Socmed,,,,,,,,,,,,,,,,,不喜歡
LIKE_WORD_SOCMED_570,Like,,Like,Socmed,,,,,,,,,,,,,,,,,按讚
SHARE_WORD_SOCMED_570,Share,,Share,Socmed,,,,,,,,,,,,,,,,,分享圖片
EMOJI_WORD_SOCMED_570,Emoji,,Emoji,Socmed,,,,,,,,,,,,,,,,,表情符號
FEED_WORD_SOCMED_570,Feed,,Feed,Socmed,,,,,,,,,,,,,,,,,動態消息
PROFILE_WORD_SOCMED_570,Profile,,Profile,Socmed,,,,,,,,,,,,,,,,,個人檔案
BEBOP_WORD_JAZZ_571,Bebop,,Bebop,Jazz,,,,,,,,,,,,,,,,,咆勃爵士樂
SMOKE_WORD_JAZZ_571,Smoke,,Smoke,Jazz,,,,,,,,,,,,,,,,,即興演奏
PIANO_WORD_JAZZ_571,Piano,,Piano,Jazz,Piano,Klavier,Piano,Piano,เปียโน,Piano,Piano,ピアノ,Pianoforte,Fortepian,Piyano,Пианино,Pian,鋼琴,Klaver,Піаніно,钢琴
SINGER_WORD_JAZZ_571,Singer,,Singer,Jazz,,,,,,,,,,,,,,,,,歌手
TRUMPET_WORD_JAZZ_571,Trumpet,,Trumpet,Jazz,,,,,,,,,,,,,,,,,小喇叭
AUDIENCE_WORD_JAZZ_571,Audience,,Audience,Jazz,,,,,,,,,,,,,,,,,觀眾
BOOGIE_WORD_JAZZ_571,Boogie,,Boogie,Jazz,,,,,,,,,,,,,,,,,布吉音樂
STAGE_WORD_JAZZ_571,Stage,,Stage,Jazz,,,,,,,,,,,,,,,,,音樂節
WAVE_WORD_SURFING_572,Wave,,Wave,Surfing,,,,,,,,,,,,,,,,,海浪
BOARD_WORD_SURFING_572,Board,,Board,Surfing,,,,,,,,,,,,,,,,,衝浪板
LEASH_WORD_SURFING_572,Leash,,Leash,Surfing,,,,,,,,,,,,,,,,,衝浪繩
WETSUIT_WORD_SURFING_572,Wetsuit,,Wetsuit,Surfing,,,,,,,,,,,,,,,,,衝浪防寒衣
SURFER_WORD_SURFING_572,Surfer,,Surfer,Surfing,,,,,,,,,,,,,,,,,衝浪者
WIPEOUT_WORD_SURFING_572,Wipeout,,Wipeout,Surfing,,,,,,,,,,,,,,,,,歪爆
POCKET_WORD_LAB_COAT_573,Pocket,,Pocket,Lab coat,,,,,,,,,,,,,,,,,口袋
COLLAR_WORD_LAB_COAT_573,Collar,,Collar,Lab coat,,,,,,,,,,,,,,,,,領子
SLEEVE_WORD_LAB_COAT_573,Sleeve,,Sleeve,Lab coat,,,,,,,,,,,,,,,,,袖子
BUTTON_WORD_LAB_COAT_573,Button,,Button,Lab coat,,,,,,,,,,,,,,,,,鈕扣
APRON_WORD_LAB_COAT_573,Apron,,Apron,Lab coat,,,,,,,,,,,,,,,,,防酸鹼圍裙
CHEMIST_WORD_LAB_COAT_573,Chemist,,Chemist,Lab coat,,,,,,,,,,,,,,,,,化學家
VITAMIN_WORD_NUTRIENT_574,Vitamin,,Vitamin,Nutrient,,,,,,,,,,,,,,,,,維生素
PROTEIN_WORD_NUTRIENT_574,Protein,,Protein,Nutrient,,,,,,,,,,,,,,,,,蛋白質
MINERAL_WORD_NUTRIENT_574,Mineral,,Mineral,Nutrient,,,,,,,,,,,,,,,,,礦物質
FIBER_WORD_NUTRIENT_574,Fiber,,Fiber,Nutrient,,,,,,,,,,,,,,,,,膳食纖維
UPTAKE_WORD_NUTRIENT_574,Uptake,,Uptake,Nutrient,,,,,,,,,,,,,,,,,吸收
HEALTH_WORD_NUTRIENT_574,Health,,Health,Nutrient,,,,,,,,,,,,,,,,,健康
STOOP_WORD_OLD_MAN_575,Stoop,,Stoop,Old man,,,,,,,,,,,,,,,,,駝背
CANE_WORD_OLD_MAN_575,Cane,,Cane,Old man,,,,,,,,,,,,,,,,,手杖
WISDOM_WORD_OLD_MAN_575,Wisdom,,Wisdom,Old man,,,,,,,,,,,,,,,,,銀髮
GRANDPA_WORD_OLD_MAN_575,Grandpa,,Grandpa,Old man,,,,,,,,,,,,,,,,,爺爺
SENIOR_WORD_OLD_MAN_575,Senior,,Senior,Old man,,,,,,,,,,,,,,,,,長輩
FORCE_WORD_IMPACT_576,Force,,Force,Impact,Vigueur,Wucht,Vigor,Vigor,แรง,Gaya,Geweld,フォース,Vigore,Impet,Kuvvet,Напор,Vigoare,武力,Magt,Зусилля,武力
SHOCK_WORD_IMPACT_576,Shock,,Shock,Impact,,,,,,,,,,,,,,,,,震撼
BLOW_WORD_IMPACT_576,Blow,,Blow,Impact,,,,,,,,,,,,,,,,,打擊
EFFECT_WORD_IMPACT_576,Effect,,Effect,Impact,,,,,,,,,,,,,,,,,震盪
ELBOW_WORD_JOINTS_577,Elbow,,Elbow,Joints,,,,,,,,,,,,,,,,,手肘
KNEE_WORD_JOINTS_577,Knee,,Knee,Joints,Genou,Knie,Rodilla,Joelho,หัวเข่า,Lutut,Knie,膝,Ginocchio,Kolano,Diz,Колено,Genunchi,膝蓋,Knæ,Коліно,膝盖
ANKLE_WORD_JOINTS_577,Ankle,,Ankle,Joints,Cheville,Knöchel,Tobillo,Tornozelo,ข้อเท้า,Pergelangan kaki,Enkel,足首,Caviglia,Kostka,Ayak bileği,Лодыжка,Gleznă,腳踝,Ankel,Щиколотка,脚踝
WRIST_WORD_JOINTS_577,Wrist,,Wrist,Joints,,,,,,,,,,,,,,,,,手腕
MUD_WORD_HUT_578,Mud,,Mud,Hut,,,,,,,,,,,,,,,,,泥土
CLAY_WORD_HUT_578,Clay,,Clay,Hut,,,,,,,,,,,,,,,,,黏土
THATCH_WORD_HUT_578,Thatch,,Thatch,Hut,,,,,,,,,,,,,,,,,茅草
WOOD_WORD_HUT_578,Wood,,Wood,Hut,,,,,,,,,,,,,,,,,木材
MIRAGE_WORD_ILLUSION_579,Mirage,,Mirage,Illusion,,,,,,,,,,,,,,,,,海市蜃樓
HOLOGRAM_WORD_ILLUSION_579,Hologram,,Hologram,Illusion,,,,,,,,,,,,,,,,,全像投影
TRICK_WORD_ILLUSION_579,Trick,,Trick,Illusion,,,,,,,,,,,,,,,,,錯覺魔術
INTERIOR_WORD_INDOOR_580,Interior,,Interior,Indoor,,,,,,,,,,,,,,,,,室內空間
INSIDE_WORD_INDOOR_580,Inside,,Inside,Indoor,,,,,,,,,,,,,,,,,裡面
INTERNAL_WORD_INDOOR_580,Internal,,Internal,Indoor,,,,,,,,,,,,,,,,,內部
AISLE_WORD_GROCERY_581,Aisle,,Aisle,Grocery,,,,,,,,,,,,,,,,,貨架走道
RETAIL_WORD_GROCERY_581,Retail,,Retail,Grocery,,,,,,,,,,,,,,,,,零售
BEVERAGE_WORD_GROCERY_581,Beverage,,Beverage,Grocery,,,,,,,,,,,,,,,,,飲料
DAIRY_WORD_GROCERY_581,Dairy,,Dairy,Grocery,,,,,,,,,,,,,,,,,乳製品
FRUIT_WORD_GROCERY_581,Fruit,,Fruit,Grocery,,,,,,,,,,,,,,,,,水果
MEAT_WORD_GROCERY_581,Meat,,Meat,Grocery,Viande,Fleisch,Carne,Carne,เนื้อ,Daging,Vlees,ミート,Carne,Mięso,Et,Мясо,Carne,肉,Kød,М'ясо,肉
CASHIER_WORD_GROCERY_581,Cashier,,Cashier,Grocery,,,,,,,,,,,,,,,,,收銀台
RECEIPT_WORD_GROCERY_581,Receipt,,Receipt,Grocery,,,,,,,,,,,,,,,,,購物收據
INK_WORD_TATTOO_582,Ink,,Ink,Tattoo,Encre,Tinte,Tinta,Tinta,หมึก,Tinta,Inkt,インク,Inchiostro,Atrament,Mürekkep,Чернила,Cerneală,墨水,Blæk,Чорнило,墨水
NEEDLE_WORD_TATTOO_582,Needle,,Needle,Tattoo,,,,,,,,,,,,,,,,,針頭
CHAIR_WORD_TATTOO_582,Chair,,Chair,Tattoo,,,,,,,,,,,,,,,,,紋身椅
ARTIST_WORD_TATTOO_582,Artist,,Artist,Tattoo,,,,,,,,,,,,,,,,,紋身師
PAIN_WORD_TATTOO_582,Pain,,Pain,Tattoo,,,,,,,,,,,,,,,,,疼痛
SKIN_WORD_TATTOO_582,Skin,,Skin,Tattoo,,,,,,,,,,,,,,,,,皮膚
DRAWING_WORD_TATTOO_582,Drawing,,Drawing,Tattoo,Dessin,Zeichnung,Dibujo,Desenho,ภาพวาด,Gambar,Tekenen,デッサン,Disegno,Rysunek,Çizim,Рисунок,Desen,素描,Tegning,Малюнок,素描
DESIGN_WORD_TATTOO_582,Design,,Design,Tattoo,,,,,,,,,,,,,,,,,設計稿
ARTICLE_WORD_NEWS_583,Article,,Article,News,,,,,,,,,,,,,,,,,報導
PRESS_WORD_NEWS_583,Press,,Press,News,,,,,,,,,,,,,,,,,媒體
BREAKING_WORD_NEWS_583,Breaking,,Breaking,News,,,,,,,,,,,,,,,,,突發
PERFUME_WORD_SCENT_584,Perfume,,Perfume,Scent,,,,,,,,,,,,,,,,,香水
ESSENCE_WORD_SCENT_584,Essence,,Essence,Scent,,,,,,,,,,,,,,,,,香精
AROMA_WORD_SCENT_584,Aroma,,Aroma,Scent,,,,,,,,,,,,,,,,,芬芳
BETTA_WORD_AQUARIUM_585,Betta,,Betta,Aquarium,,,,,,,,,,,,,,,,,鬥魚
GOURAMI_WORD_AQUARIUM_585,Gourami,,Gourami,Aquarium,,,,,,,,,,,,,,,,,大絲足鱸
TETRA_WORD_AQUARIUM_585,Tetra,,Tetra,Aquarium,,,,,,,,,,,,,,,,,小型燈魚
CICHLID_WORD_AQUARIUM_585,Cichlid,,Cichlid,Aquarium,,,,,,,,,,,,,,,,,慈鯛
CATFISH_WORD_AQUARIUM_585,Catfish,,Catfish,Aquarium,,,,,,,,,,,,,,,,,鯰魚
DISCUS_WORD_AQUARIUM_585,Discus,,Discus,Aquarium,,,,,,,,,,,,,,,,,七彩神仙魚
KOI_WORD_AQUARIUM_585,Koi,,Koi,Aquarium,,,,,,,,,,,,,,,,,錦鯉
GUPPY_WORD_AQUARIUM_585,Guppy,,Guppy,Aquarium,,,,,,,,,,,,,,,,,孔雀魚
TALK_WORD_CHAT_586,Talk,,Talk,Chat,,,,,,,,,,,,,,,,,談話
CONVERSE_WORD_CHAT_586,Converse,,Converse,Chat,,,,,,,,,,,,,,,,,交談
DISCUSS_WORD_CHAT_586,Discuss,,Discuss,Chat,,,,,,,,,,,,,,,,,討論
GAB_WORD_CHAT_586,Gab,,Gab,Chat,,,,,,,,,,,,,,,,,閒扯
JABBER_WORD_CHAT_586,Jabber,,Jabber,Chat,,,,,,,,,,,,,,,,,胡言亂語
PRATTLE_WORD_CHAT_586,Prattle,,Prattle,Chat,,,,,,,,,,,,,,,,,嘮叨
BANTER_WORD_CHAT_586,Banter,,Banter,Chat,,,,,,,,,,,,,,,,,打趣
RAMBLE_WORD_CHAT_586,Ramble,,Ramble,Chat,,,,,,,,,,,,,,,,,漫談
STARS_WORD_GALAXY_587,Stars,,Stars,Galaxy,,,,,,,,,,,,,,,,,恆星
PLANETS_WORD_GALAXY_587,Planets,,Planets,Galaxy,,,,,,,,,,,,,,,,,行星
NEBULAE_WORD_GALAXY_587,Nebulae,,Nebulae,Galaxy,,,,,,,,,,,,,,,,,星雲
QUASARS_WORD_GALAXY_587,Quasars,,Quasars,Galaxy,,,,,,,,,,,,,,,,,類星體
COMETS_WORD_GALAXY_587,Comets,,Comets,Galaxy,,,,,,,,,,,,,,,,,彗星
STARDUST_WORD_GALAXY_587,Stardust,,Stardust,Galaxy,,,,,,,,,,,,,,,,,星塵
PAL_WORD_FRIEND_588,Pal,,Pal,Friend,,,,,,,,,,,,,,,,,夥伴
BUDDY_WORD_FRIEND_588,Buddy,,Buddy,Friend,,,,,,,,,,,,,,,,,好友
PLAYMATE_WORD_FRIEND_588,Playmate,,Playmate,Friend,,,,,,,,,,,,,,,,,玩伴
ALLY_WORD_FRIEND_588,Ally,,Ally,Friend,,,,,,,,,,,,,,,,,同盟
COMRADE_WORD_FRIEND_588,Comrade,,Comrade,Friend,,,,,,,,,,,,,,,,,戰友
LOYALTY_WORD_FRIEND_588,Loyalty,,Loyalty,Friend,,,,,,,,,,,,,,,,,忠誠
FOOT_WORD_LENGTH_589,Foot,,Foot,Length,,,,,,,,,,,,,,,,,英尺
INCH_WORD_LENGTH_589,Inch,,Inch,Length,,,,,,,,,,,,,,,,,英吋
YARD_WORD_LENGTH_589,Yard,,Yard,Length,,,,,,,,,,,,,,,,,碼
MILE_WORD_LENGTH_589,Mile,,Mile,Length,,,,,,,,,,,,,,,,,英里
UNICORN_WORD_BILLION_590,Unicorn,,Unicorn,Billion,,,,,,,,,,,,,,,,,獨角獸
FUND_WORD_BILLION_590,Fund,,Fund,Billion,,,,,,,,,,,,,,,,,基金
MONEY_WORD_BILLION_590,Money,,Money,Billion,Argent,Geld,Dinero,Dinheiro,เงิน,Uang,Geld,お金,Denaro,Pieniądze,Para,Деньги,Bani,金錢,Penge,Гроші,金钱
DOLLARS_WORD_BILLION_590,Dollars,,Dollars,Billion,,,,,,,,,,,,,,,,,美元
SOLUTION_WORD_PROBLEM_591,Solution,,Solution,Problem,,,,,,,,,,,,,,,,,解答
DILEMMA_WORD_PROBLEM_591,Dilemma,,Dilemma,Problem,,,,,,,,,,,,,,,,,進退兩難
HURDLE_WORD_PROBLEM_591,Hurdle,,Hurdle,Problem,,,,,,,,,,,,,,,,,障礙
OBSTACLE_WORD_PROBLEM_591,Obstacle,,Obstacle,Problem,,,,,,,,,,,,,,,,,阻礙
SILENT_WORD_MUTE_592,Silent,,Silent,Mute,,,,,,,,,,,,,,,,,靜默
WORDLESS_WORD_MUTE_592,Wordless,,Wordless,Mute,,,,,,,,,,,,,,,,,無言
QUIET_WORD_MUTE_592,Quiet,,Quiet,Mute,,,,,,,,,,,,,,,,,安靜
LOTTERY_WORD_TICKET_593,Lottery,,Lottery,Ticket,,,,,,,,,,,,,,,,,彩券
QUEUE_WORD_TICKET_593,Queue,,Queue,Ticket,,,,,,,,,,,,,,,,,排隊
PASS_WORD_TICKET_593,Pass,,Pass,Ticket,,,,,,,,,,,,,,,,,通行證
EVENT_WORD_TICKET_593,Event,,Event,Ticket,,,,,,,,,,,,,,,,,活動
SEASON_WORD_TICKET_593,Season,,Season,Ticket,,,,,,,,,,,,,,,,,季票
BOOTH_WORD_TICKET_593,Booth,,Booth,Ticket,,,,,,,,,,,,,,,,,售票亭
HOLDER_WORD_TICKET_593,Holder,,Holder,Ticket,,,,,,,,,,,,,,,,,持票人
BROKER_WORD_TICKET_593,Broker,,Broker,Ticket,,,,,,,,,,,,,,,,,票販
BLOCKS_WORD_TOY_BOX_594,Blocks,,Blocks,Toy box,,,,,,,,,,,,,,,,,積木
DOLL_WORD_TOY_BOX_594,Doll,,Doll,Toy box,Poupée,Puppe,Muñeca,Boneca,ตุ๊กตา,Boneka,Pop,人形,Bambola,Lalka,Bebek,Кукла,Păpușă,娃娃,Dukke,Лялька,娃娃
CAR_WORD_TOY_BOX_594,Car,,Car,Toy box,Voiture,Auto,Coche,Carro,รถยนต์,Mobil,Auto,車,Auto,Samochód,Araba,Машина,Mașină,汽車,Bil,Авто,汽车
BALL_WORD_TOY_BOX_594,Ball,,Ball,Toy box,,,,,,,,,,,,,,,,,球
PUZZLE_WORD_TOY_BOX_594,Puzzle,,Puzzle,Toy box,,,,,,,,,,,,,,,,,拼圖
ROBOT_WORD_TOY_BOX_594,Robot,,Robot,Toy box,,,,,,,,,,,,,,,,,機器人
TEDDY_WORD_TOY_BOX_594,Teddy,,Teddy,Toy box,,,,,,,,,,,,,,,,,泰迪熊
TRAIN_WORD_TOY_BOX_594,Train,,Train,Toy box,,,,,,,,,,,,,,,,,火車
TASK_WORD_MISSION_595,Task,,Task,Mission,,,,,,,,,,,,,,,,,工作
PURPOSE_WORD_MISSION_595,Purpose,,Purpose,Mission,,,,,,,,,,,,,,,,,目的
DUTY_WORD_MISSION_595,Duty,,Duty,Mission,Droit,Abgabe,Arancel,Tarifa,ภาษี,Bea,Plicht,関税,Dazio,Opłata,Vergi,Пошлина,Datorie,關稅,Pligt,Обов'язок,关税
GOAL_WORD_MISSION_595,Goal,,Goal,Mission,But,Tor,Gol,Gol,ประตู,Gol,Doel,ゴール,Gol,Gol,Gol,Гол,Gol,進球,Mål,Гол,进球
VOCATION_WORD_MISSION_595,Vocation,,Vocation,Mission,,,,,,,,,,,,,,,,,天職
ERRAND_WORD_MISSION_595,Errand,,Errand,Mission,,,,,,,,,,,,,,,,,跑腿
COLORS_WORD_FLAG_596,Colors,,Colors,Flag,,,,,,,,,,,,,,,,,顏色
CLOTH_WORD_FLAG_596,Cloth,,Cloth,Flag,,,,,,,,,,,,,,,,,布料
POLE_WORD_FLAG_596,Pole,,Pole,Flag,,,,,,,,,,,,,,,,,旗桿
NATION_WORD_FLAG_596,Nation,,Nation,Flag,,,,,,,,,,,,,,,,,國家
PATRIOT_WORD_FLAG_596,Patriot,,Patriot,Flag,,,,,,,,,,,,,,,,,愛國者
ENTITY_WORD_FLAG_596,Entity,,Entity,Flag,,,,,,,,,,,,,,,,,實體
TREASURE_WORD_CHEST_597,Treasure,,Treasure,Chest,,,,,,,,,,,,,,,,,財寶
JEWELS_WORD_CHEST_597,Jewels,,Jewels,Chest,,,,,,,,,,,,,,,,,珠寶
COINS_WORD_CHEST_597,Coins,,Coins,Chest,,,,,,,,,,,,,,,,,硬幣
PIRATES_WORD_CHEST_597,Pirates,,Pirates,Chest,,,,,,,,,,,,,,,,,海盜
SERVICE_WORD_WAITER_598,Service,,Service,Waiter,,,,,,,,,,,,,,,,,服務
ORDER_WORD_WAITER_598,Order,,Order,Waiter,,,,,,,,,,,,,,,,,點菜
NOTEPAD_WORD_WAITER_598,Notepad,,Notepad,Waiter,,,,,,,,,,,,,,,,,記事本
MENU_WORD_WAITER_598,Menu,,Menu,Waiter,,,,,,,,,,,,,,,,,菜單
FLOOD_WORD_WAVE_599,Flood,,Flood,Wave,Inondation,Flut,Inundación,Inundação,น้ำท่วม,Banjir,Overstroming,洪水,Alluvione,Powódź,Sel,Наводнение,Inundație,洪水,Oversvømmelse,Повінь,洪水
TIDE_WORD_WAVE_599,Tide,,Tide,Wave,Marée,Gezeiten,Marea,Maré,น้ำขึ้นน้ำลง,Pasang surut,Getij,潮,Marea,Przypływ,Gelgit,Прилив,Maree,潮汐,Tidevand,Приплив,潮汐
DELUGE_WORD_WAVE_599,Deluge,,Deluge,Wave,,,,,,,,,,,,,,,,,暴雨
TSUNAMI_WORD_WAVE_599,Tsunami,,Tsunami,Wave,Tsunami,Tsunami,Tsunami,Tsunami,สึนามิ,Tsunami,Tsunami,津波,Tsunami,Tsunami,Tsunami,Цунами,Tsunami,海嘯,Tsunami,Цунамі,海啸
SYNERGY_WORD_YINYANG_600,Synergy,,Synergy,Yinyang,Synergie,Synergie,Sinergia,Sinergia,ประสานพลัง,Sinergi,Synergie,シナジー,Sinergia,Synergia,Sinerji,Синергия,Sinergie,協調,Synergi,Синергія,协调
DUALITY_WORD_YINYANG_600,Duality,,Duality,Yinyang,Dualité,Dualität,Dualidad,Dualidade,ทวิภาวะ,Dualitas,Dualiteit,二元性,Dualità,Dualność,İkilik,Двойственность,Dualitate,二元性,Dualitet,Двоїстість,二元性
HARMONY_WORD_YINYANG_600,Harmony,,Harmony,Yinyang,Harmonie,Harmonie,Armonía,Harmonia,ฮาร์โมนี,Harmoni,Harmonie,ハーモニー,Armonia,Harmonia,Armoni,Гармония,Armonie,和聲,Harmoni,Гармонія,和声
LEASH_WORD_DOG_SHOW_601,Leash,,Leash,Dog show,,,,,,,,,,,,,,,,,牽繩
JUDGE_WORD_DOG_SHOW_601,Judge,,Judge,Dog show,,,,,,,,,,,,,,,,,評審
TRICK_WORD_DOG_SHOW_601,Trick,,Trick,Dog show,,,,,,,,,,,,,,,,,把戲
GROOMING_WORD_DOG_SHOW_601,Grooming,,Grooming,Dog show,,,,,,,,,,,,,,,,,梳毛
RIBBON_WORD_DOG_SHOW_601,Ribbon,,Ribbon,Dog show,,,,,,,,,,,,,,,,,緞帶
BARK_WORD_DOG_SHOW_601,Bark,,Bark,Dog show,,,,,,,,,,,,,,,,,吠叫
BREED_WORD_DOG_SHOW_601,Breed,,Breed,Dog show,,,,,,,,,,,,,,,,,犬種
OWNER_WORD_DOG_SHOW_601,Owner,,Owner,Dog show,,,,,,,,,,,,,,,,,主人
HEATWAVE_WORD_SUMMER_602,Heatwave,,Heatwave,Summer,,,,,,,,,,,,,,,,,熱浪
WARMTH_WORD_SUMMER_602,Warmth,,Warmth,Summer,,,,,,,,,,,,,,,,,溫暖
SUNSHINE_WORD_SUMMER_602,Sunshine,,Sunshine,Summer,,,,,,,,,,,,,,,,,陽光
BBQ_WORD_SUMMER_602,BBQ,,BBQ,Summer,,,,,,,,,,,,,,,,,烤肉
VACATION_WORD_SUMMER_602,Vacation,,Vacation,Summer,,,,,,,,,,,,,,,,,度假
SUNBURN_WORD_SUMMER_602,Sunburn,,Sunburn,Summer,,,,,,,,,,,,,,,,,曬傷
GREENERY_WORD_SUMMER_602,Greenery,,Greenery,Summer,,,,,,,,,,,,,,,,,綠意
SWIM_WORD_SUMMER_602,Swim,,Swim,Summer,,,,,,,,,,,,,,,,,游泳
APP_WORD_PHONE_603,App,,App,Phone,,,,,,,,,,,,,,,,,應用程式
CALL_WORD_PHONE_603,Call,,Call,Phone,,,,,,,,,,,,,,,,,通話
CHAT_WORD_PHONE_603,Chat,,Chat,Phone,,,,,,,,,,,,,,,,,聊天
TEXT_WORD_PHONE_603,Text,,Text,Phone,Texte,Text,Texto,Texto,เท็กซ์,Teks,Tekst,テキスト,Testo,Tekst,Metin,Текст,Text,文字,Tekst,Текст,文本
RING_WORD_PHONE_603,Ring,,Ring,Phone,,,,,,,,,,,,,,,,,鈴聲
GAME_WORD_PHONE_603,Game,,Game,Phone,,,,,,,,,,,,,,,,,遊戲
PHOTO_WORD_PHONE_603,Photo,,Photo,Phone,Photo,Foto,Foto,Foto,ภาพถ่าย,Foto,Foto,写真,Foto,Zdjęcie,Fotoğraf,Фото,Fotografie,攝影,Foto,Фото,摄影
GPS_WORD_PHONE_603,GPS,,GPS,Phone,,,,,,,,,,,,,,,,,定位
GOURMET_WORD_FOODIE_604,Gourmet,,Gourmet,Foodie,Gastronome,Gourmet,Gastrónomo,Gastrônomo,นักชิม,Gourmet,Gourmet,食通,Gourmet,Koneser,Gastronom,Гастроном,Gurmet,老饕,Gourmet,Смакун,老饕
EPICURE_WORD_FOODIE_604,Epicure,,Epicure,Foodie,Épicurien,Genießer,Epicúreo,Epicurista,คอลิ้นทอง,Penikmat,Lekkerbek,美食家,Epicureo,Epikurejczyk,Tat düşkünü,Эпикуреец,Epicurian,饕客,Feinschmecker,Естет їжі,饕客
TASTE_WORD_FOODIE_604,Taste,,Taste,Foodie,Goût,Geschmack,Sabor,Sabor,รสชาติ,Rasa,Smaak,味覚,Gusto,Smak,Lezzet,Вкус,Gust,味覺,Smag,Смак,味觉
SYBARITE_WORD_FOODIE_604,Sybarite,,Sybarite,Foodie,,,,,,,,,,,,,,,,,奢食者
HEDONISM_WORD_FOODIE_604,Hedonism,,Hedonism,Foodie,,,,,,,,,,,,,,,,,享樂主義
DISHES_WORD_FOODIE_604,Dishes,,Dishes,Foodie,,,,,,,,,,,,,,,,,料理
SHELL_WORD_COCONUT_605,Shell,,Shell,Coconut,,,,,,,,,,,,,,,,,硬殼
HUSK_WORD_COCONUT_605,Husk,,Husk,Coconut,,,,,,,,,,,,,,,,,纖維殼
FLESH_WORD_COCONUT_605,Flesh,,Flesh,Coconut,,,,,,,,,,,,,,,,,果肉
MILK_WORD_COCONUT_605,Milk,,Milk,Coconut,,,,,,,,,,,,,,,,,椰奶
PALM_WORD_COCONUT_605,Palm,,Palm,Coconut,Palmier,Palme,Palmera,Palmeira,ปาล์ม,Palem,Palm,ヤシ,Palma,Palma,Palmiye,Пальма,Palmier,棕櫚,Palme,Пальма,棕榈
PULP_WORD_COCONUT_605,Pulp,,Pulp,Coconut,,,,,,,,,,,,,,,,,果渣
DYNAMITE_WORD_NOBEL_606,Dynamite,,Dynamite,Nobel,,,,,,,,,,,,,,,,,炸藥
PRIZE_WORD_NOBEL_606,Prize,,Prize,Nobel,,,,,,,,,,,,,,,,,獎項
ENGINEER_WORD_NOBEL_606,Engineer,,Engineer,Nobel,Ingénieur,Ingenieur,Ingeniero,Engenheiro,วิศวกร,Insinyur,Ingenieur,エンジニア,Ingegnere,Inżynier,Mühendis,Инженер,Inginer,工程師,Ingeniør,Інженер,工程师
INVENTOR_WORD_NOBEL_606,Inventor,,Inventor,Nobel,,,,,,,,,,,,,,,,,發明家
FINS_WORD_SHARK_607,Fins,,Fins,Shark,,,,,,,,,,,,,,,,,鰭
TEETH_WORD_SHARK_607,Teeth,,Teeth,Shark,Dents,Zähne,Dientes,Dentes,ฟัน,Gigi,Tanden,歯,Denti,Zęby,Dişler,Зубья,Dinți,鋸齒,Tænder,Зуби,锯齿
GILLS_WORD_SHARK_607,Gills,,Gills,Shark,,,,,,,,,,,,,,,,,鰓
JAWS_WORD_SHARK_607,Jaws,,Jaws,Shark,,,,,,,,,,,,,,,,,顎部
CHEW_WORD_EATING_608,Chew,,Chew,Eating,,,,,,,,,,,,,,,,,咀嚼
BITE_WORD_EATING_608,Bite,,Bite,Eating,,,,,,,,,,,,,,,,,咬
SWALLOW_WORD_EATING_608,Swallow,,Swallow,Eating,,,,,,,,,,,,,,,,,吞嚥
FIRE_WORD_FLAME_609,Fire,,Fire,Flame,,,,,,,,,,,,,,,,,烈焰
MATCHBOX_WORD_FLAME_609,Matchbox,,Matchbox,Flame,,,,,,,,,,,,,,,,,火柴盒
FLICKER_WORD_FLAME_609,Flicker,,Flicker,Flame,,,,,,,,,,,,,,,,,閃爍
LEATHER_WORD_BELT_610,Leather,,Leather,Belt,,,,,,,,,,,,,,,,,皮革
STRAP_WORD_BELT_610,Strap,,Strap,Belt,,,,,,,,,,,,,,,,,帶條
WAIST_WORD_BELT_610,Waist,,Waist,Belt,,,,,,,,,,,,,,,,,腰部
SEAT_WORD_BELT_610,Seat,,Seat,Belt,,,,,,,,,,,,,,,,,座椅
DRIVE_WORD_BELT_610,Drive,,Drive,Belt,,,,,,,,,,,,,,,,,駕駛
BOXING_WORD_BELT_610,Boxing,,Boxing,Belt,,,,,,,,,,,,,,,,,拳擊
CHAMPION_WORD_BELT_610,Champion,,Champion,Belt,,,,,,,,,,,,,,,,,冠軍
BUCKLE_WORD_BELT_610,Buckle,,Buckle,Belt,,,,,,,,,,,,,,,,,扣環
WEALTH_WORD_RICH_611,Wealth,,Wealth,Rich,,,,,,,,,,,,,,,,,資產
MONEY_WORD_RICH_611,Money,,Money,Rich,Argent,Geld,Dinero,Dinheiro,เงิน,Uang,Geld,お金,Denaro,Pieniądze,Para,Деньги,Bani,金錢,Penge,Гроші,金钱
FORTUNE_WORD_RICH_611,Fortune,,Fortune,Rich,,,,,,,,,,,,,,,,,財運
LUXURY_WORD_RICH_611,Luxury,,Luxury,Rich,,,,,,,,,,,,,,,,,奢華
BOOTY_WORD_RICH_611,Booty,,Booty,Rich,,,,,,,,,,,,,,,,,戰利品
TREASURE_WORD_RICH_611,Treasure,,Treasure,Rich,,,,,,,,,,,,,,,,,珍寶
NESS_WORD_RICH_611,ness,,ness,Rich,,,,,,,,,,,,,,,,,富饒
HEIR_WORD_RICH_611,Heir,,Heir,Rich,,,,,,,,,,,,,,,,,繼承人
WINTER_WORD_FROST_612,Winter,,Winter,Frost,Hiver,Winter,Invierno,Inverno,ฤดูหนาว,Dingin,Winter,冬,Inverno,Zima,Kış,Зима,Iarnă,冬天,Vinter,Зима,冬天
SNOWFALL_WORD_FROST_612,Snowfall,,Snowfall,Frost,,,,,,,,,,,,,,,,,降雪
FREEZE_WORD_FROST_612,Freeze,,Freeze,Frost,,,,,,,,,,,,,,,,,冰凍
BITE_WORD_FROST_612,Bite,,Bite,Frost,,,,,,,,,,,,,,,,,凍傷
HAIL_WORD_FROST_612,Hail,,Hail,Frost,,,,,,,,,,,,,,,,,冰雹
CHILL_WORD_FROST_612,Chill,,Chill,Frost,,,,,,,,,,,,,,,,,寒意
ICICLE_WORD_FROST_612,Icicle,,Icicle,Frost,,,,,,,,,,,,,,,,,冰柱
RIME_WORD_FROST_612,Rime,,Rime,Frost,,,,,,,,,,,,,,,,,霜層
CEILING_WORD_FRESCO_613,Ceiling,,Ceiling,Fresco,,,,,,,,,,,,,,,,,天花板
VAULT_WORD_FRESCO_613,Vault,,Vault,Fresco,,,,,,,,,,,,,,,,,拱頂
PLASTER_WORD_FRESCO_613,Plaster,,Plaster,Fresco,,,,,,,,,,,,,,,,,石膏
PAINTER_WORD_FRESCO_613,Painter,,Painter,Fresco,,,,,,,,,,,,,,,,,畫家
MURAL_WORD_FRESCO_613,Mural,,Mural,Fresco,,,,,,,,,,,,,,,,,壁繪
ARTWORK_WORD_FRESCO_613,Artwork,,Artwork,Fresco,,,,,,,,,,,,,,,,,藝術品
JUICY_WORD_APPLES_614,Juicy,,Juicy,Apples,,,,,,,,,,,,,,,,,多汁
SWEET_WORD_APPLES_614,Sweet,,Sweet,Apples,,,,,,,,,,,,,,,,,甜美
CRISP_WORD_APPLES_614,Crisp,,Crisp,Apples,,,,,,,,,,,,,,,,,爽脆
CRUNCHY_WORD_APPLES_614,Crunchy,,Crunchy,Apples,,,,,,,,,,,,,,,,,脆口
SUGARY_WORD_APPLES_614,Sugary,,Sugary,Apples,,,,,,,,,,,,,,,,,香甜
GARBAGE_WORD_BIN_615,Garbage,,Garbage,Bin,,,,,,,,,,,,,,,,,垃圾
WASTE_WORD_BIN_615,Waste,,Waste,Bin,,,,,,,,,,,,,,,,,廢棄
TRASH_WORD_BIN_615,Trash,,Trash,Bin,,,,,,,,,,,,,,,,,廢料
RUBBISH_WORD_BIN_615,Rubbish,,Rubbish,Bin,,,,,,,,,,,,,,,,,碎屑
DESKTOP_WORD_BIN_615,Desktop,,Desktop,Bin,,,,,,,,,,,,,,,,,桌面
RESPECT_WORD_HONOR_616,Respect,,Respect,Honor,,,,,,,,,,,,,,,,,尊重
ESTEEM_WORD_HONOR_616,Esteem,,Esteem,Honor,,,,,,,,,,,,,,,,,崇敬
PRAISE_WORD_HONOR_616,Praise,,Praise,Honor,,,,,,,,,,,,,,,,,讚揚
TRIBUTE_WORD_HONOR_616,Tribute,,Tribute,Honor,,,,,,,,,,,,,,,,,致敬
SHOOT_WORD_BOTANICS_617,Shoot,,Shoot,Botanics,,,,,,,,,,,,,,,,,嫩芽
SEED_WORD_BOTANICS_617,Seed,,Seed,Botanics,,,,,,,,,,,,,,,,,種子
RHIZOME_WORD_BOTANICS_617,Rhizome,,Rhizome,Botanics,,,,,,,,,,,,,,,,,根莖
SEPAL_WORD_BOTANICS_617,Sepal,,Sepal,Botanics,,,,,,,,,,,,,,,,,萼片
TRIBE_WORD_TIPI_618,Tribe,,Tribe,Tipi,,,,,,,,,,,,,,,,,部落
DWELLING_WORD_TIPI_618,Dwelling,,Dwelling,Tipi,,,,,,,,,,,,,,,,,居所
CANVAS_WORD_TIPI_618,Canvas,,Canvas,Tipi,,,,,,,,,,,,,,,,,帆布
FIGHT_WORD_WARRIOR_619,Fight,,Fight,Warrior,,,,,,,,,,,,,,,,,戰鬥
GLORY_WORD_WARRIOR_619,Glory,,Glory,Warrior,,,,,,,,,,,,,,,,,榮耀
HELM_WORD_WARRIOR_619,Helm,,Helm,Warrior,,,,,,,,,,,,,,,,,頭盔
SPEAR_WORD_WARRIOR_619,Spear,,Spear,Warrior,,,,,,,,,,,,,,,,,矛
LANCE_WORD_WARRIOR_619,Lance,,Lance,Warrior,,,,,,,,,,,,,,,,,槍
RIDER_WORD_WARRIOR_619,Rider,,Rider,Warrior,,,,,,,,,,,,,,,,,騎士
BOW_WORD_WARRIOR_619,Bow,,Bow,Warrior,Archet,Bogen,Arco,Arco,คันชัก,Busur,Strijkstok,弓,Arco,Smyczek,Yay,Смычок,Arcuș,琴弓,Bue,Лук,琴弓
BLADE_WORD_WARRIOR_619,Blade,,Blade,Warrior,Lame,Klinge,Hoja,Lâmina,ใบมีด,Bilah,Lemmet,刃,Lama,Ostrze,Bıçak,Лезвие,Lamă,鋸片,Klinge,Лезо,锯片
ROOTS_WORD_FOREST_620,Roots,,Roots,Forest,,,,,,,,,,,,,,,,,根系
WILD_WORD_FOREST_620,Wild,,Wild,Forest,,,,,,,,,,,,,,,,,荒野
DEEP_WORD_FOREST_620,Deep,,Deep,Forest,,,,,,,,,,,,,,,,,深的
DENSE_WORD_FOREST_620,Dense,,Dense,Forest,,,,,,,,,,,,,,,,,茂密
DEAD_SEA_WORD_SALT_621,Dead sea,,Dead sea,Salt,,,,,,,,,,,,,,,,,死海
CRUST_WORD_SALT_621,Crust,,Crust,Salt,Croûte,Kruste,Corteza,Crosta,เปลือกโลก,Kerak,Korst,地殻,Crosta,Skorupa,Kabuk,Кора,Crustă,地殼,Skorpe,Кірка,地壳
MINERALS_WORD_SALT_621,Minerals,,Minerals,Salt,,,,,,,,,,,,,,,,,礦物質
PINCH_WORD_SALT_621,Pinch,,Pinch,Salt,,,,,,,,,,,,,,,,,一撮
START_WORD_DAWN_622,Start,,Start,Dawn,,,,,,,,,,,,,,,,,開端
RISE_WORD_DAWN_622,Rise,,Rise,Dawn,,,,,,,,,,,,,,,,,升起
NEW_DAY_WORD_DAWN_622,New day,,New day,Dawn,,,,,,,,,,,,,,,,,新的一天
MIRAGE_WORD_DUNES_623,Mirage,,Mirage,Dunes,,,,,,,,,,,,,,,,,海市蜃樓
SUNSET_WORD_DUNES_623,Sunset,,Sunset,Dunes,,,,,,,,,,,,,,,,,夕陽
SANDPIT_WORD_DUNES_623,Sandpit,,Sandpit,Dunes,,,,,,,,,,,,,,,,,沙坑
FOOTSTEP_WORD_DUNES_623,Footstep,,Footstep,Dunes,,,,,,,,,,,,,,,,,腳印
OASIS_WORD_DUNES_623,Oasis,,Oasis,Dunes,,,,,,,,,,,,,,,,,綠洲
TURBAN_WORD_DUNES_623,Turban,,Turban,Dunes,,,,,,,,,,,,,,,,,頭巾
HOT_AIR_WORD_DUNES_623,Hot air,,Hot air,Dunes,,,,,,,,,,,,,,,,,熱氣
NOMADS_WORD_DUNES_623,Nomads,,Nomads,Dunes,,,,,,,,,,,,,,,,,遊牧民族
MYSTIC_WORD_RUNE_624,Mystic,,Mystic,Rune,,,,,,,,,,,,,,,,,神祕
LOST_WORD_RUNE_624,Lost,,Lost,Rune,,,,,,,,,,,,,,,,,失落
HIDDEN_WORD_RUNE_624,Hidden,,Hidden,Rune,,,,,,,,,,,,,,,,,隱藏
ANCIENT_WORD_RUNE_624,Ancient,,Ancient,Rune,,,,,,,,,,,,,,,,,古老
FADED_WORD_RUNE_624,Faded,,Faded,Rune,,,,,,,,,,,,,,,,,褪色
SACRED_WORD_RUNE_624,Sacred,,Sacred,Rune,,,,,,,,,,,,,,,,,神聖
SECRET_WORD_RUNE_624,Secret,,Secret,Rune,,,,,,,,,,,,,,,,,秘密
MARKED_WORD_RUNE_624,Marked,,Marked,Rune,,,,,,,,,,,,,,,,,標記
BEAT_WORD_PULSE_625,Beat,,Beat,Pulse,,,,,,,,,,,,,,,,,節拍
RACE_WORD_PULSE_625,Race,,Race,Pulse,,,,,,,,,,,,,,,,,奔馳
POUND_WORD_PULSE_625,Pound,,Pound,Pulse,,,,,,,,,,,,,,,,,敲擊
SKIP_WORD_PULSE_625,Skip,,Skip,Pulse,,,,,,,,,,,,,,,,,跳躍
FLUTTER_WORD_PULSE_625,Flutter,,Flutter,Pulse,,,,,,,,,,,,,,,,,顫動
SURGE_WORD_PULSE_625,Surge,,Surge,Pulse,,,,,,,,,,,,,,,,,湧動
VOICE_WORD_ECHO_626,Voice,,Voice,Echo,,,,,,,,,,,,,,,,,聲音
REVERB_WORD_ECHO_626,Reverb,,Reverb,Echo,,,,,,,,,,,,,,,,,殘響
CALL_WORD_ECHO_626,Call,,Call,Echo,,,,,,,,,,,,,,,,,呼喚
NOISE_WORD_ECHO_626,Noise,,Noise,Echo,,,,,,,,,,,,,,,,,嘈雜
CAVE_WORD_ECHO_626,Cave,,Cave,Echo,,,,,,,,,,,,,,,,,洞窟
BELL_WORD_ECHO_626,Bell,,Bell,Echo,,,,,,,,,,,,,,,,,鐘聲
RUBLE_WORD_WALLET_627,Ruble,,Ruble,Wallet,,,,,,,,,,,,,,,,,盧布
RAND_WORD_WALLET_627,Rand,,Rand,Wallet,,,,,,,,,,,,,,,,,南非鍰
WON_WORD_WALLET_627,Won,,Won,Wallet,,,,,,,,,,,,,,,,,韓元
SHEKEL_WORD_WALLET_627,Shekel,,Shekel,Wallet,,,,,,,,,,,,,,,,,以色列新謝克爾
BEAN_WORD_COCOA_628,Bean,,Bean,Cocoa,,,,,,,,,,,,,,,,,可可豆
MUG_WORD_COCOA_628,Mug,,Mug,Cocoa,,,,,,,,,,,,,,,,,馬克杯
WHIP_WORD_COCOA_628,Whip,,Whip,Cocoa,,,,,,,,,,,,,,,,,鮮奶油
ROLE_WORD_OPERA_629,Role,,Role,Opera,Rôle,Rolle,Papel,Papel,บทบาท,Peran,Rol,役,Ruolo,Rola,Rol,Роль,Rol,角色,Rolle,Роль,角色
DIVA_WORD_OPERA_629,Diva,,Diva,Opera,Diva,Diva,Diva,Diva,ดีว่า,Diva,Diva,ディーヴァ,Diva,Diwa,Diva,Дива,Divă,女伶,Diva,Діва,女伶
ACT_WORD_OPERA_629,Act,,Act,Opera,Acte,Akt,Acto,Ato,องก์,Babak,Bedrijf,幕,Atto,Akt,Perde,Акт,Act,幕,Akt,Акт,幕
NECK_WORD_TATTOOS_630,Neck,,Neck,Tattoos,,,,,,,,,,,,,,,,,頸部
LINE_ART_WORD_TATTOOS_630,Line art,,Line art,Tattoos,,,,,,,,,,,,,,,,,線條畫
DOTWORK_WORD_TATTOOS_630,Dotwork,,Dotwork,Tattoos,,,,,,,,,,,,,,,,,點狀紋身
QUOTE_WORD_TATTOOS_630,Quote,,Quote,Tattoos,,,,,,,,,,,,,,,,,引用句
SYMBOL_WORD_TATTOOS_630,Symbol,,Symbol,Tattoos,,,,,,,,,,,,,,,,,符號
NEEDLE_WORD_TATTOOS_630,Needle,,Needle,Tattoos,,,,,,,,,,,,,,,,,紋身針
STAIN_WORD_TATTOOS_630,Stain,,Stain,Tattoos,,,,,,,,,,,,,,,,,痕跡
MEANING_WORD_TATTOOS_630,Meaning,,Meaning,Tattoos,,,,,,,,,,,,,,,,,意義
SPOONFUL_WORD_NOODLE_631,Spoonful,,Spoonful,Noodle,,,,,,,,,,,,,,,,,一匙
TAKEOUT_WORD_NOODLE_631,Takeout,,Takeout,Noodle,,,,,,,,,,,,,,,,,外帶
TOFU_WORD_NOODLE_631,Tofu,,Tofu,Noodle,,,,,,,,,,,,,,,,,豆腐
PAN_WORD_NOODLE_631,Pan,,Pan,Noodle,,,,,,,,,,,,,,,,,平底鍋
DISH_WORD_NOODLE_631,Dish,,Dish,Noodle,,,,,,,,,,,,,,,,,菜餚
PASTA_WORD_NOODLE_631,Pasta,,Pasta,Noodle,,,,,,,,,,,,,,,,,義大利麵
MEAL_WORD_NOODLE_631,Meal,,Meal,Noodle,,,,,,,,,,,,,,,,,餐食
UDON_WORD_NOODLE_631,Udon,,Udon,Noodle,,,,,,,,,,,,,,,,,烏龍麵
FUEL_WORD_ROCKET_632,Fuel,,Fuel,Rocket,,,,,,,,,,,,,,,,,燃料
LAUNCH_WORD_ROCKET_632,Launch,,Launch,Rocket,,,,,,,,,,,,,,,,,發射
SPACE_WORD_ROCKET_632,Space,,Space,Rocket,,,,,,,,,,,,,,,,,太空
CABIN_WORD_ROCKET_632,Cabin,,Cabin,Rocket,,,,,,,,,,,,,,,,,艙室
STAR_WORD_ROCKET_632,Star,,Star,Rocket,,,,,,,,,,,,,,,,,恆星
MODULE_WORD_ROCKET_632,Module,,Module,Rocket,,,,,,,,,,,,,,,,,模組
CAPSULE_WORD_ROCKET_632,Capsule,,Capsule,Rocket,,,,,,,,,,,,,,,,,太空艙
G_FORCE_WORD_ROCKET_632,G-force,,G-force,Rocket,,,,,,,,,,,,,,,,,G力
BAY_WORD_HARBOR_633,Bay,,Bay,Harbor,Baie,Bucht,Bahía,Baía,อ่าว,Teluk,Baai,湾,Baia,Zatoka,Koy,Бухта,Golf,海灣,Bugt,Затока,海湾
PIER_WORD_HARBOR_633,Pier,,Pier,Harbor,Jetée,Pier,Muelle,Cais,สะพานท่า,Dermaga,Pier,桟橋,Molo,Molo,İskele,Пирс,Ponton,碼頭,Mole,Пірс,码头
WHARF_WORD_HARBOR_633,Wharf,,Wharf,Harbor,Quai,Kai,Embarcadero,Atracadouro,ท่าเทียบเรือ,Pangkalan,Kade,波止場,Banchina,Nabrzeże,Rıhtım,Причал,Chei,棧橋,Kaj,Причал,栈桥
COAST_WORD_HARBOR_633,Coast,,Coast,Harbor,Côte,Küste,Costa,Costa,ชายฝั่ง,Pesisir,Kust,海岸,Costa,Wybrzeże,Kıyı,Побережье,Coastă,海岸,Kyst,Узбережжя,海岸
MARINA_WORD_HARBOR_633,Marina,,Marina,Harbor,Marina,Marina,Marina,Marina,มารีน่า,Marina,Jachthaven,マリーナ,Marina,Przystań,Marina,Марина,Marină,遊艇港,Lystbådehavn,Марина,游艇港
VESSEL_WORD_HARBOR_633,Vessel,,Vessel,Harbor,Navire,Schiff,Embarcación,Embarcação,เรือ,Kapal,Vaartuig,船舶,Nave,Statek,Gemi,Судно,Vas,船隻,Fartøj,Судно,船只
COUPLET_WORD_RHYME_634,Couplet,,Couplet,Rhyme,,,,,,,,,,,,,,,,,對偶句
STANZA_WORD_RHYME_634,Stanza,,Stanza,Rhyme,,,,,,,,,,,,,,,,,詩節
CHANT_WORD_RHYME_634,Chant,,Chant,Rhyme,,,,,,,,,,,,,,,,,吟唱
FLOW_WORD_RHYME_634,Flow,,Flow,Rhyme,,,,,,,,,,,,,,,,,流暢度
HAIKU_WORD_RHYME_634,Haiku,,Haiku,Rhyme,Haïku,Haiku,Haiku,Haiku,ไฮกุ,Haiku,Haiku,俳句,Haiku,Haiku,Haiku,Хайку,Haiku,俳句,Haiku,Хайку,俳句
SONG_WORD_RHYME_634,Song,,Song,Rhyme,Chanson,Lied,Canción,Canção,เพลง,Lagu,Lied,歌,Canzone,Piosenka,Şarkı,Песня,Cântec,歌曲,Vise,Пісня,歌曲
CALM_WORD_OASIS_635,Calm,,Calm,Oasis,,,,,,,,,,,,,,,,,平靜
STILL_WORD_OASIS_635,Still,,Still,Oasis,,,,,,,,,,,,,,,,,靜謐
SERENE_WORD_OASIS_635,Serene,,Serene,Oasis,,,,,,,,,,,,,,,,,恬靜
PEACEFUL_WORD_OASIS_635,Peaceful,,Peaceful,Oasis,,,,,,,,,,,,,,,,,祥和
TAIL_WORD_COMET_636,Tail,,Tail,Comet,,,,,,,,,,,,,,,,,彗尾
SPARKLE_WORD_COMET_636,Sparkle,,Sparkle,Comet,,,,,,,,,,,,,,,,,閃爍
NIGHT_WORD_COMET_636,Night,,Night,Comet,,,,,,,,,,,,,,,,,夜空
GLIMMER_WORD_COMET_636,Glimmer,,Glimmer,Comet,,,,,,,,,,,,,,,,,微光
GAZE_WORD_MIRROR_637,Gaze,,Gaze,Mirror,,,,,,,,,,,,,,,,,凝視
LOOK_WORD_MIRROR_637,Look,,Look,Mirror,,,,,,,,,,,,,,,,,注視
SEE_WORD_MIRROR_637,See,,See,Mirror,,,,,,,,,,,,,,,,,觀看
GROVE_WORD_FLORA_638,Grove,,Grove,Flora,,,,,,,,,,,,,,,,,樹叢
LILAC_WORD_FLORA_638,Lilac,,Lilac,Flora,,,,,,,,,,,,,,,,,丁香
SPROUT_WORD_FLORA_638,Sprout,,Sprout,Flora,,,,,,,,,,,,,,,,,嫩芽
BUD_WORD_FLORA_638,Bud,,Bud,Flora,,,,,,,,,,,,,,,,,花苞
BLOOM_WORD_FLORA_638,Bloom,,Bloom,Flora,,,,,,,,,,,,,,,,,盛開
HERB_WORD_FLORA_638,Herb,,Herb,Flora,,,,,,,,,,,,,,,,,草本
THORNS_WORD_FLORA_638,Thorns,,Thorns,Flora,,,,,,,,,,,,,,,,,刺
BRANCH_WORD_FLORA_638,Branch,,Branch,Flora,,,,,,,,,,,,,,,,,樹枝
SPIRE_WORD_TOWER_639,Spire,,Spire,Tower,,,,,,,,,,,,,,,,,尖塔
CLOCK_WORD_TOWER_639,Clock,,Clock,Tower,,,,,,,,,,,,,,,,,鐘樓
FORTRESS_WORD_TOWER_639,Fortress,,Fortress,Tower,,,,,,,,,,,,,,,,,堡壘
MINARET_WORD_TOWER_639,Minaret,,Minaret,Tower,,,,,,,,,,,,,,,,,宣禮塔
DOME_WORD_TOWER_639,Dome,,Dome,Tower,,,,,,,,,,,,,,,,,圓頂
FORT_WORD_TOWER_639,Fort,,Fort,Tower,,,,,,,,,,,,,,,,,要塞
PRISON_WORD_TOWER_639,Prison,,Prison,Tower,,,,,,,,,,,,,,,,,監獄
CITADEL_WORD_TOWER_639,Citadel,,Citadel,Tower,Citadelle,Zitadelle,Ciudadela,Cidadela,ป้อมหลวง,Benteng Utama,Citadel,城塞,Cittadella,Cytadela,Hisar,Цитадель,Citadelă,城塞,Citadel,Цитадель,城塞
DRIFT_WORD_DRIVER_640,Drift,,Drift,Driver,,,,,,,,,,,,,,,,,漂移
HONK_WORD_DRIVER_640,Honk,,Honk,Driver,,,,,,,,,,,,,,,,,按喇叭
BRAKE_WORD_DRIVER_640,Brake,,Brake,Driver,,,,,,,,,,,,,,,,,煞車
RACE_WORD_DRIVER_640,Race,,Race,Driver,,,,,,,,,,,,,,,,,競速
TURN_WORD_DRIVER_640,Turn,,Turn,Driver,,,,,,,,,,,,,,,,,轉彎
PARK_WORD_DRIVER_640,Park,,Park,Driver,,,,,,,,,,,,,,,,,停車
LOAF_WORD_BREAD_641,Loaf,,Loaf,Bread,,,,,,,,,,,,,,,,,麵包條
BAKERY_WORD_BREAD_641,Bakery,,Bakery,Bread,,,,,,,,,,,,,,,,,麵包店
SLICE_WORD_BREAD_641,Slice,,Slice,Bread,,,,,,,,,,,,,,,,,麵包片
DOUGH_WORD_BREAD_641,Dough,,Dough,Bread,,,,,,,,,,,,,,,,,麵團
CRUMB_WORD_BREAD_641,Crumb,,Crumb,Bread,,,,,,,,,,,,,,,,,麵包屑
BAGEL_WORD_BREAD_641,Bagel,,Bagel,Bread,,,,,,,,,,,,,,,,,貝果
SLOPE_WORD_SKIING_642,Slope,,Slope,Skiing,,,,,,,,,,,,,,,,,雪坡
CHALET_WORD_SKIING_642,Chalet,,Chalet,Skiing,,,,,,,,,,,,,,,,,小木屋
SKIWAY_WORD_SKIING_642,Skiway,,Skiway,Skiing,,,,,,,,,,,,,,,,,滑雪道
HUSKY_WORD_SKIING_642,Husky,,Husky,Skiing,,,,,,,,,,,,,,,,,雪橇犬
BANDAGE_WORD_CLINIC_643,Bandage,,Bandage,Clinic,,,,,,,,,,,,,,,,,繃帶
PROBE_WORD_CLINIC_643,Probe,,Probe,Clinic,,,,,,,,,,,,,,,,,探針
STETHOS_WORD_CLINIC_643,Stethos,,Stethos,Clinic,,,,,,,,,,,,,,,,,聽診器
SAMPLE_WORD_CLINIC_643,Sample,,Sample,Clinic,,,,,,,,,,,,,,,,,樣本
PANEL_WORD_PRISM_644,Panel,,Panel,Prism,,,,,,,,,,,,,,,,,面板
OPTICS_WORD_PRISM_644,Optics,,Optics,Prism,,,,,,,,,,,,,,,,,光學
CUBE_WORD_PRISM_644,Cube,,Cube,Prism,,,,,,,,,,,,,,,,,立方體
REFRAX_WORD_PRISM_644,Refrax,,Refrax,Prism,,,,,,,,,,,,,,,,,折射
DATA_WORD_TABLET_645,Data,,Data,Tablet,,,,,,,,,,,,,,,,,數據
PIXEL_WORD_TABLET_645,Pixel,,Pixel,Tablet,,,,,,,,,,,,,,,,,像素
WI_I_WORD_TABLET_645,Wi鈥慒i,,Wi鈥慒i,Tablet,,,,,,,,,,,,,,,,,無線網路
AIRLINE_WORD_AVIATION_646,Airline,,Airline,Aviation,,,,,,,,,,,,,,,,,航空公司
JET_WORD_AVIATION_646,Jet,,Jet,Aviation,,,,,,,,,,,,,,,,,噴射機
FLIGHT_WORD_AVIATION_646,Flight,,Flight,Aviation,,,,,,,,,,,,,,,,,飛行
AIRPORT_WORD_AVIATION_646,Airport,,Airport,Aviation,,,,,,,,,,,,,,,,,機場
AIRSHIP_WORD_AVIATION_646,Airship,,Airship,Aviation,,,,,,,,,,,,,,,,,飛船
RUNWAY_WORD_AVIATION_646,Runway,,Runway,Aviation,Piste,Landebahn,Pista,Pista,รันเวย์,Landasan,Startbaan,滑走路,Pista,Pas startowy,Pist,Взлётная полоса,Pistă,跑道,Landingsbane,Злітна смуга,跑道
FUSELAGE_WORD_AVIATION_646,Fuselage,,Fuselage,Aviation,Fuselage,Rumpf,Fuselaje,Fuselagem,ลำตัว,Badan pesawat,Romp,胴体,Fusoliera,Kadłub,Gövde,Фюзеляж,Fuselaj,機身,Flykrop,Фюзеляж,机身
PILOT_WORD_AVIATION_646,Pilot,,Pilot,Aviation,Pilote,Pilot,Piloto,Piloto,นักบิน,Pilot,Piloot,パイロット,Pilota,Pilot,Pilot,Пилот,Pilot,飛行員,Pilot,Пілот,飞行员
MISTRAL_WORD_WINDS_647,Mistral,,Mistral,Winds,,,,,,,,,,,,,,,,,密史脫拉風
BORA_WORD_WINDS_647,Bora,,Bora,Winds,,,,,,,,,,,,,,,,,布拉風
CHINOOK_WORD_WINDS_647,Chinook,,Chinook,Winds,,,,,,,,,,,,,,,,,欽諾克風
SIROCCO_WORD_WINDS_647,Sirocco,,Sirocco,Winds,,,,,,,,,,,,,,,,,西洛可風
ZEPHYR_WORD_WINDS_647,Zephyr,,Zephyr,Winds,,,,,,,,,,,,,,,,,和風
PITERAQ_WORD_WINDS_647,Piteraq,,Piteraq,Winds,,,,,,,,,,,,,,,,,皮特拉克風
VENDAVEL_WORD_WINDS_647,Vendavel,,Vendavel,Winds,,,,,,,,,,,,,,,,,文達維爾風
BREEZE_WORD_WINDS_647,Breeze,,Breeze,Winds,Brise,Brise,Brisa,Brisa,สายลม,Angin sepoi,Bries,潮風,Brezza,Bryza,Esinti,Бриз,Briză,微風,Brise,Бриз,微风
SHELTER_WORD_REFUGE_648,Shelter,,Shelter,Refuge,,,,,,,,,,,,,,,,,庇護所
DEN_WORD_REFUGE_648,Den,,Den,Refuge,,,,,,,,,,,,,,,,,巢穴
LAIR_WORD_REFUGE_648,Lair,,Lair,Refuge,,,,,,,,,,,,,,,,,獸巢
HIDEOUT_WORD_REFUGE_648,Hideout,,Hideout,Refuge,,,,,,,,,,,,,,,,,隱蔽處
SECURITY_WORD_REFUGE_648,Security,,Security,Refuge,Sécurité,Sicherheit,Seguridad,Segurança,ความปลอดภัย,Keamanan,Beveiliging,セキュリティ,Sicurezza,Ochrona,Güvenlik,Безопасность,Securitate,保全,Sikkerhed,Безпека,保全
SAFETY_WORD_REFUGE_648,Safety,,Safety,Refuge,,,,,,,,,,,,,,,,,平安
HIDEAWAY_WORD_REFUGE_648,Hideaway,,Hideaway,Refuge,,,,,,,,,,,,,,,,,避難所
HIDING_WORD_REFUGE_648,Hiding,,Hiding,Refuge,,,,,,,,,,,,,,,,,隱藏
BUNK_WORD_BEDS_649,Bunk,,Bunk,Beds,,,,,,,,,,,,,,,,,雙層床
COT_WORD_BEDS_649,Cot,,Cot,Beds,,,,,,,,,,,,,,,,,摺疊床
CRIB_WORD_BEDS_649,Crib,,Crib,Beds,,,,,,,,,,,,,,,,,嬰兒床
BERTH_WORD_BEDS_649,Berth,,Berth,Beds,,,,,,,,,,,,,,,,,臥舖
CRADLE_WORD_BEDS_649,Cradle,,Cradle,Beds,,,,,,,,,,,,,,,,,搖籃
FUTON_WORD_BEDS_649,Futon,,Futon,Beds,,,,,,,,,,,,,,,,,日式床墊
HAMMOCK_WORD_BEDS_649,Hammock,,Hammock,Beds,Hamac,Hängematte,Hamaca,Rede,เปลญวน,Hammok,Hangmat,ハンモック,Amaca,Hamak,Hamak,Гамак,Hamac,吊床,Hængekøje,Гамак,吊床
SOFA_BED_WORD_BEDS_649,Sofa bed,,Sofa bed,Beds,,,,,,,,,,,,,,,,,沙發床
MERLOT_WORD_WINE_650,Merlot,,Merlot,Wine,Merlot,Merlot,Merlot,Merlot,เมอร์โลต์,Merlot,Merlot,メルロー,Merlot,Merlot,Merlot,Мерло,Merlot,梅洛,Merlot,Мерло,梅洛
CAVA_WORD_WINE_650,Cava,,Cava,Wine,,,,,,,,,,,,,,,,,卡瓦
RIESLING_WORD_WINE_650,Riesling,,Riesling,Wine,Riesling,Riesling,Riesling,Riesling,รีสลิง,Riesling,Riesling,リースリング,Riesling,Riesling,Riesling,Рислинг,Riesling,雷司令,Riesling,Різлінг,雷司令
PROSECCO_WORD_WINE_650,Prosecco,,Prosecco,Wine,,,,,,,,,,,,,,,,,氣泡酒
CABERNET_WORD_WINE_650,Cabernet,,Cabernet,Wine,,,,,,,,,,,,,,,,,卡本內
ROS_WORD_WINE_650,Ros茅,,Ros茅,Wine,,,,,,,,,,,,,,,,,粉紅酒
NOSE_WORD_SMELL_651,Nose,,Nose,Smell,,,,,,,,,,,,,,,,,鼻子
PERFUME_WORD_SMELL_651,Perfume,,Perfume,Smell,,,,,,,,,,,,,,,,,香水
BOUQUET_WORD_SMELL_651,Bouquet,,Bouquet,Smell,,,,,,,,,,,,,,,,,芬芳
AROMA_WORD_SMELL_651,Aroma,,Aroma,Smell,,,,,,,,,,,,,,,,,香氣
SCENT_WORD_SMELL_651,Scent,,Scent,Smell,,,,,,,,,,,,,,,,,氣息
ODOR_WORD_SMELL_651,Odor,,Odor,Smell,,,,,,,,,,,,,,,,,臭味
VASE_WORD_CERAMIC_652,Vase,,Vase,Ceramic,Vase,Vase,Jarrón,Vaso,แจกัน,Vas,Vaas,花瓶,Vaso,Waza,Vazo,Ваза,Vază,花瓶,Vase,Ваза,花瓶
MUG_WORD_CERAMIC_652,Mug,,Mug,Ceramic,,,,,,,,,,,,,,,,,馬克杯
BOWL_WORD_CERAMIC_652,Bowl,,Bowl,Ceramic,Bol,Schüssel,Cuenco,Tigela,ชาม,Mangkuk,Kom,ボウル,Ciotola,Miska,Kâse,Миска,Bol,碗,Skål,Миска,碗
TILES_WORD_CERAMIC_652,Tiles,,Tiles,Ceramic,,,,,,,,,,,,,,,,,磁磚
PLATE_WORD_CERAMIC_652,Plate,,Plate,Ceramic,Assiette,Teller,Plato,Prato,จาน,Piring,Bord,皿,Piatto,Talerz,Tabak,Тарелка,Farfurie,盤子,Tallerken,Тарілка,盘子
PONDER_WORD_THINK_653,Ponder,,Ponder,Think,,,,,,,,,,,,,,,,,沉思
IMAGINE_WORD_THINK_653,Imagine,,Imagine,Think,,,,,,,,,,,,,,,,,想像
SUPPOSE_WORD_THINK_653,Suppose,,Suppose,Think,,,,,,,,,,,,,,,,,假設
BELIEVE_WORD_THINK_653,Believe,,Believe,Think,,,,,,,,,,,,,,,,,相信
CONSIDER_WORD_THINK_653,Consider,,Consider,Think,,,,,,,,,,,,,,,,,考慮
PARKA_WORD_COATS_654,Parka,,Parka,Coats,,,,,,,,,,,,,,,,,派克大衣
CLOAK_WORD_COATS_654,Cloak,,Cloak,Coats,,,,,,,,,,,,,,,,,斗篷
PEA_COAT_WORD_COATS_654,Pea coat,,Pea coat,Coats,,,,,,,,,,,,,,,,,雙排扣大衣
DUSTER_WORD_COATS_654,Duster,,Duster,Coats,,,,,,,,,,,,,,,,,防塵外套
PONCHO_WORD_COATS_654,Poncho,,Poncho,Coats,,,,,,,,,,,,,,,,,雨披
IO_WORD_JUPITER_655,Io,,Io,Jupiter,,,,,,,,,,,,,,,,,木衛一
EUROPA_WORD_JUPITER_655,Europa,,Europa,Jupiter,,,,,,,,,,,,,,,,,木衛二
GANYMEDE_WORD_JUPITER_655,Ganymede,,Ganymede,Jupiter,,,,,,,,,,,,,,,,,木衛三
CALLISTO_WORD_JUPITER_655,Callisto,,Callisto,Jupiter,,,,,,,,,,,,,,,,,木衛四
CHIPS_WORD_CRUNCHY_656,Chips,,Chips,Crunchy,,,,,,,,,,,,,,,,,薯片
NUTS_WORD_CRUNCHY_656,Nuts,,Nuts,Crunchy,,,,,,,,,,,,,,,,,堅果
CRACKERS_WORD_CRUNCHY_656,Crackers,,Crackers,Crunchy,,,,,,,,,,,,,,,,,餅乾
POPCORN_WORD_CRUNCHY_656,Popcorn,,Popcorn,Crunchy,,,,,,,,,,,,,,,,,爆米花
ORB_WORD_KING_657,Orb,,Orb,King,,,,,,,,,,,,,,,,,十字聖球
THRONE_WORD_KING_657,Throne,,Throne,King,,,,,,,,,,,,,,,,,王座
SCEPTER_WORD_KING_657,Scepter,,Scepter,King,,,,,,,,,,,,,,,,,權杖
BLANKET_WORD_BEDDING_658,Blanket,,Blanket,Bedding,,,,,,,,,,,,,,,,,毛毯
DUVET_WORD_BEDDING_658,Duvet,,Duvet,Bedding,,,,,,,,,,,,,,,,,羽絨被
PILLOW_WORD_BEDDING_658,Pillow,,Pillow,Bedding,,,,,,,,,,,,,,,,,枕頭
QUILT_WORD_BEDDING_658,Quilt,,Quilt,Bedding,,,,,,,,,,,,,,,,,棉被
SHEET_WORD_BEDDING_658,Sheet,,Sheet,Bedding,,,,,,,,,,,,,,,,,床單
MATTRESS_WORD_BEDDING_658,Mattress,,Mattress,Bedding,,,,,,,,,,,,,,,,,床墊
THROW_WORD_BEDDING_658,Throw,,Throw,Bedding,,,,,,,,,,,,,,,,,披毯
BOLSTER_WORD_BEDDING_658,Bolster,,Bolster,Bedding,,,,,,,,,,,,,,,,,長抱枕
MIX_WORD_RECIPE_659,Mix,,Mix,Recipe,Mélange,Mischung,Mezcla,Mistura,ผสม,Aduk,Mix,攪拌,Mescolare,Mieszanka,Karıştırmak,Смесь,Mix,攪拌,Blanding,Мікс,搅拌
ADD_WORD_RECIPE_659,Add,,Add,Recipe,,,,,,,,,,,,,,,,,加入
BOIL_WORD_RECIPE_659,Boil,,Boil,Recipe,,,,,,,,,,,,,,,,,煮沸
STEW_WORD_RECIPE_659,Stew,,Stew,Recipe,,,,,,,,,,,,,,,,,燉煮
SIMMER_WORD_RECIPE_659,Simmer,,Simmer,Recipe,,,,,,,,,,,,,,,,,慢燉
STIR_WORD_RECIPE_659,Stir,,Stir,Recipe,,,,,,,,,,,,,,,,,攪拌
SEASON_WORD_RECIPE_659,Season,,Season,Recipe,,,,,,,,,,,,,,,,,調味
MELT_WORD_RECIPE_659,Melt,,Melt,Recipe,,,,,,,,,,,,,,,,,融化
REINS_WORD_CARRIAGE_660,Reins,,Reins,Carriage,Rênes,Zügel,Riendas,Rédeas,สายบังเหียน,Tali kekang,Teugels,手綱,Redini,Lejce,Dizginler,Поводья,Frâuri,韁繩,Tøjler,Поводи,缰绳
HARNESS_WORD_CARRIAGE_660,Harness,,Harness,Carriage,Harnais,Geschirr,Arnés,Arreio,สายรัด,Tali kuda,Tuig,馬具,Finimenti,Uprząż,Koşum,Упряжь,Ham,馬具,Seletøj,Упряж,马具
COACHMAN_WORD_CARRIAGE_660,Coachman,,Coachman,Carriage,Cocher,Kutscher,Cochero,Cocheiro,คนขับรถม้า,Kusir,Koetsier,御者,Cocchiere,Woźnica,Arabacı,Кучер,Vizitiu,車伕,Kusk,Візник,车伕
POLAR_WORD_BEARS_661,Polar,,Polar,Bears,,,,,,,,,,,,,,,,,北極熊
GRIZZLY_WORD_BEARS_661,Grizzly,,Grizzly,Bears,,,,,,,,,,,,,,,,,灰熊
PANDA_WORD_BEARS_661,Panda,,Panda,Bears,,,,,,,,,,,,,,,,,熊貓
TIGER_WORD_FELIDS_662,Tiger,,Tiger,Felids,,,,,,,,,,,,,,,,,老虎
LION_WORD_FELIDS_662,Lion,,Lion,Felids,Lion,Löwe,León,Leão,สิงโต,Singa,Leeuw,ライオン,Leone,Lew,Aslan,Лев,Leu,獅子,Løve,Лев,狮子
COUGAR_WORD_FELIDS_662,Cougar,,Cougar,Felids,,,,,,,,,,,,,,,,,美洲獅
OCELOT_WORD_FELIDS_662,Ocelot,,Ocelot,Felids,,,,,,,,,,,,,,,,,美洲豹貓
SERVAL_WORD_FELIDS_662,Serval,,Serval,Felids,,,,,,,,,,,,,,,,,藪貓
CARACAL_WORD_FELIDS_662,Caracal,,Caracal,Felids,,,,,,,,,,,,,,,,,獰貓
CHEETAH_WORD_FELIDS_662,Cheetah,,Cheetah,Felids,,,,,,,,,,,,,,,,,獵豹
LEOPARD_WORD_FELIDS_662,Leopard,,Leopard,Felids,,,,,,,,,,,,,,,,,雪豹
PIPES_WORD_PLUMBING_663,Pipes,,Pipes,Plumbing,,,,,,,,,,,,,,,,,水管
VALVES_WORD_PLUMBING_663,Valves,,Valves,Plumbing,,,,,,,,,,,,,,,,,閥門
FITTINGS_WORD_PLUMBING_663,Fittings,,Fittings,Plumbing,,,,,,,,,,,,,,,,,配件
TRAP_WORD_PLUMBING_663,Trap,,Trap,Plumbing,,,,,,,,,,,,,,,,,存水彎
SINK_WORD_PLUMBING_663,Sink,,Sink,Plumbing,,,,,,,,,,,,,,,,,水槽
FAUCET_WORD_PLUMBING_663,Faucet,,Faucet,Plumbing,,,,,,,,,,,,,,,,,水龍頭
BATHTUB_WORD_PLUMBING_663,Bathtub,,Bathtub,Plumbing,,,,,,,,,,,,,,,,,浴缸
AERATOR_WORD_PLUMBING_663,Aerator,,Aerator,Plumbing,,,,,,,,,,,,,,,,,打氣機
INTRO_WORD_SONG_664,Intro,,Intro,Song,,,,,,,,,,,,,,,,,前奏
REFRAIN_WORD_SONG_664,Refrain,,Refrain,Song,,,,,,,,,,,,,,,,,間奏
OUTRO_WORD_SONG_664,Outro,,Outro,Song,,,,,,,,,,,,,,,,,尾奏
CHORUS_WORD_SONG_664,Chorus,,Chorus,Song,,,,,,,,,,,,,,,,,副歌
VERSE_WORD_SONG_664,Verse,,Verse,Song,Vers,Vers,Verso,Verso,บทกลอน,Bait,Vers,バース,Verso,Zwrotka,Dize,Куплет,Vers,韻文,Vers,Вірш,韵文
BRIDGE_WORD_SONG_664,Bridge,,Bridge,Song,,,,,,,,,,,,,,,,,橋段
MAPLE_WORD_CANADA_665,Maple,,Maple,Canada,Érable,Ahorn,Arce,Bordo,เมเปิ้ล,Maple,Esdoorn,カエデ,Acero,Klon,Akçaağaç,Клён,Arțar,楓樹,Løn,Клен,枫树
HOCKEY_WORD_CANADA_665,Hockey,,Hockey,Canada,,,,,,,,,,,,,,,,,冰球
LACROSSE_WORD_CANADA_665,Lacrosse,,Lacrosse,Canada,,,,,,,,,,,,,,,,,袋棍球
BEAVER_WORD_CANADA_665,Beaver,,Beaver,Canada,Castor,Biber,Castor,Castor,บีเวอร์,Berang-berang,Bever,ビーバー,Castoro,Bóbr,Kunduz,Бобр,Castor,河狸,Bæver,Бобер,河狸
FLICKER_WORD_CANDLE_666,Flicker,,Flicker,Candle,,,,,,,,,,,,,,,,,閃爍
IGNITE_WORD_CANDLE_666,Ignite,,Ignite,Candle,,,,,,,,,,,,,,,,,點燃
BURN_WORD_CANDLE_666,Burn,,Burn,Candle,,,,,,,,,,,,,,,,,燃燒
SMOLDER_WORD_CANDLE_666,Smolder,,Smolder,Candle,,,,,,,,,,,,,,,,,陰燃
NONAGON_WORD_POLYGON_667,Nonagon,,Nonagon,Polygon,,,,,,,,,,,,,,,,,九邊形
OCTAGON_WORD_POLYGON_667,Octagon,,Octagon,Polygon,,,,,,,,,,,,,,,,,八邊形
HEPTAGON_WORD_POLYGON_667,Heptagon,,Heptagon,Polygon,,,,,,,,,,,,,,,,,七邊形
HEXAGON_WORD_POLYGON_667,Hexagon,,Hexagon,Polygon,,,,,,,,,,,,,,,,,六邊形
CANTER_WORD_GAITS_668,Canter,,Canter,Gaits,Petit galop,Kanter,Medio galope,Meio galope,วิ่งเหยาะ,Derap,Handgalop,駈歩,Piccolo galoppo,Galop,Eşkin,Кентер,Galop mic,慢跑,Kort galop,Легкий галоп,慢跑
GALLOP_WORD_GAITS_668,Gallop,,Gallop,Gaits,Galop,Galopp,Galope,Galope,ควบม้า,Galop,Galop,全速力,Galoppo,Cwał,Dörtnala,Галоп,Galop,飛馳,Galop,Галоп,飞驰
TROT_WORD_GAITS_668,Trot,,Trot,Gaits,Trot,Trab,Trote,Trote,เดินเร็ว,Berlari kecil,Draf,速歩,Trotto,Kłus,Tırıs,Рысь,Trap,小跑,Trav,Рись,小跑
MAY_WORD_SPRING_669,May,,May,Spring,,,,,,,,,,,,,,,,,五月
APRIL_WORD_SPRING_669,April,,April,Spring,,,,,,,,,,,,,,,,,四月
MARCH_WORD_SPRING_669,March,,March,Spring,,,,,,,,,,,,,,,,,三月
ADRIATIC_WORD_SEAS_670,Adriatic,,Adriatic,Seas,,,,,,,,,,,,,,,,,亞得里亞海
BALTIC_WORD_SEAS_670,Baltic,,Baltic,Seas,,,,,,,,,,,,,,,,,波羅的海
AEGEAN_WORD_SEAS_670,Aegean,,Aegean,Seas,,,,,,,,,,,,,,,,,愛琴海
BLACK_WORD_SEAS_670,Black,,Black,Seas,,,,,,,,,,,,,,,,,黑海
SARGASSO_WORD_SEAS_670,Sargasso,,Sargasso,Seas,,,,,,,,,,,,,,,,,馬尾藻海
IONIAN_WORD_SEAS_670,Ionian,,Ionian,Seas,,,,,,,,,,,,,,,,,伊奧尼亞海
BALEARIC_WORD_SEAS_670,Balearic,,Balearic,Seas,,,,,,,,,,,,,,,,,巴利亞利海
SOLOMON_WORD_SEAS_670,Solomon,,Solomon,Seas,,,,,,,,,,,,,,,,,所羅門海
YARN_WORD_TEXTILE_671,Yarn,,Yarn,Textile,,,,,,,,,,,,,,,,,紗線
FABRIC_WORD_TEXTILE_671,Fabric,,Fabric,Textile,,,,,,,,,,,,,,,,,布料
CLOTH_WORD_TEXTILE_671,Cloth,,Cloth,Textile,,,,,,,,,,,,,,,,,織物
FIBER_WORD_TEXTILE_671,Fiber,,Fiber,Textile,,,,,,,,,,,,,,,,,纖維
FELT_WORD_TEXTILE_671,Felt,,Felt,Textile,,,,,,,,,,,,,,,,,毛氈
WEAVING_WORD_TEXTILE_671,Weaving,,Weaving,Textile,,,,,,,,,,,,,,,,,織布
KNITTING_WORD_TEXTILE_671,Knitting,,Knitting,Textile,,,,,,,,,,,,,,,,,針織
LACE_WORD_TEXTILE_671,Lace,,Lace,Textile,,,,,,,,,,,,,,,,,蕾絲
COAL_WORD_FUEL_672,Coal,,Coal,Fuel,Charbon,Kohle,Carbón,Carvão,ถ่านหิน,Batu bara,Steenkool,石炭,Carbone,Węgiel,Kömür,Уголь,Cărbune,煤炭,Kul,Вугілля,煤炭
GASOLINE_WORD_FUEL_672,Gasoline,,Gasoline,Fuel,Essence,Benzin,Gasolina,Gasolina,น้ำมันเบนซิน,Bensin,Benzine,ガソリン,Benzina,Benzyna,Benzin,Бензин,Benzină,汽油,Benzin,Бензин,汽油
FIREWOOD_WORD_FUEL_672,Firewood,,Firewood,Fuel,,,,,,,,,,,,,,,,,柴火
KEROSENE_WORD_FUEL_672,Kerosene,,Kerosene,Fuel,Kérosène,Kerosin,Queroseno,Querosene,น้ำมันก๊าด,Minyak tanah,Kerosine,灯油,Cherosene,Nafta,Gazyağı,Керосин,Kerosen,煤油,Petroleum,Гас,煤油
ETHANOL_WORD_FUEL_672,Ethanol,,Ethanol,Fuel,,,,,,,,,,,,,,,,,乙醇
DIESEL_WORD_FUEL_672,Diesel,,Diesel,Fuel,Diesel,Diesel,Diésel,Diesel,ดีเซล,Diesel,Diesel,ディーゼル,Diesel,Diesel,Dizel,Дизель,Motorină,柴油,Diesel,Дизель,柴油
GENUINE_WORD_SMILE_673,Genuine,,Genuine,Smile,,,,,,,,,,,,,,,,,真摯的
POLITE_WORD_SMILE_673,Polite,,Polite,Smile,,,,,,,,,,,,,,,,,禮貌的
FORCED_WORD_SMILE_673,Forced,,Forced,Smile,,,,,,,,,,,,,,,,,勉強的
LOPSIDED_WORD_SMILE_673,Lopsided,,Lopsided,Smile,,,,,,,,,,,,,,,,,歪嘴的
BROAD_WORD_SMILE_673,Broad,,Broad,Smile,,,,,,,,,,,,,,,,,燦爛的
FAKE_WORD_SMILE_673,Fake,,Fake,Smile,,,,,,,,,,,,,,,,,虛假的
COCOA_WORD_BROWNIE_674,Cocoa,,Cocoa,Brownie,,,,,,,,,,,,,,,,,可可粉
FLOUR_WORD_BROWNIE_674,Flour,,Flour,Brownie,,,,,,,,,,,,,,,,,麵粉
BUTTER_WORD_BROWNIE_674,Butter,,Butter,Brownie,Beurre,Butter,Mantequilla,Manteiga,เนย,Mentega,Boter,バター,Burro,Masło,Tereyağı,Масло,Unt,黃油,Smør,Масло,黄油
EGGS_WORD_BROWNIE_674,Eggs,,Eggs,Brownie,,,,,,,,,,,,,,,,,雞蛋
QURAN_WORD_ISLAM_675,Quran,,Quran,Islam,,,,,,,,,,,,,,,,,古蘭經
MOSQUE_WORD_ISLAM_675,Mosque,,Mosque,Islam,,,,,,,,,,,,,,,,,清真寺
IMAM_WORD_ISLAM_675,Imam,,Imam,Islam,,,,,,,,,,,,,,,,,伊瑪目
KAABA_WORD_ISLAM_675,Kaaba,,Kaaba,Islam,,,,,,,,,,,,,,,,,卡巴聖殿
SLUMBER_WORD_SLEEP_676,Slumber,,Slumber,Sleep,,,,,,,,,,,,,,,,,沉睡
NAP_WORD_SLEEP_676,Nap,,Nap,Sleep,,,,,,,,,,,,,,,,,小睡
SNOOZE_WORD_SLEEP_676,Snooze,,Snooze,Sleep,,,,,,,,,,,,,,,,,打盹
ECLIPSE_WORD_SOLAR_677,Eclipse,,Eclipse,Solar,Éclipse,Finsternis,Eclipse,Eclipse,สุริยุปราคา,Gerhana,Eclips,日食,Eclissi,Zaćmienie,Tutulma,Затмение,Eclipsă,日蝕,Formørkelse,Затемнення,日蚀
SYSTEM_WORD_SOLAR_677,System,,System,Solar,,,,,,,,,,,,,,,,,恆星
FLARE_WORD_SOLAR_677,Flare,,Flare,Solar,,,,,,,,,,,,,,,,,耀斑
FIST_WORD_HAND_678,Fist,,Fist,Hand,,,,,,,,,,,,,,,,,拳頭
WRIST_WORD_HAND_678,Wrist,,Wrist,Hand,,,,,,,,,,,,,,,,,手腕
FINGER_WORD_HAND_678,Finger,,Finger,Hand,,,,,,,,,,,,,,,,,手指
NAIL_WORD_HAND_678,Nail,,Nail,Hand,,,,,,,,,,,,,,,,,指甲
KNUCKLE_WORD_HAND_678,Knuckle,,Knuckle,Hand,,,,,,,,,,,,,,,,,指節
THUMB_WORD_HAND_678,Thumb,,Thumb,Hand,,,,,,,,,,,,,,,,,拇指
PALM_WORD_HAND_678,Palm,,Palm,Hand,Palmier,Palme,Palmera,Palmeira,ปาล์ม,Palem,Palm,ヤシ,Palma,Palma,Palmiye,Пальма,Palmier,棕櫚,Palme,Пальма,棕榈
PHALANGE_WORD_HAND_678,Phalange,,Phalange,Hand,,,,,,,,,,,,,,,,,指骨
RICKSHAW_WORD_INDIA_679,Rickshaw,,Rickshaw,India,,,,,,,,,,,,,,,,,嘟嘟車
DIWALI_WORD_INDIA_679,Diwali,,Diwali,India,Diwali,Diwali,Diwali,Diwali,ดีวาลี,Diwali,Diwali,ディワリ,Diwali,Diwali,Diwali,Дивали,Diwali,排燈節,Diwali,Дівалі,排灯节
SARI_WORD_INDIA_679,Sari,,Sari,India,,,,,,,,,,,,,,,,,紗麗
CURRY_WORD_INDIA_679,Curry,,Curry,India,,,,,,,,,,,,,,,,,咖哩
HINDUISM_WORD_INDIA_679,Hinduism,,Hinduism,India,,,,,,,,,,,,,,,,,印度教
GANGES_WORD_INDIA_679,Ganges,,Ganges,India,,,,,,,,,,,,,,,,,恆河
CASTE_WORD_INDIA_679,Caste,,Caste,India,,,,,,,,,,,,,,,,,種姓制度
PANIPURI_WORD_INDIA_679,Panipuri,,Panipuri,India,,,,,,,,,,,,,,,,,印度脆球
SWARM_WORD_BEEHIVE_680,Swarm,,Swarm,Beehive,,,,,,,,,,,,,,,,,蜂群
HONEY_WORD_BEEHIVE_680,Honey,,Honey,Beehive,,,,,,,,,,,,,,,,,蜂蜜
COLONY_WORD_BEEHIVE_680,Colony,,Colony,Beehive,,,,,,,,,,,,,,,,,蜂窩
POLLEN_WORD_BEEHIVE_680,Pollen,,Pollen,Beehive,,,,,,,,,,,,,,,,,花粉
WAX_WORD_BEEHIVE_680,Wax,,Wax,Beehive,,,,,,,,,,,,,,,,,蜂蠟
PROPOLIS_WORD_BEEHIVE_680,Propolis,,Propolis,Beehive,,,,,,,,,,,,,,,,,蜂膠
APIARY_WORD_BEEHIVE_680,Apiary,,Apiary,Beehive,,,,,,,,,,,,,,,,,蜂場
NECTAR_WORD_BEEHIVE_680,Nectar,,Nectar,Beehive,,,,,,,,,,,,,,,,,花蜜
CONTRACT_WORD_DOCUMENT_681,Contract,,Contract,Document,,,,,,,,,,,,,,,,,契約
RECEIPT_WORD_DOCUMENT_681,Receipt,,Receipt,Document,,,,,,,,,,,,,,,,,收據
INVOICE_WORD_DOCUMENT_681,Invoice,,Invoice,Document,,,,,,,,,,,,,,,,,發票
RESUME_WORD_DOCUMENT_681,Resume,,Resume,Document,,,,,,,,,,,,,,,,,履歷
REPORT_WORD_DOCUMENT_681,Report,,Report,Document,,,,,,,,,,,,,,,,,報告
MEMO_WORD_DOCUMENT_681,Memo,,Memo,Document,,,,,,,,,,,,,,,,,備忘錄
PLUMP_WORD_LIPS_682,Plump,,Plump,Lips,,,,,,,,,,,,,,,,,豐滿的
THIN_WORD_LIPS_682,Thin,,Thin,Lips,,,,,,,,,,,,,,,,,纖薄的
POUTY_WORD_LIPS_682,Pouty,,Pouty,Lips,,,,,,,,,,,,,,,,,嘟嘴的
PURSED_WORD_LIPS_682,Pursed,,Pursed,Lips,,,,,,,,,,,,,,,,,噘嘴的
CARAT_WORD_DIAMOND_683,Carat,,Carat,Diamond,,,,,,,,,,,,,,,,,克拉
FACET_WORD_DIAMOND_683,Facet,,Facet,Diamond,,,,,,,,,,,,,,,,,刻面
CLARITY_WORD_DIAMOND_683,Clarity,,Clarity,Diamond,,,,,,,,,,,,,,,,,淨度
COLOR_WORD_DIAMOND_683,Color,,Color,Diamond,,,,,,,,,,,,,,,,,顏色
PLATE_WORD_DISHWARE_684,Plate,,Plate,Dishware,Assiette,Teller,Plato,Prato,จาน,Piring,Bord,皿,Piatto,Talerz,Tabak,Тарелка,Farfurie,盤子,Tallerken,Тарілка,盘子
CUP_WORD_DISHWARE_684,Cup,,Cup,Dishware,Tasse,Tasse,Taza,Xícara,ถ้วย,Cangkir,Beker,カップ,Tazza,Filiżanka,Fincan,Чашка,Ceașcă,杯子,Kop,Чашка,杯子
BOWL_WORD_DISHWARE_684,Bowl,,Bowl,Dishware,Bol,Schüssel,Cuenco,Tigela,ชาม,Mangkuk,Kom,ボウル,Ciotola,Miska,Kâse,Миска,Bol,碗,Skål,Миска,碗
SAUCER_WORD_DISHWARE_684,Saucer,,Saucer,Dishware,Soucoupe,Untertasse,Platillo,Pires,จานรอง,Tatakan,Schotel,ソーサー,Piattino,Spodek,Çay tabağı,Блюдце,Farfurioară,碟子,Underkop,Блюдце,碟子
CORE_WORD_EARTH_685,Core,,Core,Earth,Noyau,Kern,Núcleo,Núcleo,แกนโลก,Inti,Kern,核,Nucleo,Jądro,Çekirdek,Ядро,Nucleu,地核,Kerne,Ядро,地核
MANTLE_WORD_EARTH_685,Mantle,,Mantle,Earth,Manteau,Mantel,Manto,Manto,เนื้อโลก,Mantel,Mantel,マントル,Mantello,Płaszcz,Manto,Мантия,Manta,地幔,Kappe,Мантія,地幔
CRUST_WORD_EARTH_685,Crust,,Crust,Earth,Croûte,Kruste,Corteza,Crosta,เปลือกโลก,Kerak,Korst,地殻,Crosta,Skorupa,Kabuk,Кора,Crustă,地殼,Skorpe,Кірка,地壳
CHAIRS_WORD_WOOD_686,Chairs,,Chairs,Wood,,,,,,,,,,,,,,,,,椅子
TABLES_WORD_WOOD_686,Tables,,Tables,Wood,,,,,,,,,,,,,,,,,桌子
BEDS_WORD_WOOD_686,Beds,,Beds,Wood,,,,,,,,,,,,,,,,,床
CLOSETS_WORD_WOOD_686,Closets,,Closets,Wood,,,,,,,,,,,,,,,,,衣櫃
CABINETS_WORD_WOOD_686,Cabinets,,Cabinets,Wood,,,,,,,,,,,,,,,,,櫥櫃
DOORS_WORD_WOOD_686,Doors,,Doors,Wood,,,,,,,,,,,,,,,,,門
BENCHES_WORD_WOOD_686,Benches,,Benches,Wood,,,,,,,,,,,,,,,,,長椅
DRESSERS_WORD_WOOD_686,Dressers,,Dressers,Wood,,,,,,,,,,,,,,,,,梳妝臺
TREAD_WORD_BOOTS_687,Tread,,Tread,Boots,,,,,,,,,,,,,,,,,步行
STEP_WORD_BOOTS_687,Step,,Step,Boots,,,,,,,,,,,,,,,,,踩
SLIP_ON_WORD_BOOTS_687,Slip on,,Slip on,Boots,,,,,,,,,,,,,,,,,穿上
STOMP_WORD_BOOTS_687,Stomp,,Stomp,Boots,,,,,,,,,,,,,,,,,跺
ZIP_WORD_BOOTS_687,Zip,,Zip,Boots,,,,,,,,,,,,,,,,,拉上拉鍊
SHINE_WORD_BOOTS_687,Shine,,Shine,Boots,,,,,,,,,,,,,,,,,擦亮
POLISH_WORD_BOOTS_687,Polish,,Polish,Boots,Polonais,Polnisch,Polaco,Polonês,โปลิช,Polandia,Pools,ポーランド語,Polacco,Polski,Lehçe,Польский,Poloneză,波蘭語,Polsk,Полірування,波兰语
FASTEN_WORD_BOOTS_687,Fasten,,Fasten,Boots,,,,,,,,,,,,,,,,,綁帶
WIRE_WORD_CABLE_688,Wire,,Wire,Cable,,,,,,,,,,,,,,,,,導線
CORD_WORD_CABLE_688,Cord,,Cord,Cable,,,,,,,,,,,,,,,,,電源線
PLUG_WORD_CABLE_688,Plug,,Plug,Cable,,,,,,,,,,,,,,,,,插頭
JACK_WORD_CABLE_688,Jack,,Jack,Cable,,,,,,,,,,,,,,,,,插孔
DUCT_WORD_CABLE_688,Duct,,Duct,Cable,,,,,,,,,,,,,,,,,電纜導管
OHM_WORD_CABLE_688,Ohm,,Ohm,Cable,,,,,,,,,,,,,,,,,歐姆
VOLT_WORD_CABLE_688,Volt,,Volt,Cable,,,,,,,,,,,,,,,,,伏特
COIL_WORD_CABLE_688,Coil,,Coil,Cable,,,,,,,,,,,,,,,,,線圈
GENE_WORD_GENOME_689,Gene,,Gene,Genome,Gène,Gen,Gen,Gene,ยีน,Gen,Gen,遺伝子,Gene,Gen,Gen,Ген,Genă,基因,Gen,Ген,基因
DNA_WORD_GENOME_689,DNA,,DNA,Genome,ADN,DNS,ADN,ADN,ดีเอ็นเอ,DNA,DNA,DNA,DNA,DNA,DNA,ДНК,ADN,DNA,DNA,ДНК,DNA
CELL_WORD_GENOME_689,Cell,,Cell,Genome,,,,,,,,,,,,,,,,,細胞
HELIX_WORD_GENOME_689,Helix,,Helix,Genome,,,,,,,,,,,,,,,,,雙股螺線
TRAIT_WORD_GENOME_689,Trait,,Trait,Genome,,,,,,,,,,,,,,,,,性狀
CODE_WORD_GENOME_689,Code,,Code,Genome,Code,Code,Código,Código,รหัส,Kode,Code,暗号,Codice,Kod,Kod,Код,Cod,密碼,Kode,Код,密码
SPLICE_WORD_GENOME_689,Splice,,Splice,Genome,,,,,,,,,,,,,,,,,基因編輯
ALLELE_WORD_GENOME_689,Allele,,Allele,Genome,,,,,,,,,,,,,,,,,等位基因
FLAVOR_WORD_SPICE_690,Flavor,,Flavor,Spice,,,,,,,,,,,,,,,,,迷迭香
GINGER_WORD_SPICE_690,Ginger,,Ginger,Spice,,,,,,,,,,,,,,,,,薑
ZEST_WORD_SPICE_690,Zest,,Zest,Spice,,,,,,,,,,,,,,,,,果皮
HERBS_WORD_SPICE_690,Herbs,,Herbs,Spice,,,,,,,,,,,,,,,,,香草
CHILI_WORD_SPICE_690,Chili,,Chili,Spice,,,,,,,,,,,,,,,,,辣椒
CLOVE_WORD_SPICE_690,Clove,,Clove,Spice,,,,,,,,,,,,,,,,,丁香
WHEEL_WORD_CYCLE_691,Wheel,,Wheel,Cycle,,,,,,,,,,,,,,,,,輪子
LOOP_WORD_CYCLE_691,Loop,,Loop,Cycle,,,,,,,,,,,,,,,,,迴圈
ROTATION_WORD_CYCLE_691,Rotation,,Rotation,Cycle,,,,,,,,,,,,,,,,,旋轉
CIRCLE_WORD_CYCLE_691,Circle,,Circle,Cycle,,,,,,,,,,,,,,,,,圓圈
MOON_WORD_CYCLE_691,Moon,,Moon,Cycle,Lune,Mond,Luna,Lua,พระจันทร์,Bulan,Maan,月,Luna,Księżyc,Ay,Луна,Luna,月亮,Måne,Місяць,月亮
SPIRAL_WORD_CYCLE_691,Spiral,,Spiral,Cycle,,,,,,,,,,,,,,,,,螺旋
TURN_ON_WORD_LAMPS_692,Turn on,,Turn on,Lamps,,,,,,,,,,,,,,,,,開燈
TURN_OFF_WORD_LAMPS_692,Turn off,,Turn off,Lamps,,,,,,,,,,,,,,,,,關燈
PLUG_IN_WORD_LAMPS_692,Plug in,,Plug in,Lamps,,,,,,,,,,,,,,,,,插上電源
UNPLUG_WORD_LAMPS_692,Unplug,,Unplug,Lamps,,,,,,,,,,,,,,,,,拔掉電源
INSTALL_WORD_LAMPS_692,Install,,Install,Lamps,,,,,,,,,,,,,,,,,更換燈泡
TRAINS_WORD_METRO_693,Trains,,Trains,Metro,,,,,,,,,,,,,,,,,鐵路列車
TUNNELS_WORD_METRO_693,Tunnels,,Tunnels,Metro,,,,,,,,,,,,,,,,,隧道
ARRIVALS_WORD_METRO_693,Arrivals,,Arrivals,Metro,,,,,,,,,,,,,,,,,抵達時間
BRAKES_WORD_METRO_693,Brakes,,Brakes,Metro,,,,,,,,,,,,,,,,,煞車
KEYS_WORD_MOTEL_694,Keys,,Keys,Motel,,,,,,,,,,,,,,,,,鑰匙
NEONS_WORD_MOTEL_694,Neons,,Neons,Motel,,,,,,,,,,,,,,,,,獨立車庫
HIGHWAY_WORD_MOTEL_694,Highway,,Highway,Motel,,,,,,,,,,,,,,,,,高速公路
LUGGAGE_WORD_MOTEL_694,Luggage,,Luggage,Motel,,,,,,,,,,,,,,,,,行李
BLOOMING_WORD_MEADOW_695,Blooming,,Blooming,Meadow,,,,,,,,,,,,,,,,,繁花盛開的
FRESH_WORD_MEADOW_695,Fresh,,Fresh,Meadow,,,,,,,,,,,,,,,,,綠意盎然的
BREEZY_WORD_MEADOW_695,Breezy,,Breezy,Meadow,,,,,,,,,,,,,,,,,微風輕拂的
IDYLLIC_WORD_MEADOW_695,Idyllic,,Idyllic,Meadow,,,,,,,,,,,,,,,,,田園詩般的
PAGANINI_WORD_VIOLINS_696,Paganini,,Paganini,Violins,Paganini,Paganini,Paganini,Paganini,ปากานินี,Paganini,Paganini,パガニーニ,Paganini,Paganini,Paganini,Паганини,Paganini,帕格尼尼,Paganini,Паганіні,帕格尼尼
LUTHIER_WORD_VIOLINS_696,Luthier,,Luthier,Violins,Luthier,Geigenbauer,Luthier,Luthier,ช่างทำไวโอลิน,Luthier,Luthier,弦楽器職人,Liutaio,Lutnik,Lutiye,Скрипичный мастер,Lutier,琴師,Lutemagér,Лютьє,琴师
FRET_WORD_VIOLINS_696,Fret,,Fret,Violins,,,,,,,,,,,,,,,,,琴弓
CHESTNUT_WORD_PRICKLY_697,Chestnut,,Chestnut,Prickly,Châtaignier,Kastanie,Castaño,Castanheiro,เกาลัด,Kastanye,Kastanje,クリ,Castagno,Kasztan,Kestane,Каштан,Castan,栗子,Kastanje,Каштан,栗子
HEDGEHOG_WORD_PRICKLY_697,Hedgehog,,Hedgehog,Prickly,Hérisson,Igel,Erizo,Ouriço,เม่น,Landak,Egel,ハリネズミ,Riccio,Jeż,Kirpi,Ёж,Arici,刺蝟,Pindsvin,Їжак,刺猬
THISTLE_WORD_PRICKLY_697,Thistle,,Thistle,Prickly,,,,,,,,,,,,,,,,,薊
CACTUS_WORD_PRICKLY_697,Cactus,,Cactus,Prickly,Cactus,Kaktus,Cactus,Cacto,กระบองเพชร,Kaktus,Cactus,サボテン,Cactus,Kaktus,Kaktüs,Кактус,Cactus,仙人掌,Kaktus,Кактус,仙人掌
JUNIPER_WORD_PRICKLY_697,Juniper,,Juniper,Prickly,,,,,,,,,,,,,,,,,杜松
THORN_WORD_PRICKLY_697,Thorn,,Thorn,Prickly,,,,,,,,,,,,,,,,,海膽
PINE_WORD_PRICKLY_697,Pine,,Pine,Prickly,,,,,,,,,,,,,,,,,刺柏
AGAVE_WORD_PRICKLY_697,Agave,,Agave,Prickly,,,,,,,,,,,,,,,,,龍舌蘭
MATTRESS_WORD_BEDROOM_698,Mattress,,Mattress,Bedroom,,,,,,,,,,,,,,,,,床墊
PILLOW_WORD_BEDROOM_698,Pillow,,Pillow,Bedroom,,,,,,,,,,,,,,,,,枕頭
BED_WORD_BEDROOM_698,Bed,,Bed,Bedroom,,,,,,,,,,,,,,,,,床
BLANKET_WORD_BEDROOM_698,Blanket,,Blanket,Bedroom,,,,,,,,,,,,,,,,,毯子
GIGGLE_WORD_LAUGHTER_699,Giggle,,Giggle,Laughter,,,,,,,,,,,,,,,,,咯咯笑
LAUGH_WORD_LAUGHTER_699,Laugh,,Laugh,Laughter,,,,,,,,,,,,,,,,,大笑
HOWL_WORD_LAUGHTER_699,Howl,,Howl,Laughter,,,,,,,,,,,,,,,,,微笑
CHUCKLE_WORD_LAUGHTER_699,Chuckle,,Chuckle,Laughter,,,,,,,,,,,,,,,,,偷笑
DATE_WORD_ROMANCE_700,Date,,Date,Romance,,,,,,,,,,,,,,,,,約會
KISSES_WORD_ROMANCE_700,Kisses,,Kisses,Romance,,,,,,,,,,,,,,,,,親吻
FLIRT_WORD_ROMANCE_700,Flirt,,Flirt,Romance,,,,,,,,,,,,,,,,,調情
MAINE_WORD_US_STATE_701,Maine,,Maine,US State,,,,,,,,,,,,,,,,,宜蘭縣
MONTANA_WORD_US_STATE_701,Montana,,Montana,US State,,,,,,,,,,,,,,,,,新竹縣
IDAHO_WORD_US_STATE_701,Idaho,,Idaho,US State,,,,,,,,,,,,,,,,,苗栗縣
OREGON_WORD_US_STATE_701,Oregon,,Oregon,US State,,,,,,,,,,,,,,,,,彰化縣
UTAH_WORD_US_STATE_701,Utah,,Utah,US State,,,,,,,,,,,,,,,,,南投縣
ARIZONA_WORD_US_STATE_701,Arizona,,Arizona,US State,,,,,,,,,,,,,,,,,雲林縣
IOWA_WORD_US_STATE_701,Iowa,,Iowa,US State,,,,,,,,,,,,,,,,,嘉義縣
WYOMING_WORD_US_STATE_701,Wyoming,,Wyoming,US State,,,,,,,,,,,,,,,,,花蓮縣
TREE_WORD_GROW_702,Tree,,Tree,Grow,,,,,,,,,,,,,,,,,樹木
HAIR_WORD_GROW_702,Hair,,Hair,Grow,,,,,,,,,,,,,,,,,頭髮
NAILS_WORD_GROW_702,Nails,,Nails,Grow,,,,,,,,,,,,,,,,,指甲
KIDS_WORD_GROW_702,Kids,,Kids,Grow,,,,,,,,,,,,,,,,,兒童
BEARD_WORD_GROW_702,Beard,,Beard,Grow,,,,,,,,,,,,,,,,,鬍鬚
BUSINESS_WORD_GROW_702,Business,,Business,Grow,,,,,,,,,,,,,,,,,事業
FLOWERS_WORD_GROW_702,Flowers,,Flowers,Grow,Fleurs,Blumen,Flores,Flores,ดอกไม้,Bunga,Bloemen,花,Fiori,Kwiaty,Çiçekler,Цветы,Flori,花,Blomster,Квіти,花
IMPACT_WORD_GROW_702,Impact,,Impact,Grow,,,,,,,,,,,,,,,,,影響力
STEAM_WORD_WHITE_703,Steam,,Steam,White,,,,,,,,,,,,,,,,,蒸汽
SNOW_WORD_WHITE_703,Snow,,Snow,White,,,,,,,,,,,,,,,,,雪
DOVE_WORD_WHITE_703,Dove,,Dove,White,Colombe,Taube,Paloma,Pomba,นกพิราบ,Merpati,Duif,ハト,Colomba,Gołąb,Güvercin,Голубь,Porumbel,鴿子,Due,Голуб,鸽子
PAPER_WORD_WHITE_703,Paper,,Paper,White,Papier,Papier,Papel,Papel,กระดาษ,Kertas,Papier,紙,Carta,Papier,Kâğıt,Бумага,Hârtie,紙張,Papir,Папір,纸张
GHOST_WORD_WHITE_703,Ghost,,Ghost,White,,,,,,,,,,,,,,,,,幽靈
SUGAR_WORD_WHITE_703,Sugar,,Sugar,White,,,,,,,,,,,,,,,,,糖
EGG_WORD_WHITE_703,Egg,,Egg,White,,,,,,,,,,,,,,,,,蛋
FLOUR_WORD_WHITE_703,Flour,,Flour,White,,,,,,,,,,,,,,,,,麵粉
SPOTS_WORD_PANDA_704,Spots,,Spots,Panda,,,,,,,,,,,,,,,,,黑白毛色
BAMBOO_WORD_PANDA_704,Bamboo,,Bamboo,Panda,,,,,,,,,,,,,,,,,竹子
GIANT_WORD_PANDA_704,Giant,,Giant,Panda,,,,,,,,,,,,,,,,,體型肥碩
CHINA_WORD_PANDA_704,China,,China,Panda,,,,,,,,,,,,,,,,,中國特有物種
ATLANTIC_WORD_OCEANS_705,Atlantic,,Atlantic,Oceans,,,,,,,,,,,,,,,,,大西洋
PACIFIC_WORD_OCEANS_705,Pacific,,Pacific,Oceans,,,,,,,,,,,,,,,,,太平洋
ARCTIC_WORD_OCEANS_705,Arctic,,Arctic,Oceans,,,,,,,,,,,,,,,,,北冰洋
INDIAN_WORD_OCEANS_705,Indian,,Indian,Oceans,,,,,,,,,,,,,,,,,印度洋
HYGIENE_WORD_HEALTH_706,Hygiene,,Hygiene,Health,,,,,,,,,,,,,,,,,衛生
THERAPY_WORD_HEALTH_706,Therapy,,Therapy,Health,,,,,,,,,,,,,,,,,療法
CURE_WORD_HEALTH_706,Cure,,Cure,Health,,,,,,,,,,,,,,,,,治癒
IMMUNITY_WORD_HEALTH_706,Immunity,,Immunity,Health,,,,,,,,,,,,,,,,,免疫
BLUE_WORD_COLORS_707,Blue,,Blue,Colors,,,,,,,,,,,,,,,,,藍色
GREEN_WORD_COLORS_707,Green,,Green,Colors,,,,,,,,,,,,,,,,,綠色
YELLOW_WORD_COLORS_707,Yellow,,Yellow,Colors,,,,,,,,,,,,,,,,,黃色
NOUN_WORD_GRAMMAR_708,Noun,,Noun,Grammar,Nom,Nomen,Sustantivo,Substantivo,คำนาม,Kata benda,Naamwoord,名詞,Sostantivo,Rzeczownik,İsim,Существительное,Substantiv,名詞,Navneord,Іменник,名词
VERB_WORD_GRAMMAR_708,Verb,,Verb,Grammar,Verbe,Verb,Verbo,Verbo,คำกริยา,Kata kerja,Werkwoord,動詞,Verbo,Czasownik,Fiil,Глагол,Verb,動詞,Udsagnsord,Дієслово,动词
ADVERB_WORD_GRAMMAR_708,Adverb,,Adverb,Grammar,Adverbe,Adverb,Adverbio,Advérbio,คำวิเศษณ์,Kata keterangan,Bijwoord,副詞,Avverbio,Przysłówek,Zarf,Наречие,Adverb,副詞,Biord,Прислівник,副词
FINE_WORD_APPROVAL_709,Fine,,Fine,Approval,,,,,,,,,,,,,,,,,好的
GREAT_WORD_APPROVAL_709,Great,,Great,Approval,,,,,,,,,,,,,,,,,太棒
NICE_WORD_APPROVAL_709,Nice,,Nice,Approval,,,,,,,,,,,,,,,,,不錯
OK_WORD_APPROVAL_709,OK,,OK,Approval,,,,,,,,,,,,,,,,,沒問題
GOOD_WORD_APPROVAL_709,Good,,Good,Approval,,,,,,,,,,,,,,,,,良好
ALRIGHT_WORD_APPROVAL_709,Alright,,Alright,Approval,,,,,,,,,,,,,,,,,可以
COOL_WORD_APPROVAL_709,Cool,,Cool,Approval,,,,,,,,,,,,,,,,,很酷
SUPER_WORD_APPROVAL_709,Super,,Super,Approval,,,,,,,,,,,,,,,,,出色
MAGMA_WORD_GEOLOGY_710,Magma,,Magma,Geology,,,,,,,,,,,,,,,,,岩漿
FOSSILS_WORD_GEOLOGY_710,Fossils,,Fossils,Geology,,,,,,,,,,,,,,,,,化石
MANTLE_WORD_GEOLOGY_710,Mantle,,Mantle,Geology,Manteau,Mantel,Manto,Manto,เนื้อโลก,Mantel,Mantel,マントル,Mantello,Płaszcz,Manto,Мантия,Manta,地幔,Kappe,Мантія,地幔
FAULT_WORD_GEOLOGY_710,Fault,,Fault,Geology,,,,,,,,,,,,,,,,,斷層
RIDGE_WORD_GEOLOGY_710,Ridge,,Ridge,Geology,,,,,,,,,,,,,,,,,山脊
VOLCANO_WORD_GEOLOGY_710,Volcano,,Volcano,Geology,,,,,,,,,,,,,,,,,火山
GLACIER_WORD_GEOLOGY_710,Glacier,,Glacier,Geology,,,,,,,,,,,,,,,,,冰川
EROSION_WORD_GEOLOGY_710,Erosion,,Erosion,Geology,,,,,,,,,,,,,,,,,侵蝕
SECOND_WORD_TIME_711,Second,,Second,Time,,,,,,,,,,,,,,,,,秒
MINUTE_WORD_TIME_711,Minute,,Minute,Time,,,,,,,,,,,,,,,,,分鐘
HOUR_WORD_TIME_711,Hour,,Hour,Time,,,,,,,,,,,,,,,,,小時
WEEK_WORD_TIME_711,Week,,Week,Time,,,,,,,,,,,,,,,,,週
MONTH_WORD_TIME_711,Month,,Month,Time,,,,,,,,,,,,,,,,,月
YEAR_WORD_TIME_711,Year,,Year,Time,,,,,,,,,,,,,,,,,年
TEAR_WORD_EYES_712,Tear,,Tear,Eyes,,,,,,,,,,,,,,,,,淚水
BLINK_WORD_EYES_712,Blink,,Blink,Eyes,,,,,,,,,,,,,,,,,眨眼
WINK_WORD_EYES_712,Wink,,Wink,Eyes,,,,,,,,,,,,,,,,,眯眼
STARE_WORD_EYES_712,Stare,,Stare,Eyes,,,,,,,,,,,,,,,,,凝視
FRY_WORD_COOK_713,Fry,,Fry,Cook,,,,,,,,,,,,,,,,,煎
BOIL_WORD_COOK_713,Boil,,Boil,Cook,,,,,,,,,,,,,,,,,煮
BAKE_WORD_COOK_713,Bake,,Bake,Cook,,,,,,,,,,,,,,,,,烘焙
ROAST_WORD_COOK_713,Roast,,Roast,Cook,,,,,,,,,,,,,,,,,烤
SHOP_WORD_STORES_714,Shop,,Shop,Stores,,,,,,,,,,,,,,,,,商場店子
OUTLET_WORD_STORES_714,Outlet,,Outlet,Stores,,,,,,,,,,,,,,,,,專門店
MALL_WORD_STORES_714,Mall,,Mall,Stores,Centre commercial,Einkaufszentrum,Centro comercial,Shopping,ห้างสรรพสินค้า,Mal,Winkelcentrum,ショッピングモール,Centro commerciale,Centrum handlowe,AVM,Торговый центр,Mall,商場,Butikscenter,Торговий центр,商场
PEBBLE_WORD_STONE_715,Pebble,,Pebble,Stone,,,,,,,,,,,,,,,,,卵石
GRAVEL_WORD_STONE_715,Gravel,,Gravel,Stone,,,,,,,,,,,,,,,,,礫石
BOULDER_WORD_STONE_715,Boulder,,Boulder,Stone,,,,,,,,,,,,,,,,,巨石
STATUE_WORD_STONE_715,Statue,,Statue,Stone,Statue,Statue,Estatua,Estátua,รูปปั้น,Arca,Standbeeld,彫像,Statua,Posąg,Yontu,Статуя,Statuie,雕像,Statue,Статуя,雕像
OBELISK_WORD_STONE_715,Obelisk,,Obelisk,Stone,,,,,,,,,,,,,,,,,方尖碑
DIAMOND_WORD_STONE_715,Diamond,,Diamond,Stone,Diamant,Diamant,Diamante,Diamante,เพชร,Berlian,Diamant,ダイヤモンド,Diamante,Diament,Elmas,Алмаз,Diamant,鑽石,Diamant,Діамант,钻石
FOSSIL_WORD_STONE_715,Fossil,,Fossil,Stone,,,,,,,,,,,,,,,,,化石
CASTLE_WORD_STONE_715,Castle,,Castle,Stone,Château,Burg,Castillo,Castelo,ปราสาท,Kastil,Kasteel,城,Castello,Zamek,Kale,Замок,Castel,城堡,Slot,Замок,城堡
MICHAEL_WORD_NAMES_716,Michael,,Michael,Names,,,,,,,,,,,,,,,,,陳
ANDREW_WORD_NAMES_716,Andrew,,Andrew,Names,,,,,,,,,,,,,,,,,李
BRIAN_WORD_NAMES_716,Brian,,Brian,Names,,,,,,,,,,,,,,,,,張
CRAIG_WORD_NAMES_716,Craig,,Craig,Names,,,,,,,,,,,,,,,,,蔡
DAVID_WORD_NAMES_716,David,,David,Names,,,,,,,,,,,,,,,,,楊
JUSTIN_WORD_NAMES_716,Justin,,Justin,Names,,,,,,,,,,,,,,,,,林
KEVIN_WORD_NAMES_716,Kevin,,Kevin,Names,,,,,,,,,,,,,,,,,黃
SHELDON_WORD_NAMES_716,Sheldon,,Sheldon,Names,,,,,,,,,,,,,,,,,吳
BEADING_WORD_HOBBIES_717,Beading,,Beading,Hobbies,,,,,,,,,,,,,,,,,寫作
GAMING_WORD_HOBBIES_717,Gaming,,Gaming,Hobbies,,,,,,,,,,,,,,,,,烹飪
FISHING_WORD_HOBBIES_717,Fishing,,Fishing,Hobbies,,,,,,,,,,,,,,,,,釣魚
ORIGAMI_WORD_HOBBIES_717,Origami,,Origami,Hobbies,,,,,,,,,,,,,,,,,摺紙
CAMPING_WORD_HOBBIES_717,Camping,,Camping,Hobbies,,,,,,,,,,,,,,,,,露營
CROCHET_WORD_HOBBIES_717,Crochet,,Crochet,Hobbies,,,,,,,,,,,,,,,,,園藝
STREET_WORD_CROWDED_718,Street,,Street,Crowded,,,,,,,,,,,,,,,,,街道
CLUB_WORD_CROWDED_718,Club,,Club,Crowded,,,,,,,,,,,,,,,,,俱樂部
CHURCH_WORD_CROWDED_718,Church,,Church,Crowded,,,,,,,,,,,,,,,,,教堂
CITY_WORD_CROWDED_718,City,,City,Crowded,Ville,Stadt,Ciudad,Cidade,เมือง,Kota,Stad,都市,Città,Miasto,Şehir,Город,Oraș,城市,By,Місто,城市
BUS_WORD_CROWDED_718,Bus,,Bus,Crowded,,,,,,,,,,,,,,,,,公車
STADIUM_WORD_CROWDED_718,Stadium,,Stadium,Crowded,Stade,Stadion,Estadio,Estádio,สนามกีฬา,Stadion,Stadion,スタジアム,Stadio,Stadion,Stadyum,Стадион,Stadion,體育場,Stadion,Стадіон,体育场
CRY_WORD_ACTIONS_719,Cry,,Cry,Actions,,,,,,,,,,,,,,,,,哭
LAUGH_WORD_ACTIONS_719,Laugh,,Laugh,Actions,,,,,,,,,,,,,,,,,笑
TALK_WORD_ACTIONS_719,Talk,,Talk,Actions,,,,,,,,,,,,,,,,,說話
YAWN_WORD_ACTIONS_719,Yawn,,Yawn,Actions,,,,,,,,,,,,,,,,,打哈欠
POLISH_WORD_NAILCARE_720,Polish,,Polish,Nailcare,Polonais,Polnisch,Polaco,Polonês,โปลิช,Polandia,Pools,ポーランド語,Polacco,Polski,Lehçe,Польский,Poloneză,波蘭語,Polsk,Полірування,波兰语
ACRYLIC_WORD_NAILCARE_720,Acrylic,,Acrylic,Nailcare,Acrylique,Acryl,Acrílico,Acrílico,อะคริลิก,Akrilik,Acryl,アクリル,Acrilico,Akryl,Akrilik,Акрил,Acrilic,壓克力,Akryl,Акрил,压克力
CLIPPERS_WORD_NAILCARE_720,Clippers,,Clippers,Nailcare,,,,,,,,,,,,,,,,,指甲剪
FILE_WORD_NAILCARE_720,File,,File,Nailcare,,,,,,,,,,,,,,,,,指甲銼
ICE_WORD_MELT_721,Ice,,Ice,Melt,,,,,,,,,,,,,,,,,冰
WAX_WORD_MELT_721,Wax,,Wax,Melt,,,,,,,,,,,,,,,,,蠟
HEART_WORD_MELT_721,Heart,,Heart,Melt,Cœur,Herz,Corazón,Coração,หัวใจ,Jantung,Hart,心臓,Cuore,Serce,Kalp,Сердце,Inimă,心臟,Hjerte,Серце,心脏
NOVEL_WORD_READING_722,Novel,,Novel,Reading,,,,,,,,,,,,,,,,,小說
STORY_WORD_READING_722,Story,,Story,Reading,,,,,,,,,,,,,,,,,散文
POEM_WORD_READING_722,Poem,,Poem,Reading,,,,,,,,,,,,,,,,,詩
CREST_WORD_COASTAL_723,Crest,,Crest,Coastal,Crête,Kamm,Cresta,Crista,ยอดคลื่น,Puncak,Wapenschild,波頭,Cresta,Grzbiet fali,Dalga tepesi,Гребень волны,Stemă,浪頂,Kam,Герб,浪顶
BREEZE_WORD_COASTAL_723,Breeze,,Breeze,Coastal,Brise,Brise,Brisa,Brisa,สายลม,Angin sepoi,Bries,潮風,Brezza,Bryza,Esinti,Бриз,Briză,微風,Brise,Бриз,微风
SURFING_WORD_COASTAL_723,Surfing,,Surfing,Coastal,Surf,Surfen,Surf,Surfe,เซิร์ฟ,Selancar,Surfen,サーフィン,Surf,Surfing,Sörf,Сёрфинг,Surfing,衝浪,Surfing,Серфінг,冲浪
SHINGLE_WORD_COASTAL_723,Shingle,,Shingle,Coastal,Galets,Kiesel,Guijarros,Cascalho,กรวด,Kerikil,Dakpan,砂利浜,Ciottoli,Żwirowa plaża,Çakıl,Галечный пляж,Șindrilă,卵石灘,Tagspån,Ґонт,卵石滩
SAND_WORD_COASTAL_723,Sand,,Sand,Coastal,Sable,Sand,Arena,Areia,ทราย,Pasir,Zand,砂浜,Sabbia,Piasek,Kum,Песок,Nisip,沙,Sand,Пісок,沙
GROYNE_WORD_COASTAL_723,Groyne,,Groyne,Coastal,Épi,Buhne,Rompeolas,Esporão,เขื่อนกั้นคลื่น,Groyne,Strekdam,突堤,Frangiflutti,Ostroga,Dalgakıran,Волнорез,Dig,防波堤,Høfde,Бун,防波堤
TIDE_WORD_COASTAL_723,Tide,,Tide,Coastal,Marée,Gezeiten,Marea,Maré,น้ำขึ้นน้ำลง,Pasang surut,Getij,潮,Marea,Przypływ,Gelgit,Прилив,Maree,潮汐,Tidevand,Приплив,潮汐
JETTY_WORD_COASTAL_723,Jetty,,Jetty,Coastal,Jetée,Mole,Espigón,Cais,สะพานท่าเรือ,Dermaga,Steiger,桟橋,Molo,Pomost,İskele,Мол,Debarcader,棧橋,Mole,Мол,栈桥
CLINK_WORD_WE_HEAR_724,Clink,,Clink,We hear,,,,,,,,,,,,,,,,,叮鈴
CRACK_WORD_WE_HEAR_724,Crack,,Crack,We hear,,,,,,,,,,,,,,,,,喀嚓
CRUNCH_WORD_WE_HEAR_724,Crunch,,Crunch,We hear,,,,,,,,,,,,,,,,,嘎吱
SPLASH_WORD_WE_HEAR_724,Splash,,Splash,We hear,,,,,,,,,,,,,,,,,嘩啦
WHIRR_WORD_WE_HEAR_724,Whirr,,Whirr,We hear,,,,,,,,,,,,,,,,,嗡嗡
TICK_WORD_WE_HEAR_724,Tick,,Tick,We hear,,,,,,,,,,,,,,,,,滴答
SQUISH_WORD_WE_HEAR_724,Squish,,Squish,We hear,,,,,,,,,,,,,,,,,噗滋
RUSTLE_WORD_WE_HEAR_724,Rustle,,Rustle,We hear,,,,,,,,,,,,,,,,,沙沙
BREADCRUMB_WORD_DEBRIS_725,Breadcrumb,,Breadcrumb,Debris,,,,,,,,,,,,,,,,,麵包屑
CLOD_WORD_DEBRIS_725,Clod,,Clod,Debris,,,,,,,,,,,,,,,,,土塊
PLANT_DEBRIS_WORD_DEBRIS_725,Plant debris,,Plant debris,Debris,,,,,,,,,,,,,,,,,植物殘體
POWDER_WORD_DEBRIS_725,Powder,,Powder,Debris,Poudre,Puder,Polvo,Pó,แป้ง,Bedak,Poeder,パウダー,Cipria,Puder,Pudra,Пудра,Pudră,蜜粉,Pulver,Порошок,蜜粉
SLAB_WORD_DEBRIS_725,Slab,,Slab,Debris,,,,,,,,,,,,,,,,,石板
CORAL_SKELETON_WORD_DEBRIS_725,Coral skeleton,,Coral skeleton,Debris,,,,,,,,,,,,,,,,,珊瑚骨骼
TIMBER_WORD_DEBRIS_725,Timber,,Timber,Debris,,,,,,,,,,,,,,,,,木材
LEAF_LITTER_WORD_DEBRIS_725,Leaf litter,,Leaf litter,Debris,,,,,,,,,,,,,,,,,枯枝落葉
WEDGE_WORD_SHAPE_726,Wedge,,Wedge,Shape,,,,,,,,,,,,,,,,,三角形
PENTAGON_WORD_SHAPE_726,Pentagon,,Pentagon,Shape,,,,,,,,,,,,,,,,,五邊形
SQUARE_WORD_SHAPE_726,Square,,Square,Shape,,,,,,,,,,,,,,,,,正方形
ELLIPSE_WORD_SHAPE_726,Ellipse,,Ellipse,Shape,,,,,,,,,,,,,,,,,橢圓形
RHOMBUS_WORD_SHAPE_726,Rhombus,,Rhombus,Shape,,,,,,,,,,,,,,,,,菱形
ARC_WORD_SHAPE_726,Arc,,Arc,Shape,,,,,,,,,,,,,,,,,長方形
STOP_WORD_FINISH_727,Stop,,Stop,Finish,,,,,,,,,,,,,,,,,停止
CEASE_WORD_FINISH_727,Cease,,Cease,Finish,,,,,,,,,,,,,,,,,終止
END_WORD_FINISH_727,End,,End,Finish,,,,,,,,,,,,,,,,,完結
CONCLUDE_WORD_FINISH_727,Conclude,,Conclude,Finish,,,,,,,,,,,,,,,,,收官
COMPLETE_WORD_FINISH_727,Complete,,Complete,Finish,,,,,,,,,,,,,,,,,完成
WRAP_UP_WORD_FINISH_727,Wrap up,,Wrap up,Finish,,,,,,,,,,,,,,,,,收尾
ENVY_WORD_PSYCHO_728,Envy,,Envy,Psycho,,,,,,,,,,,,,,,,,嫉妒
MORALE_WORD_PSYCHO_728,Morale,,Morale,Psycho,,,,,,,,,,,,,,,,,平常心
EMPATHY_WORD_PSYCHO_728,Empathy,,Empathy,Psycho,,,,,,,,,,,,,,,,,同理心
GESTALT_WORD_PSYCHO_728,Gestalt,,Gestalt,Psycho,,,,,,,,,,,,,,,,,安全感
EGO_WORD_PSYCHO_728,Ego,,Ego,Psycho,,,,,,,,,,,,,,,,,自負
TIRE_WORD_WHEEL_729,Tire,,Tire,Wheel,Pneu,Reifen,Neumático,Pneu,ยางรถ,Ban,Band,タイヤ,Pneumatico,Opona,Lastik,Шина,Anvelopă,輪胎,Dæk,Шина,轮胎
HUBCAP_WORD_WHEEL_729,Hubcap,,Hubcap,Wheel,Enjoliveur,Radkappe,Tapacubos,Calota,ฝาครอบล้อ,Dop,Wieldop,ホイールキャップ,Coprimozzo,Kołpak,Jant kapağı,Колпак,Capac roată,輪蓋,Hjulkapsel,Ковпак,轮盖
STEER_WORD_WHEEL_729,Steer,,Steer,Wheel,Volant,Lenkung,Dirección,Direção,พวงมาลัย,Kemudi,Stier,ステアリング,Sterzo,Kierować,Direksiyon,Руль,Bou,轉向,Styre,Бик,转向
AXLE_WORD_WHEEL_729,Axle,,Axle,Wheel,Essieu,Achse,Eje,Eixo,เพลา,Gandar,Wielaas,車軸,Asse,Oś,Aks,Ось,Osie,車軸,Aksel,Вісь,车轴
FORTUNE_WORD_WHEEL_729,Fortune,,Fortune,Wheel,,,,,,,,,,,,,,,,,支撐車重
BRAVO_WORD_MAESTRO_730,Bravo,,Bravo,Maestro,,,,,,,,,,,,,,,,,Bravo棒極了
COMPOSE_WORD_MAESTRO_730,Compose,,Compose,Maestro,,,,,,,,,,,,,,,,,作曲
TALENT_WORD_MAESTRO_730,Talent,,Talent,Maestro,,,,,,,,,,,,,,,,,演奏
VIRTUOSO_WORD_MAESTRO_730,Virtuoso,,Virtuoso,Maestro,,,,,,,,,,,,,,,,,技藝高超
STAGE_WORD_MAESTRO_730,Stage,,Stage,Maestro,,,,,,,,,,,,,,,,,樂團舞台
MOSES_WORD_BIBLE_731,Moses,,Moses,Bible,,,,,,,,,,,,,,,,,摩西
GOSPEL_WORD_BIBLE_731,Gospel,,Gospel,Bible,,,,,,,,,,,,,,,,,福音
RELIGION_WORD_BIBLE_731,Religion,,Religion,Bible,,,,,,,,,,,,,,,,,宗教
JESUS_WORD_BIBLE_731,Jesus,,Jesus,Bible,,,,,,,,,,,,,,,,,耶穌
SATURDAY_WORD_DAY_732,Saturday,,Saturday,Day,,,,,,,,,,,,,,,,,星期六
SUNDAY_WORD_DAY_732,Sunday,,Sunday,Day,,,,,,,,,,,,,,,,,星期日
MONDAY_WORD_DAY_732,Monday,,Monday,Day,,,,,,,,,,,,,,,,,星期一
WEDNESDAY_WORD_DAY_732,Wednesday,,Wednesday,Day,,,,,,,,,,,,,,,,,星期三
X_RAY_WORD_X_WORD_733,X-ray,,X-ray,X-word,,,,,,,,,,,,,,,,,X射線
X_FILES_WORD_X_WORD_733,X-Files,,X-Files,X-word,,,,,,,,,,,,,,,,,X檔案
X_MEN_WORD_X_WORD_733,X-Men,,X-Men,X-word,,,,,,,,,,,,,,,,,X戰警
JADED_WORD_TIRED_734,Jaded,,Jaded,Tired,,,,,,,,,,,,,,,,,身心交瘁
DRAINED_WORD_TIRED_734,Drained,,Drained,Tired,,,,,,,,,,,,,,,,,精疲力盡
SLEEPY_WORD_TIRED_734,Sleepy,,Sleepy,Tired,,,,,,,,,,,,,,,,,昏昏欲睡
CONFETTI_WORD_PARTY_735,Confetti,,Confetti,Party,,,,,,,,,,,,,,,,,五彩紙屑
DANCE_WORD_PARTY_735,Dance,,Dance,Party,,,,,,,,,,,,,,,,,舞蹈
MUSIC_WORD_PARTY_735,Music,,Music,Party,,,,,,,,,,,,,,,,,音樂
FRIENDS_WORD_PARTY_735,Friends,,Friends,Party,,,,,,,,,,,,,,,,,朋友
MANOR_WORD_VILLAGE_736,Manor,,Manor,Village,,,,,,,,,,,,,,,,,莊園
RURAL_WORD_VILLAGE_736,Rural,,Rural,Village,,,,,,,,,,,,,,,,,鄉村
FARM_WORD_VILLAGE_736,Farm,,Farm,Village,,,,,,,,,,,,,,,,,農場
COTTAGE_WORD_VILLAGE_736,Cottage,,Cottage,Village,,,,,,,,,,,,,,,,,小屋
HI_WORD_GREETING_737,Hi,,Hi,Greeting,Salut,Hi,¡Ey!,Oi,หวัดดี,Hai,Hoi,やあ,Salve,Siema,Naber,Хай,Bună,嗨,Hej,Привіт,嗨
HELLO_WORD_GREETING_737,Hello,,Hello,Greeting,,,,,,,,,,,,,,,,,你好
CIAO_WORD_GREETING_737,Ciao,,Ciao,Greeting,,,,,,,,,,,,,,,,,再見
RN_WORD_CAVE_738,rn,,rn,Cave,,,,,,,,,,,,,,,,,岩穴
SPACIOUS_WORD_CAVE_738,Spacious,,Spacious,Cave,,,,,,,,,,,,,,,,,寬闊
ECHO_WORD_CAVE_738,Echo,,Echo,Cave,,,,,,,,,,,,,,,,,回聲
SPOOKY_WORD_CAVE_738,Spooky,,Spooky,Cave,,,,,,,,,,,,,,,,,陰森
ROCKY_WORD_CAVE_738,Rocky,,Rocky,Cave,,,,,,,,,,,,,,,,,崎嶇
GLOOMY_WORD_CAVE_738,Gloomy,,Gloomy,Cave,,,,,,,,,,,,,,,,,昏暗
GROTTO_WORD_CAVE_738,Grotto,,Grotto,Cave,,,,,,,,,,,,,,,,,石窟
MAN_WORD_CAVE_738,man,,man,Cave,,,,,,,,,,,,,,,,,穴居人
BEAD_WORD_TINY_739,Bead,,Bead,Tiny,,,,,,,,,,,,,,,,,珠子
SPARK_WORD_TINY_739,Spark,,Spark,Tiny,,,,,,,,,,,,,,,,,火花
ATOM_WORD_TINY_739,Atom,,Atom,Tiny,Atome,Atom,Átomo,Átomo,อะตอม,Atom,Atoom,原子,Atomo,Atom,Atom,Атом,Atom,原子,Atom,Атом,原子
DEWDROP_WORD_TINY_739,Dewdrop,,Dewdrop,Tiny,,,,,,,,,,,,,,,,,露珠
GNAT_WORD_TINY_739,Gnat,,Gnat,Tiny,,,,,,,,,,,,,,,,,蚋
TADPOLE_WORD_TINY_739,Tadpole,,Tadpole,Tiny,,,,,,,,,,,,,,,,,蝌蚪
CELL_WORD_TINY_739,Cell,,Cell,Tiny,,,,,,,,,,,,,,,,,細胞
MITE_WORD_TINY_739,Mite,,Mite,Tiny,,,,,,,,,,,,,,,,,塵蟎
RUB_WORD_TOUCH_740,Rub,,Rub,Touch,,,,,,,,,,,,,,,,,摩擦
CLAP_WORD_TOUCH_740,Clap,,Clap,Touch,,,,,,,,,,,,,,,,,拍手
THUMP_WORD_TOUCH_740,Thump,,Thump,Touch,,,,,,,,,,,,,,,,,重擊
SQUEEZE_WORD_TOUCH_740,Squeeze,,Squeeze,Touch,,,,,,,,,,,,,,,,,擠壓
PINCH_WORD_TOUCH_740,Pinch,,Pinch,Touch,,,,,,,,,,,,,,,,,捏
FLICK_WORD_TOUCH_740,Flick,,Flick,Touch,,,,,,,,,,,,,,,,,輕彈
TICKLE_WORD_TOUCH_740,Tickle,,Tickle,Touch,,,,,,,,,,,,,,,,,搔癢
SLAP_WORD_TOUCH_740,Slap,,Slap,Touch,,,,,,,,,,,,,,,,,拍打
WHEN_WORD_QUESTION_741,When,,When,Question,,,,,,,,,,,,,,,,,何時
WHERE_WORD_QUESTION_741,Where,,Where,Question,,,,,,,,,,,,,,,,,在哪裡
HOW_WORD_QUESTION_741,How,,How,Question,,,,,,,,,,,,,,,,,如何
WHY_WORD_QUESTION_741,Why,,Why,Question,,,,,,,,,,,,,,,,,為何
WHO_WORD_QUESTION_741,Who,,Who,Question,,,,,,,,,,,,,,,,,誰
WHAT_WORD_QUESTION_741,What,,What,Question,,,,,,,,,,,,,,,,,什麼
ON_WORD_PLACE_742,On,,On,Place,,,,,,,,,,,,,,,,,上方
IN_WORD_PLACE_742,In,,In,Place,,,,,,,,,,,,,,,,,內部
FROM_WORD_PLACE_742,From,,From,Place,,,,,,,,,,,,,,,,,來自
NEXT_TO_WORD_PLACE_742,Next to,,Next to,Place,,,,,,,,,,,,,,,,,緊鄰
BELOW_WORD_PLACE_742,Below,,Below,Place,,,,,,,,,,,,,,,,,下方
BEHIND_WORD_PLACE_742,Behind,,Behind,Place,,,,,,,,,,,,,,,,,後方
MAPLE_WORD_SYRUP_743,Maple,,Maple,Syrup,Érable,Ahorn,Arce,Bordo,เมเปิ้ล,Maple,Esdoorn,カエデ,Acero,Klon,Akçaağaç,Клён,Arțar,楓樹,Løn,Клен,枫树
AGAVE_WORD_SYRUP_743,Agave,,Agave,Syrup,,,,,,,,,,,,,,,,,龍舌蘭蜜
MALT_WORD_SYRUP_743,Malt,,Malt,Syrup,,,,,,,,,,,,,,,,,麥芽糖漿
TREACLE_WORD_SYRUP_743,Treacle,,Treacle,Syrup,,,,,,,,,,,,,,,,,黑蜜糖
KHAKI_WORD_SHADES_744,Khaki,,Khaki,Shades,,,,,,,,,,,,,,,,,卡其色
BUFF_WORD_SHADES_744,Buff,,Buff,Shades,,,,,,,,,,,,,,,,,淡黃褐色
MAGENTA_WORD_SHADES_744,Magenta,,Magenta,Shades,,,,,,,,,,,,,,,,,品紅
BEIGE_WORD_SHADES_744,Beige,,Beige,Shades,,,,,,,,,,,,,,,,,米色
LANE_WORD_DRIVE_745,Lane,,Lane,Drive,,,,,,,,,,,,,,,,,車道
PARKING_WORD_DRIVE_745,Parking,,Parking,Drive,,,,,,,,,,,,,,,,,停車
OVERTAKE_WORD_DRIVE_745,Overtake,,Overtake,Drive,,,,,,,,,,,,,,,,,超車
FIZZ_WORD_NOISES_746,Fizz,,Fizz,Noises,,,,,,,,,,,,,,,,,噗滋
HISS_WORD_NOISES_746,Hiss,,Hiss,Noises,,,,,,,,,,,,,,,,,嘶嘶
HONK_WORD_NOISES_746,Honk,,Honk,Noises,,,,,,,,,,,,,,,,,叭叭
BUZZ_WORD_NOISES_746,Buzz,,Buzz,Noises,,,,,,,,,,,,,,,,,嗡嗡
CRY_WORD_NOISES_746,Cry,,Cry,Noises,,,,,,,,,,,,,,,,,哀嚎
TINKLE_WORD_NOISES_746,Tinkle,,Tinkle,Noises,,,,,,,,,,,,,,,,,叮噹
SIZZLE_WORD_NOISES_746,Sizzle,,Sizzle,Noises,,,,,,,,,,,,,,,,,滋滋
CRACKLE_WORD_NOISES_746,Crackle,,Crackle,Noises,,,,,,,,,,,,,,,,,噼啪
DRIBBLE_WORD_SOCCER_747,Dribble,,Dribble,Soccer,,,,,,,,,,,,,,,,,盤球
PENALTY_WORD_SOCCER_747,Penalty,,Penalty,Soccer,Pénalité,Strafe,Penalti,Penalidade,จุดโทษ,Penalti,Strafschop,ペナルティ,Rigore,Kara,Penaltı,Штраф,Penalti,罰球,Straf,Штраф,罚球
RED_CARD_WORD_SOCCER_747,Red card,,Red card,Soccer,,,,,,,,,,,,,,,,,紅牌
GOAL_WORD_SOCCER_747,Goal,,Goal,Soccer,But,Tor,Gol,Gol,ประตู,Gol,Doel,ゴール,Gol,Gol,Gol,Гол,Gol,進球,Mål,Гол,进球
SAVE_WORD_SOCCER_747,Save,,Save,Soccer,,,,,,,,,,,,,,,,,撲救
CROSSBAR_WORD_SOCCER_747,Crossbar,,Crossbar,Soccer,,,,,,,,,,,,,,,,,橫樑
PLATEAU_WORD_GEO_748,Plateau,,Plateau,Geo,,,,,,,,,,,,,,,,,高原
SCREE_WORD_GEO_748,Scree,,Scree,Geo,,,,,,,,,,,,,,,,,碎石堆
RIDGE_WORD_GEO_748,Ridge,,Ridge,Geo,,,,,,,,,,,,,,,,,山脊
CREVASSE_WORD_GEO_748,Crevasse,,Crevasse,Geo,,,,,,,,,,,,,,,,,裂縫
GLACIER_WORD_GEO_748,Glacier,,Glacier,Geo,,,,,,,,,,,,,,,,,冰川
MOUNT_WORD_GEO_748,Mount,,Mount,Geo,,,,,,,,,,,,,,,,,山峰
CANDLES_WORD_CAKE_749,Candles,,Candles,Cake,,,,,,,,,,,,,,,,,蠟燭
BIRTHDAY_WORD_CAKE_749,Birthday,,Birthday,Cake,,,,,,,,,,,,,,,,,生日
BAKERY_WORD_CAKE_749,Bakery,,Bakery,Cake,,,,,,,,,,,,,,,,,糕點店
SLICE_WORD_CAKE_749,Slice,,Slice,Cake,,,,,,,,,,,,,,,,,切片
GARLIC_WORD_STINKY_750,Garlic,,Garlic,Stinky,,,,,,,,,,,,,,,,,大蒜
VINEGAR_WORD_STINKY_750,Vinegar,,Vinegar,Stinky,,,,,,,,,,,,,,,,,醋
AMMONIA_WORD_STINKY_750,Ammonia,,Ammonia,Stinky,,,,,,,,,,,,,,,,,氨
SKUNK_WORD_STINKY_750,Skunk,,Skunk,Stinky,,,,,,,,,,,,,,,,,臭鼬
STEEL_WORD_INDUSTRY_751,Steel,,Steel,Industry,Acier,Stahl,Acero,Aço,เหล็กกล้า,Baja,Staal,鉄鋼,Acciaio,Stal,Çelik,Сталь,Oțel,鋼鐵,Stål,Сталь,钢铁
GOODS_WORD_INDUSTRY_751,Goods,,Goods,Industry,Biens,Waren,Bienes,Bens,สินค้า,Barang,Goederen,商品,Merci,Towary,Mallar,Товары,Mărfuri,商品,Varer,Товари,商品
PRODUCE_WORD_INDUSTRY_751,Produce,,Produce,Industry,Production,Produktion,Producción,Produção,ผลิต,Produksi,Producten,製品,Produrre,Produkty,Ürünler,Продукция,Produse,產品,Produkter,Продукція,产品
MEGA_WORD_PREFIX_752,Mega,,Mega,Prefix,Méga,Mega,Mega,Mega,เมกะ,Mega,Mega,メガ,Mega,Mega,Mega,Мега,Mega,百萬倍,Mega,Мега,百万倍
NANO_WORD_PREFIX_752,Nano,,Nano,Prefix,Nano,Nano,Nano,Nano,นาโน,Nano,Nano,ナノ,Nano,Nano,Nano,Нано,Nano,奈米,Nano,Нано,纳米
DECA_WORD_PREFIX_752,Deca,,Deca,Prefix,Déca,Deka,Deca,Deca,เดคา,Deka,Deca,デカ,Deca,Deka,Deka,Дека,Deca,十倍,Deka,Дека,十倍
DUSTY_WORD_FLAWS_753,Dusty,,Dusty,Flaws,,,,,,,,,,,,,,,,,佈滿灰塵
BROKEN_WORD_FLAWS_753,Broken,,Broken,Flaws,,,,,,,,,,,,,,,,,破損
LEAKY_WORD_FLAWS_753,Leaky,,Leaky,Flaws,,,,,,,,,,,,,,,,,漏水
TORN_WORD_FLAWS_753,Torn,,Torn,Flaws,,,,,,,,,,,,,,,,,撕裂
FRAYED_WORD_FLAWS_753,Frayed,,Frayed,Flaws,,,,,,,,,,,,,,,,,磨損
WILTED_WORD_FLAWS_753,Wilted,,Wilted,Flaws,,,,,,,,,,,,,,,,,枯萎
CHIPPED_WORD_FLAWS_753,Chipped,,Chipped,Flaws,,,,,,,,,,,,,,,,,剝落
RICKETY_WORD_FLAWS_753,Rickety,,Rickety,Flaws,,,,,,,,,,,,,,,,,搖搖欲墜
FLORAL_WORD_PERFUME_754,Floral,,Floral,Perfume,,,,,,,,,,,,,,,,,花香
WOODY_WORD_PERFUME_754,Woody,,Woody,Perfume,,,,,,,,,,,,,,,,,木質
FRESH_WORD_PERFUME_754,Fresh,,Fresh,Perfume,,,,,,,,,,,,,,,,,清新
CITRUS_WORD_PERFUME_754,Citrus,,Citrus,Perfume,,,,,,,,,,,,,,,,,柑橘
AMBER_WORD_PERFUME_754,Amber,,Amber,Perfume,,,,,,,,,,,,,,,,,琥珀
CHYPRE_WORD_PERFUME_754,Chypre,,Chypre,Perfume,,,,,,,,,,,,,,,,,柑苔
ORIENTAL_WORD_PERFUME_754,Oriental,,Oriental,Perfume,,,,,,,,,,,,,,,,,東方
MUSK_WORD_PERFUME_754,Musk,,Musk,Perfume,,,,,,,,,,,,,,,,,麝香
MAID_WORD_HOTEL_755,Maid,,Maid,Hotel,,,,,,,,,,,,,,,,,清潔員
ROOM_WORD_HOTEL_755,Room,,Room,Hotel,,,,,,,,,,,,,,,,,房間
BED_WORD_HOTEL_755,Bed,,Bed,Hotel,,,,,,,,,,,,,,,,,床鋪
PORTER_WORD_HOTEL_755,Porter,,Porter,Hotel,,,,,,,,,,,,,,,,,行李員
KEY_CARD_WORD_HOTEL_755,Key card,,Key card,Hotel,,,,,,,,,,,,,,,,,房卡
CHECK_IN_WORD_HOTEL_755,Check-in,,Check-in,Hotel,,,,,,,,,,,,,,,,,辦理入住
PAT_WORD_PHYSICAL_756,Pat,,Pat,Physical,,,,,,,,,,,,,,,,,輕拍
CUDDLE_WORD_PHYSICAL_756,Cuddle,,Cuddle,Physical,,,,,,,,,,,,,,,,,摟抱
FEEL_WORD_PHYSICAL_756,Feel,,Feel,Physical,,,,,,,,,,,,,,,,,觸摸
FRISK_WORD_PHYSICAL_756,Frisk,,Frisk,Physical,,,,,,,,,,,,,,,,,蹦跳
SHOVE_WORD_PHYSICAL_756,Shove,,Shove,Physical,,,,,,,,,,,,,,,,,推擠
SMACK_WORD_PHYSICAL_756,Smack,,Smack,Physical,,,,,,,,,,,,,,,,,掌摑
DENIM_WORD_FABRIC_757,Denim,,Denim,Fabric,,,,,,,,,,,,,,,,,牛仔布
TWEED_WORD_FABRIC_757,Tweed,,Tweed,Fabric,,,,,,,,,,,,,,,,,粗花呢
TARTAN_WORD_FABRIC_757,Tartan,,Tartan,Fabric,,,,,,,,,,,,,,,,,方格花紋
SATIN_WORD_FABRIC_757,Satin,,Satin,Fabric,,,,,,,,,,,,,,,,,緞面
FIRST_WORD_NAME_758,First,,First,Name,,,,,,,,,,,,,,,,,名字
LAST_WORD_NAME_758,Last,,Last,Name,,,,,,,,,,,,,,,,,姓氏
MIDDLE_WORD_NAME_758,Middle,,Middle,Name,,,,,,,,,,,,,,,,,中間名
HOSPITAL_WORD_CURE_759,Hospital,,Hospital,Cure,Hôpital,Krankenhaus,Hospital,Hospital,โรงพยาบาล,Rumah sakit,Ziekenhuis,病院,Ospedale,Szpital,Hastane,Больница,Spital,醫院,Hospital,Лікарня,医院
MEDICINE_WORD_CURE_759,Medicine,,Medicine,Cure,,,,,,,,,,,,,,,,,藥品
DOCTOR_WORD_CURE_759,Doctor,,Doctor,Cure,Médecin,Arzt,Médico,Médico,หมอ,Dokter,Dokter,医者,Dottore,Lekarz,Doktor,Врач,Doctor,醫生,Læge,Лікар,医生
CLOCK_WORD_MORNING_760,Clock,,Clock,Morning,,,,,,,,,,,,,,,,,鬧鐘
MIRROR_WORD_MORNING_760,Mirror,,Mirror,Morning,,,,,,,,,,,,,,,,,鏡子
SUNLIGHT_WORD_MORNING_760,Sunlight,,Sunlight,Morning,,,,,,,,,,,,,,,,,陽光
STRETCH_WORD_MORNING_760,Stretch,,Stretch,Morning,,,,,,,,,,,,,,,,,伸懶腰
BATHROOM_WORD_MORNING_760,Bathroom,,Bathroom,Morning,,,,,,,,,,,,,,,,,浴室
NEWS_WORD_MORNING_760,News,,News,Morning,,,,,,,,,,,,,,,,,新聞
WAKE_WORD_MORNING_760,Wake,,Wake,Morning,,,,,,,,,,,,,,,,,醒來
DRESS_WORD_MORNING_760,Dress,,Dress,Morning,,,,,,,,,,,,,,,,,穿衣
RENAME_WORD_EDITING_761,Rename,,Rename,Editing,,,,,,,,,,,,,,,,,重新命名
COPY_WORD_EDITING_761,Copy,,Copy,Editing,,,,,,,,,,,,,,,,,複製
PASTE_WORD_EDITING_761,Paste,,Paste,Editing,,,,,,,,,,,,,,,,,貼上
DELETE_WORD_EDITING_761,Delete,,Delete,Editing,,,,,,,,,,,,,,,,,刪除
INSERT_WORD_EDITING_761,Insert,,Insert,Editing,,,,,,,,,,,,,,,,,插入
FORMAT_WORD_EDITING_761,Format,,Format,Editing,,,,,,,,,,,,,,,,,格式
SELECT_WORD_EDITING_761,Select,,Select,Editing,,,,,,,,,,,,,,,,,選取
CUT_WORD_EDITING_761,Cut,,Cut,Editing,,,,,,,,,,,,,,,,,剪下
RAMEN_WORD_SOUP_762,Ramen,,Ramen,Soup,,,,,,,,,,,,,,,,,拉麵
GAZPACHO_WORD_SOUP_762,Gazpacho,,Gazpacho,Soup,,,,,,,,,,,,,,,,,西班牙冷湯
TOM_YUM_WORD_SOUP_762,Tom yum,,Tom yum,Soup,,,,,,,,,,,,,,,,,冬蔭功
BORSCHT_WORD_SOUP_762,Borscht,,Borscht,Soup,,,,,,,,,,,,,,,,,羅宋湯
BROTH_WORD_SOUP_762,Broth,,Broth,Soup,,,,,,,,,,,,,,,,,高湯
CHOWDER_WORD_SOUP_762,Chowder,,Chowder,Soup,,,,,,,,,,,,,,,,,雜燴濃湯
GUMBO_WORD_SOUP_762,Gumbo,,Gumbo,Soup,,,,,,,,,,,,,,,,,秋葵湯
BISQUE_WORD_SOUP_762,Bisque,,Bisque,Soup,,,,,,,,,,,,,,,,,法式濃湯
EDISON_WORD_INVENTOR_763,Edison,,Edison,Inventor,,,,,,,,,,,,,,,,,愛迪生
MORSE_WORD_INVENTOR_763,Morse,,Morse,Inventor,,,,,,,,,,,,,,,,,摩斯
NOBEL_WORD_INVENTOR_763,Nobel,,Nobel,Inventor,,,,,,,,,,,,,,,,,諾貝爾
DIESEL_WORD_INVENTOR_763,Diesel,,Diesel,Inventor,Diesel,Diesel,Diésel,Diesel,ดีเซล,Diesel,Diesel,ディーゼル,Diesel,Diesel,Dizel,Дизель,Motorină,柴油,Diesel,Дизель,柴油
PASTEUR_WORD_INVENTOR_763,Pasteur,,Pasteur,Inventor,,,,,,,,,,,,,,,,,巴斯德
BRAILLE_WORD_INVENTOR_763,Braille,,Braille,Inventor,,,,,,,,,,,,,,,,,布萊葉
BELL_WORD_INVENTOR_763,Bell,,Bell,Inventor,,,,,,,,,,,,,,,,,貝爾
FORD_WORD_INVENTOR_763,Ford,,Ford,Inventor,,,,,,,,,,,,,,,,,福特
BRAIN_WORD_BODY_764,Brain,,Brain,Body,,,,,,,,,,,,,,,,,大腦
LUNGS_WORD_BODY_764,Lungs,,Lungs,Body,Poumons,Lungen,Pulmones,Pulmões,ปอด,Paru-paru,Longen,肺,Polmoni,Płuca,Akciğer,Лёгкие,Plămâni,肺,Lunger,Легені,肺
HEART_WORD_BODY_764,Heart,,Heart,Body,Cœur,Herz,Corazón,Coração,หัวใจ,Jantung,Hart,心臓,Cuore,Serce,Kalp,Сердце,Inimă,心臟,Hjerte,Серце,心脏
MUSCLES_WORD_BODY_764,Muscles,,Muscles,Body,,,,,,,,,,,,,,,,,肌肉
BONES_WORD_BODY_764,Bones,,Bones,Body,,,,,,,,,,,,,,,,,骨骼
NERVES_WORD_BODY_764,Nerves,,Nerves,Body,,,,,,,,,,,,,,,,,神經
CHINESE_WORD_LANGUAGE_765,Chinese,,Chinese,Language,,,,,,,,,,,,,,,,,中文
HEBREW_WORD_LANGUAGE_765,Hebrew,,Hebrew,Language,Hébreu,Hebräisch,Hebreo,Hebraico,ฮีบรู,Ibrani,Hebreeuws,ヘブライ語,Ebraico,Hebrajski,İbranice,Иврит,Ebraică,希伯來語,Hebraisk,Іврит,希伯来语
KOREAN_WORD_LANGUAGE_765,Korean,,Korean,Language,,,,,,,,,,,,,,,,,韓文
ENGLISH_WORD_LANGUAGE_765,English,,English,Language,Anglais,Englisch,Inglés,Inglês,อังกฤษ,Inggris,Engels,英語,Inglese,Angielski,İngilizce,Английский,Engleză,英語,Engelsk,Англійська,英语
TURKISH_WORD_LANGUAGE_765,Turkish,,Turkish,Language,,,,,,,,,,,,,,,,,土耳其語
SIAMESE_WORD_BREEDS_766,Siamese,,Siamese,Breeds,Siamois,Siamkatze,Siamés,Siamês,สยาม,Siam,Siamees,シャム猫,Siamese,Syjamski,Siyam,Сиамская,Siameză,暹羅貓,Siameser,Сіамський,暹罗猫
SPHYNX_WORD_BREEDS_766,Sphynx,,Sphynx,Breeds,Sphynx,Sphynx,Sphynx,Sphynx,สฟิงซ์,Sphynx,Sphynx,スフィンクス猫,Sphynx,Sfinks,Sfenks,Сфинкс,Sphynx,斯芬克斯貓,Sfinx,Сфінкс,斯芬克斯猫
BIRMAN_WORD_BREEDS_766,Birman,,Birman,Breeds,Birman,Birma,Birmano,Birmanês,เบอร์แมน,Birman,Birmaan,バーマン猫,Birmano,Birmański,Birman,Бирма,Birmaneză,伯曼貓,Birma,Бірма,伯曼猫
BENGAL_WORD_BREEDS_766,Bengal,,Bengal,Breeds,Bengale,Bengal,Bengalí,Bengal,เบงกอล,Bengal,Bengaal,ベンガル猫,Bengala,Bengalski,Bengal,Бенгальская,Bengal,孟加拉貓,Bengal,Бенгал,孟加拉猫
ANGORA_WORD_BREEDS_766,Angora,,Angora,Breeds,Angora,Angora,Angora,Angora,แองโกรา,Angora,Angora,アンゴラ猫,Angora,Angora,Ankara kedisi,Ангора,Angora,安哥拉貓,Angora,Ангора,安哥拉猫
EERIE_WORD_GHOST_767,Eerie,,Eerie,Ghost,,,,,,,,,,,,,,,,,詭異
HAUNT_WORD_GHOST_767,Haunt,,Haunt,Ghost,,,,,,,,,,,,,,,,,作祟
SPIRIT_WORD_GHOST_767,Spirit,,Spirit,Ghost,,,,,,,,,,,,,,,,,靈魂
PHANTOM_WORD_GHOST_767,Phantom,,Phantom,Ghost,,,,,,,,,,,,,,,,,幻影
ANGRY_WORD_TRAITS_768,Angry,,Angry,Traits,,,,,,,,,,,,,,,,,憤怒
ENVIOUS_WORD_TRAITS_768,Envious,,Envious,Traits,,,,,,,,,,,,,,,,,嫉妒
ARROGANT_WORD_TRAITS_768,Arrogant,,Arrogant,Traits,,,,,,,,,,,,,,,,,傲慢
DANCE_WORD_ARTS_769,Dance,,Dance,Arts,,,,,,,,,,,,,,,,,舞蹈
MUSIC_WORD_ARTS_769,Music,,Music,Arts,,,,,,,,,,,,,,,,,音樂
THEATER_WORD_ARTS_769,Theater,,Theater,Arts,,,,,,,,,,,,,,,,,戲劇
MINI_WORD_SMALL_770,Mini,,Mini,Small,,,,,,,,,,,,,,,,,迷你
MICRO_WORD_SMALL_770,Micro,,Micro,Small,,,,,,,,,,,,,,,,,微觀
TINY_WORD_SMALL_770,Tiny,,Tiny,Small,,,,,,,,,,,,,,,,,極小
LITTLE_WORD_SMALL_770,Little,,Little,Small,,,,,,,,,,,,,,,,,小巧
WEE_WORD_SMALL_770,Wee,,Wee,Small,,,,,,,,,,,,,,,,,微小
PETITE_WORD_SMALL_770,Petite,,Petite,Small,,,,,,,,,,,,,,,,,嬌小
COMPACT_WORD_SMALL_770,Compact,,Compact,Small,,,,,,,,,,,,,,,,,密實
XS_WORD_SMALL_770,XS,,XS,Small,,,,,,,,,,,,,,,,,XS
SMOKE_WORD_BONFIRE_771,Smoke,,Smoke,Bonfire,,,,,,,,,,,,,,,,,煙霧
LOGS_WORD_BONFIRE_771,Logs,,Logs,Bonfire,,,,,,,,,,,,,,,,,木柴
FLAME_WORD_BONFIRE_771,Flame,,Flame,Bonfire,,,,,,,,,,,,,,,,,火焰
EMBERS_WORD_BONFIRE_771,Embers,,Embers,Bonfire,,,,,,,,,,,,,,,,,餘燼
GLAZED_WORD_DONUT_772,Glazed,,Glazed,Donut,,,,,,,,,,,,,,,,,糖漿
ICED_WORD_DONUT_772,Iced,,Iced,Donut,,,,,,,,,,,,,,,,,糖霜
ROUND_WORD_DONUT_772,Round,,Round,Donut,,,,,,,,,,,,,,,,,圓形
POLICE_WORD_CRIME_773,Police,,Police,Crime,,,,,,,,,,,,,,,,,警察
INQUIRY_WORD_CRIME_773,Inquiry,,Inquiry,Crime,Enquête,Anfrage,Consulta,Inquérito,สืบค้น,Penyelidikan,Onderzoek,探求,Indagine,Dochodzenie,Soruşturma,Расследование,Anchetă,調查,Forespørgsel,Запит,调查
ALIBI_WORD_CRIME_773,Alibi,,Alibi,Crime,,,,,,,,,,,,,,,,,不在場證明
DOMINOES_WORD_LEISURE_774,Dominoes,,Dominoes,Leisure,,,,,,,,,,,,,,,,,多米諾骨牌
BINGO_WORD_LEISURE_774,Bingo,,Bingo,Leisure,,,,,,,,,,,,,,,,,賓果
MAHJONG_WORD_LEISURE_774,Mahjong,,Mahjong,Leisure,,,,,,,,,,,,,,,,,麻將
MONOPOLY_WORD_LEISURE_774,Monopoly,,Monopoly,Leisure,,,,,,,,,,,,,,,,,大富翁
PUZZLES_WORD_LEISURE_774,Puzzles,,Puzzles,Leisure,,,,,,,,,,,,,,,,,謎題
FRISBEE_WORD_LEISURE_774,Frisbee,,Frisbee,Leisure,,,,,,,,,,,,,,,,,飛盤
DARTS_WORD_LEISURE_774,Darts,,Darts,Leisure,,,,,,,,,,,,,,,,,飛鏢
UNO_WORD_LEISURE_774,Uno,,Uno,Leisure,,,,,,,,,,,,,,,,,UNO
FORWARD_WORD_WHERE_775,Forward,,Forward,Where,,,,,,,,,,,,,,,,,前
LEFT_WORD_WHERE_775,Left,,Left,Where,,,,,,,,,,,,,,,,,左
RIGHT_WORD_WHERE_775,Right,,Right,Where,,,,,,,,,,,,,,,,,右
EAST_WORD_WHERE_775,East,,East,Where,,,,,,,,,,,,,,,,,東
NORTH_WORD_WHERE_775,North,,North,Where,,,,,,,,,,,,,,,,,北
DOWN_WORD_WHERE_775,Down,,Down,Where,,,,,,,,,,,,,,,,,下
UP_WORD_WHERE_775,Up,,Up,Where,,,,,,,,,,,,,,,,,上
BACKWARD_WORD_WHERE_775,Backward,,Backward,Where,,,,,,,,,,,,,,,,,後
MOUNT_WORD_OLYMPUS_776,Mount,,Mount,Olympus,,,,,,,,,,,,,,,,,山峰
GODS_WORD_OLYMPUS_776,Gods,,Gods,Olympus,,,,,,,,,,,,,,,,,眾神
ZEUS_WORD_OLYMPUS_776,Zeus,,Zeus,Olympus,,,,,,,,,,,,,,,,,宙斯
IMMORTAL_WORD_OLYMPUS_776,Immortal,,Immortal,Olympus,,,,,,,,,,,,,,,,,不朽
MYTHS_WORD_OLYMPUS_776,Myths,,Myths,Olympus,,,,,,,,,,,,,,,,,神話
PANTHEON_WORD_OLYMPUS_776,Pantheon,,Pantheon,Olympus,,,,,,,,,,,,,,,,,萬神殿
PALMS_WORD_TROPICS_777,Palms,,Palms,Tropics,,,,,,,,,,,,,,,,,棕櫚
LAGOON_WORD_TROPICS_777,Lagoon,,Lagoon,Tropics,,,,,,,,,,,,,,,,,潟湖
CORAL_WORD_TROPICS_777,Coral,,Coral,Tropics,,,,,,,,,,,,,,,,,珊瑚
COCONUT_WORD_TROPICS_777,Coconut,,Coconut,Tropics,,,,,,,,,,,,,,,,,椰子
SANDPIT_WORD_YARD_778,Sandpit,,Sandpit,Yard,,,,,,,,,,,,,,,,,沙坑
SEESAW_WORD_YARD_778,Seesaw,,Seesaw,Yard,,,,,,,,,,,,,,,,,蹺蹺板
SLIDE_WORD_YARD_778,Slide,,Slide,Yard,,,,,,,,,,,,,,,,,滑梯
SWING_WORD_YARD_778,Swing,,Swing,Yard,,,,,,,,,,,,,,,,,盪鞦韆
NILE_WORD_RIVERS_779,Nile,,Nile,Rivers,Nil,Nil,Nilo,Nilo,ไนล์,Nil,Nijl,ナイル川,Nilo,Nil,Nil,Нил,Nil,尼羅河,Nilen,Ніл,尼罗河
AMAZON_WORD_RIVERS_779,Amazon,,Amazon,Rivers,Amazone,Amazonas,Amazonas,Amazonas,แอมะซอน,Amazon,Amazone,アマゾン川,Amazzoni,Amazonka,Amazon,Амазонка,Amazon,亞馬遜河,Amazonas,Амазонка,亚马逊河
HUDSON_WORD_RIVERS_779,Hudson,,Hudson,Rivers,Hudson,Hudson,Hudson,Hudson,ฮัดสัน,Hudson,Hudson,ハドソン川,Hudson,Hudson,Hudson,Гудзон,Hudson,哈德遜河,Hudson,Гудзон,哈德逊河
VACANCY_WORD_WORK_780,Vacancy,,Vacancy,Work,,,,,,,,,,,,,,,,,空缺
SALARY_WORD_WORK_780,Salary,,Salary,Work,,,,,,,,,,,,,,,,,薪金
STAFFER_WORD_WORK_780,Staffer,,Staffer,Work,,,,,,,,,,,,,,,,,職員
DEAR_WORD_NICKNAME_781,Dear,,Dear,Nickname,,,,,,,,,,,,,,,,,親愛的
HONEY_WORD_NICKNAME_781,Honey,,Honey,Nickname,,,,,,,,,,,,,,,,,寶貝
SWEETIE_WORD_NICKNAME_781,Sweetie,,Sweetie,Nickname,,,,,,,,,,,,,,,,,甜心
DARLING_WORD_NICKNAME_781,Darling,,Darling,Nickname,,,,,,,,,,,,,,,,,寵兒
BABE_WORD_NICKNAME_781,Babe,,Babe,Nickname,,,,,,,,,,,,,,,,,寶寶
SUGAR_WORD_NICKNAME_781,Sugar,,Sugar,Nickname,,,,,,,,,,,,,,,,,糖糖
MUNCHKIN_WORD_NICKNAME_781,Munchkin,,Munchkin,Nickname,,,,,,,,,,,,,,,,,小可愛
SUNSHINE_WORD_NICKNAME_781,Sunshine,,Sunshine,Nickname,,,,,,,,,,,,,,,,,小陽光
LULLABY_WORD_SLEEP_782,Lullaby,,Lullaby,Sleep,,,,,,,,,,,,,,,,,搖籃曲
BED_WORD_SLEEP_782,Bed,,Bed,Sleep,,,,,,,,,,,,,,,,,床
REST_WORD_SLEEP_782,Rest,,Rest,Sleep,,,,,,,,,,,,,,,,,休息
NIGHT_WORD_SLEEP_782,Night,,Night,Sleep,,,,,,,,,,,,,,,,,夜晚
DREAMS_WORD_SLEEP_782,Dreams,,Dreams,Sleep,,,,,,,,,,,,,,,,,夢境
PAJAMAS_WORD_SLEEP_782,Pajamas,,Pajamas,Sleep,,,,,,,,,,,,,,,,,睡衣
PILLOW_WORD_SLEEP_782,Pillow,,Pillow,Sleep,,,,,,,,,,,,,,,,,枕頭
DARK_WORD_SLEEP_782,Dark,,Dark,Sleep,,,,,,,,,,,,,,,,,黑暗
PLANET_WORD_MARS_783,Planet,,Planet,Mars,,,,,,,,,,,,,,,,,星球
RED_WORD_MARS_783,Red,,Red,Mars,,,,,,,,,,,,,,,,,赤紅
PHOBOS_WORD_MARS_783,Phobos,,Phobos,Mars,,,,,,,,,,,,,,,,,火衛一
DEIMOS_WORD_MARS_783,Deimos,,Deimos,Mars,,,,,,,,,,,,,,,,,戴火衛二
IRON_WORD_MARS_783,Iron,,Iron,Mars,,,,,,,,,,,,,,,,,鐵
GOD_WORD_MARS_783,God,,God,Mars,,,,,,,,,,,,,,,,,戰神
STRIKE_WORD_BOWLING_784,Strike,,Strike,Bowling,,,,,,,,,,,,,,,,,全倒
GUTTER_WORD_BOWLING_784,Gutter,,Gutter,Bowling,,,,,,,,,,,,,,,,,溝槽
PINS_WORD_BOWLING_784,Pins,,Pins,Bowling,,,,,,,,,,,,,,,,,球瓶
SPARE_WORD_BOWLING_784,Spare,,Spare,Bowling,,,,,,,,,,,,,,,,,補中
ALLEY_WORD_BOWLING_784,Alley,,Alley,Bowling,,,,,,,,,,,,,,,,,球道
SPLIT_WORD_BOWLING_784,Split,,Split,Bowling,,,,,,,,,,,,,,,,,技術球
GROOVE_WORD_DISCO_785,Groove,,Groove,Disco,,,,,,,,,,,,,,,,,律動
BEAT_WORD_DISCO_785,Beat,,Beat,Disco,,,,,,,,,,,,,,,,,節拍
DANCER_WORD_DISCO_785,Dancer,,Dancer,Disco,,,,,,,,,,,,,,,,,舞者
CLUB_WORD_DISCO_785,Club,,Club,Disco,,,,,,,,,,,,,,,,,夜店
THRILLER_WORD_FILMS_786,Thriller,,Thriller,Films,,,,,,,,,,,,,,,,,驚悚片
COMEDY_WORD_FILMS_786,Comedy,,Comedy,Films,Comédie,Komödie,Comedia,Comédia,ตลก,Komedi,Komedie,コメディ,Commedia,Komedia,Komedi,Комедия,Comedie,喜劇片,Komedie,Комедія,喜剧片
ACTION_WORD_FILMS_786,Action,,Action,Films,Action,Action,Acción,Ação,แอ็คชั่น,Aksi,Actie,アクション,Azione,Akcja,Aksiyon,Боевик,Acțiune,動作片,Action,Дія,动作片
ROMANCE_WORD_FILMS_786,Romance,,Romance,Films,Romance,Romanze,Romance,Romance,โรแมนติก,Romansa,Romantiek,ロマンス,Romantico,Romans,Romantik,Романтика,Romantism,愛情片,Romantik,Романтика,爱情片
SURF_WORD_COAST_787,Surf,,Surf,Coast,Surf,Surfen,Surf,Surf,คลื่น,Selancar,Branding,サーフィン,Surf,Fala,Sörf,Прибой,Surf,衝浪,Surf,Серфінг,冲浪
BEACH_WORD_COAST_787,Beach,,Beach,Coast,Plage,Strand,Playa,Praia,ชายหาด,Pesisir,Strand,ビーチ,Spiaggia,Plaża,Plaj,Пляж,Plajă,海灘,Strand,Пляж,海滩
CLIFF_WORD_COAST_787,Cliff,,Cliff,Coast,Falaise,Klippe,Acantilado,Falésia,หน้าผา,Tebing,Klif,崖,Scogliera,Klif,Uçurum,Утёс,Faleza,懸崖,Klippe,Скеля,悬崖
ARIEL_WORD_MERMAID_788,Ariel,,Ariel,Mermaid,,,,,,,,,,,,,,,,,愛麗兒
TAIL_WORD_MERMAID_788,Tail,,Tail,Mermaid,,,,,,,,,,,,,,,,,魚尾
COMB_WORD_MERMAID_788,Comb,,Comb,Mermaid,,,,,,,,,,,,,,,,,迪士尼
PARIS_WORD_FRANCE_789,Paris,,Paris,France,,,,,,,,,,,,,,,,,巴黎
CUISINE_WORD_FRANCE_789,Cuisine,,Cuisine,France,Cuisine,Küche,Cocina,Culinária,นักสุขนิยม,Pecinta nikmat,Keuken,享楽家,Sibarita,Sybaryta,Zevk düşkünü,Сибарит,Bucătărie,美食,Køkken,Кухня,美食
EIFFEL_WORD_FRANCE_789,Eiffel,,Eiffel,France,,,,,,,,,,,,,,,,,艾菲爾
BERET_WORD_FRANCE_789,Beret,,Beret,France,,,,,,,,,,,,,,,,,貝雷帽
LOUVRE_WORD_FRANCE_789,Louvre,,Louvre,France,,,,,,,,,,,,,,,,,羅浮宮
AMELIE_WORD_FRANCE_789,Amelie,,Amelie,France,,,,,,,,,,,,,,,,,艾蜜莉
NAPOLEON_WORD_FRANCE_789,Napoleon,,Napoleon,France,,,,,,,,,,,,,,,,,拿破崙
BORDEAUX_WORD_FRANCE_789,Bordeaux,,Bordeaux,France,,,,,,,,,,,,,,,,,波爾多
HORSES_WORD_WESTERN_790,Horses,,Horses,Western,,,,,,,,,,,,,,,,,馬匹
COWBOYS_WORD_WESTERN_790,Cowboys,,Cowboys,Western,,,,,,,,,,,,,,,,,牛仔
LASSO_WORD_WESTERN_790,Lasso,,Lasso,Western,Lasso,Lasso,Lazo,Laço,บ่วงบาศก์,Laso,Lasso,投げ縄,Lazo,Lasso,Kement,Лассо,Lasso,套索,Lasso,Ласо,套索
CHASE_WORD_WESTERN_790,Chase,,Chase,Western,,,,,,,,,,,,,,,,,追逐
SALOON_WORD_WESTERN_790,Saloon,,Saloon,Western,Saloon,Saloon,Salón,Saloon,ซาลูน,Salun,Saloon,サルーン,Saloon,Saloon,Saloon,Салун,Saloon,酒館,Saloon,Салон,酒馆
SHERIFF_WORD_WESTERN_790,Sheriff,,Sheriff,Western,Shérif,Sheriff,Sheriff,Xerife,นายอำเภอ,Sheriff,Sheriff,保安官,Sceriffo,Szeryf,Şerif,Шериф,Șerif,警長,Sheriff,Шериф,警长
PRAIRIE_WORD_WESTERN_790,Prairie,,Prairie,Western,,,,,,,,,,,,,,,,,大草原
CACTI_WORD_WESTERN_790,Cacti,,Cacti,Western,,,,,,,,,,,,,,,,,仙人掌
NIGHT_WORD_24_HOURS_791,Night,,Night,24 hours,,,,,,,,,,,,,,,,,夜晚
EVENING_WORD_24_HOURS_791,Evening,,Evening,24 hours,,,,,,,,,,,,,,,,,傍晚
MORNING_WORD_24_HOURS_791,Morning,,Morning,24 hours,,,,,,,,,,,,,,,,,早晨
NOON_WORD_24_HOURS_791,Noon,,Noon,24 hours,,,,,,,,,,,,,,,,,正午
DAWN_WORD_24_HOURS_791,Dawn,,Dawn,24 hours,,,,,,,,,,,,,,,,,黎明
MIDDAY_WORD_24_HOURS_791,Midday,,Midday,24 hours,,,,,,,,,,,,,,,,,中午
MIDNIGHT_WORD_24_HOURS_791,Midnight,,Midnight,24 hours,,,,,,,,,,,,,,,,,午夜
TWILIGHT_WORD_24_HOURS_791,Twilight,,Twilight,24 hours,,,,,,,,,,,,,,,,,暮色
TUESDAY_WORD_WEEK_792,Tuesday,,Tuesday,Week,,,,,,,,,,,,,,,,,星期二
SUNDAY_WORD_WEEK_792,Sunday,,Sunday,Week,,,,,,,,,,,,,,,,,星期日
FRIDAY_WORD_WEEK_792,Friday,,Friday,Week,,,,,,,,,,,,,,,,,星期五
THURSDAY_WORD_WEEK_792,Thursday,,Thursday,Week,,,,,,,,,,,,,,,,,星期四
MONDAY_WORD_WEEK_792,Monday,,Monday,Week,,,,,,,,,,,,,,,,,星期一
SATURDAY_WORD_WEEK_792,Saturday,,Saturday,Week,,,,,,,,,,,,,,,,,星期六
HORN_WORD_UNICORN_793,Horn,,Horn,Unicorn,,,,,,,,,,,,,,,,,角
HOOF_WORD_UNICORN_793,Hoof,,Hoof,Unicorn,,,,,,,,,,,,,,,,,蹄
MANE_WORD_UNICORN_793,Mane,,Mane,Unicorn,,,,,,,,,,,,,,,,,鬃毛
TAIL_WORD_UNICORN_793,Tail,,Tail,Unicorn,,,,,,,,,,,,,,,,,尾巴
SUMMER_WORD_JULY_794,Summer,,Summer,July,Été,Sommer,Verano,Verão,ฤดูร้อน,Panas,Zomer,夏,Estate,Lato,Yaz,Лето,Vară,夏天,Sommer,Літо,夏天
TAN_WORD_JULY_794,Tan,,Tan,July,,,,,,,,,,,,,,,,,曬黑
BAREFOOT_WORD_JULY_794,Barefoot,,Barefoot,July,,,,,,,,,,,,,,,,,赤腳
BUNNY_WORD_EASTER_795,Bunny,,Bunny,Easter,,,,,,,,,,,,,,,,,兔子
BASKET_WORD_EASTER_795,Basket,,Basket,Easter,,,,,,,,,,,,,,,,,彩蛋籃
EGG_HUNT_WORD_EASTER_795,Egg hunt,,Egg hunt,Easter,,,,,,,,,,,,,,,,,尋蛋遊戲
LEAD_WORD_ACTORS_796,Lead,,Lead,Actors,,,,,,,,,,,,,,,,,主角
STUNTMAN_WORD_ACTORS_796,Stuntman,,Stuntman,Actors,,,,,,,,,,,,,,,,,特技替身
FAME_WORD_ACTORS_796,Fame,,Fame,Actors,,,,,,,,,,,,,,,,,人氣
ACT_WORD_ACTORS_796,Act,,Act,Actors,Acte,Akt,Acto,Ato,องก์,Babak,Bedrijf,幕,Atto,Akt,Perde,Акт,Act,幕,Akt,Акт,幕
PERFORM_WORD_ACTORS_796,Perform,,Perform,Actors,,,,,,,,,,,,,,,,,演出
PLAY_WORD_ACTORS_796,Play,,Play,Actors,,,,,,,,,,,,,,,,,配角
PRETEND_WORD_ACTORS_796,Pretend,,Pretend,Actors,,,,,,,,,,,,,,,,,入戲
REHEARSE_WORD_ACTORS_796,Rehearse,,Rehearse,Actors,,,,,,,,,,,,,,,,,排練
RACKET_WORD_NET_797,Racket,,Racket,Net,,,,,,,,,,,,,,,,,球拍
CAGE_WORD_NET_797,Cage,,Cage,Net,,,,,,,,,,,,,,,,,籠子
TRAP_WORD_NET_797,Trap,,Trap,Net,,,,,,,,,,,,,,,,,陷阱網
HAIRNET_WORD_NET_797,Hairnet,,Hairnet,Net,,,,,,,,,,,,,,,,,髮網
WEB_WORD_NET_797,Web,,Web,Net,,,,,,,,,,,,,,,,,蜘蛛網
TRAWL_WORD_NET_797,Trawl,,Trawl,Net,,,,,,,,,,,,,,,,,拖網
MESH_WORD_NET_797,Mesh,,Mesh,Net,,,,,,,,,,,,,,,,,網格
PLAYPEN_WORD_NET_797,Playpen,,Playpen,Net,Parc,Laufstall,Corralito,Cercadinho,คอกเด็ก,Arena bermain,Box,ベビーサークル,Box,Kojec,Oyun parkı,Манеж,Țarc,嬰兒圍欄,Kravlegård,Манеж,婴儿围栏
CLEANSER_WORD_SKINCARE_798,Cleanser,,Cleanser,Skincare,Nettoyant,Reiniger,Limpiador,Limpador,คลีนเซอร์,Pembersih,Reiniger,洗顔料,Detergente,Żel myjący,Temizleyici,Очищающее,Demachiant,潔面乳,Rensemiddel,Очищувач,洁面乳
TONER_WORD_SKINCARE_798,Toner,,Toner,Skincare,Tonique,Toner,Tónico,Tônico,โทนเนอร์,Toner,Toner,化粧水,Tonico,Tonik,Tonik,Тоник,Toner,化妝水,Toner,Тонер,化妆水
SERUM_WORD_SKINCARE_798,Serum,,Serum,Skincare,Sérum,Serum,Sérum,Sérum,เซรั่ม,Serum,Serum,美容液,Siero,Serum,Serum,Сыворотка,Ser,精華液,Serum,Сироватка,精华液
TEXTURE_WORD_SKINCARE_798,Texture,,Texture,Skincare,Texture,Textur,Textura,Textura,เนื้อผิว,Tekstur,Textuur,肌質,Texture,Tekstura,Doku,Текстура,Textură,質地,Tekstur,Текстура,质地
PORES_WORD_SKINCARE_798,Pores,,Pores,Skincare,Pores,Poren,Poros,Poros,รูขุมขน,Pori-pori,Poriën,毛穴,Pori,Pory,Gözenekler,Поры,Pori,毛孔,Porer,Пори,毛孔
RETINOL_WORD_SKINCARE_798,Retinol,,Retinol,Skincare,Rétinol,Retinol,Retinol,Retinol,เรตินอล,Retinol,Retinol,レチノール,Retinolo,Retinol,Retinol,Ретинол,Retinol,視黃醇,Retinol,Ретинол,视黄醇
PEPTIDES_WORD_SKINCARE_798,Peptides,,Peptides,Skincare,Peptides,Peptide,Péptidos,Peptídeos,เปปไทด์,Peptida,Peptiden,ペプチド,Peptidi,Peptydy,Peptitler,Пептиды,Peptide,胜肽,Peptider,Пептиди,胜肽
BLEMISH_WORD_SKINCARE_798,Blemish,,Blemish,Skincare,Imperfection,Makel,Imperfección,Imperfeição,จุดด่างดำ,Noda,Onzuiverheid,シミ,Imperfezione,Skaza,Leke,Пятно,Imperfecțiune,瑕疵,Plet,Пляма,瑕疵
REDUCED_WORD_PRICE_799,Reduced,,Reduced,Price,,,,,,,,,,,,,,,,,降價
INFLATED_WORD_PRICE_799,Inflated,,Inflated,Price,,,,,,,,,,,,,,,,,漲價
FAIR_WORD_PRICE_799,Fair,,Fair,Price,,,,,,,,,,,,,,,,,合理價格
ELEVATED_WORD_PRICE_799,Elevated,,Elevated,Price,,,,,,,,,,,,,,,,,價格上升
FINAL_WORD_PRICE_799,Final,,Final,Price,,,,,,,,,,,,,,,,,最終價格
FIXED_WORD_PRICE_799,Fixed,,Fixed,Price,,,,,,,,,,,,,,,,,固定價格
MELANIN_WORD_PIGMENT_800,Melanin,,Melanin,Pigment,,,,,,,,,,,,,,,,,黑色素
CAROTENE_WORD_PIGMENT_800,Carotene,,Carotene,Pigment,,,,,,,,,,,,,,,,,胡蘿蔔素
BEETROOT_WORD_PIGMENT_800,Beetroot,,Beetroot,Pigment,,,,,,,,,,,,,,,,,甜菜根
TURMERIC_WORD_PIGMENT_800,Turmeric,,Turmeric,Pigment,,,,,,,,,,,,,,,,,薑黃
SAFFRON_WORD_PIGMENT_800,Saffron,,Saffron,Pigment,,,,,,,,,,,,,,,,,藏紅花
OCHRE_WORD_PIGMENT_800,Ochre,,Ochre,Pigment,,,,,,,,,,,,,,,,,赭石
DOWNLOAD_WORD_APPS_801,Download,,Download,Apps,,,,,,,,,,,,,,,,,下載
BACKUP_WORD_APPS_801,Backup,,Backup,Apps,,,,,,,,,,,,,,,,,備份
UPDATE_WORD_APPS_801,Update,,Update,Apps,,,,,,,,,,,,,,,,,更新
VERIFY_WORD_APPS_801,Verify,,Verify,Apps,,,,,,,,,,,,,,,,,驗證
SYNC_WORD_APPS_801,Sync,,Sync,Apps,,,,,,,,,,,,,,,,,同步
CORAL_WORD_CRUISE_802,Coral,,Coral,Cruise,,,,,,,,,,,,,,,,,珊瑚礁
TROPICS_WORD_CRUISE_802,Tropics,,Tropics,Cruise,,,,,,,,,,,,,,,,,熱帶島嶼
GLACIER_WORD_CRUISE_802,Glacier,,Glacier,Cruise,,,,,,,,,,,,,,,,,冰川
HARBOR_WORD_CRUISE_802,Harbor,,Harbor,Cruise,,,,,,,,,,,,,,,,,港口
SHORE_WORD_CRUISE_802,Shore,,Shore,Cruise,,,,,,,,,,,,,,,,,海岸
SIT_IN_WORD_PROTEST_803,Sit-in,,Sit-in,Protest,,,,,,,,,,,,,,,,,靜坐
CHANT_WORD_PROTEST_803,Chant,,Chant,Protest,,,,,,,,,,,,,,,,,口號
CROWD_WORD_PROTEST_803,Crowd,,Crowd,Protest,,,,,,,,,,,,,,,,,群眾
FREEDOM_WORD_PROTEST_803,Freedom,,Freedom,Protest,Liberté,Freiheit,Libertad,Liberdade,เสรีภาพ,Kebebasan,Vrijheid,自由,Libertà,Wolność,Özgürlük,Свобода,Libertate,自由,Frihed,Свобода,自由
UNREST_WORD_PROTEST_803,Unrest,,Unrest,Protest,,,,,,,,,,,,,,,,,暴動
ROMANOV_WORD_DYNASTY_804,Romanov,,Romanov,Dynasty,Romanov,Romanow,Románov,Romanov,โรมานอฟ,Romanov,Romanov,ロマノフ,Romanov,Romanowowie,Romanov,Романовы,Romanov,羅曼諾夫,Romanov,Романов,罗曼诺夫
TUDOR_WORD_DYNASTY_804,Tudor,,Tudor,Dynasty,Tudor,Tudor,Tudor,Tudor,ทิวดอร์,Tudor,Tudor,チューダー,Tudor,Tudorowie,Tudor,Тюдоры,Tudor,都鐸,Tudor,Тюдор,都铎
KENNEDY_WORD_DYNASTY_804,Kennedy,,Kennedy,Dynasty,,,,,,,,,,,,,,,,,鄂圖曼王朝
BOURBON_WORD_DYNASTY_804,Bourbon,,Bourbon,Dynasty,Bourbon,Bourbon,Bourbon,Bourbon,บูร์บง,Bourbon,Bourbon,ブルボン,Borbone,Burbonowie,Bourbon,Бурбоны,Bourbon,波旁,Bourbon,Бурбон,波旁
MIME_WORD_COSTUME_805,Mime,,Mime,Costume,,,,,,,,,,,,,,,,,默劇
SPY_WORD_COSTUME_805,Spy,,Spy,Costume,,,,,,,,,,,,,,,,,間諜
COSPLAY_WORD_COSTUME_805,Cosplay,,Cosplay,Costume,,,,,,,,,,,,,,,,,角色扮演
MODEL_WORD_COSTUME_805,Model,,Model,Costume,Modèle,Modell,Modelo,Modelo,เมทริกซ์,Matriks,Model,マトリックス,Matrice,Macierz,Matris,Матрица,Model,模型,Model,Модель,模型
SAW_WORD_CHAIN_806,saw,,saw,Chain,,,,,,,,,,,,,,,,,鏈鋸
SWING_WORD_CHAIN_806,Swing,,Swing,Chain,,,,,,,,,,,,,,,,,鞦韆
ANCHOR_WORD_CHAIN_806,Anchor,,Anchor,Chain,,,,,,,,,,,,,,,,,錨
CAREER_WORD_WORKER_807,Career,,Career,Worker,,,,,,,,,,,,,,,,,職涯
WORKSHOP_WORD_WORKER_807,Workshop,,Workshop,Worker,,,,,,,,,,,,,,,,,工作坊
SHIFT_WORD_WORKER_807,Shift,,Shift,Worker,,,,,,,,,,,,,,,,,輪班
CLERK_WORD_WORKER_807,Clerk,,Clerk,Worker,,,,,,,,,,,,,,,,,文員
FARMER_WORD_WORKER_807,Farmer,,Farmer,Worker,,,,,,,,,,,,,,,,,農夫
ARTISAN_WORD_WORKER_807,Artisan,,Artisan,Worker,,,,,,,,,,,,,,,,,工匠
OFFICE_WORD_WORKER_807,Office,,Office,Worker,,,,,,,,,,,,,,,,,辦公室
TASKS_WORD_WORKER_807,Tasks,,Tasks,Worker,,,,,,,,,,,,,,,,,任務
NOTEBOOK_WORD_STUDENT_808,Notebook,,Notebook,Student,,,,,,,,,,,,,,,,,筆記本
PENCILS_WORD_STUDENT_808,Pencils,,Pencils,Student,,,,,,,,,,,,,,,,,鉛筆
PENS_WORD_STUDENT_808,Pens,,Pens,Student,,,,,,,,,,,,,,,,,圓珠筆
TEXTBOOK_WORD_STUDENT_808,Textbook,,Textbook,Student,,,,,,,,,,,,,,,,,教科書
GRAY_WORD_WOLF_809,Gray,,Gray,Wolf,,,,,,,,,,,,,,,,,灰色
RUTHLESS_WORD_WOLF_809,Ruthless,,Ruthless,Wolf,,,,,,,,,,,,,,,,,冷酷
FURRY_WORD_WOLF_809,Furry,,Furry,Wolf,,,,,,,,,,,,,,,,,毛茸茸
STAGE_WORD_DRAMA_810,Stage,,Stage,Drama,,,,,,,,,,,,,,,,,舞台
ACTOR_WORD_DRAMA_810,Actor,,Actor,Drama,Acteur,Schauspieler,Actor,Ator,นักแสดง,Aktor,Acteur,俳優,Attore,Aktor,Aktör,Актёр,Actor,演員,Skuespiller,Актор,演员
SHOW_WORD_DRAMA_810,Show,,Show,Drama,,,,,,,,,,,,,,,,,演出
PREMIERE_WORD_DRAMA_810,Premiere,,Premiere,Drama,,,,,,,,,,,,,,,,,首演
TWIST_WORD_DRAMA_810,Twist,,Twist,Drama,,,,,,,,,,,,,,,,,轉折
EDITING_WORD_DRAMA_810,Editing,,Editing,Drama,,,,,,,,,,,,,,,,,剪輯
SERIES_WORD_DRAMA_810,Series,,Series,Drama,,,,,,,,,,,,,,,,,劇集
DIALOGUE_WORD_DRAMA_810,Dialogue,,Dialogue,Drama,Dialogue,Dialog,Diálogo,Diálogo,บทสนทนา,Dialog,Dialoog,対話,Dialogo,Dialog,Diyalog,Диалог,Dialog,對話,Dialog,Діалог,对话
PAVEMENT_WORD_ROADS_811,Pavement,,Pavement,Roads,,,,,,,,,,,,,,,,,路面
ASPHALT_WORD_ROADS_811,Asphalt,,Asphalt,Roads,,,,,,,,,,,,,,,,,瀝青
CURB_WORD_ROADS_811,Curb,,Curb,Roads,,,,,,,,,,,,,,,,,路緣
SIDEWALK_WORD_ROADS_811,Sidewalk,,Sidewalk,Roads,,,,,,,,,,,,,,,,,人行道
TAXI_WORD_ROADS_811,Taxi,,Taxi,Roads,,,,,,,,,,,,,,,,,計程車
ROUTE_WORD_ROADS_811,Route,,Route,Roads,,,,,,,,,,,,,,,,,路線
DRIVEWAY_WORD_ROADS_811,Driveway,,Driveway,Roads,,,,,,,,,,,,,,,,,車道
MILEAGE_WORD_ROADS_811,Mileage,,Mileage,Roads,,,,,,,,,,,,,,,,,里程
CALL_WORD_PHONES_812,Call,,Call,Phones,,,,,,,,,,,,,,,,,撥打
CHAT_WORD_PHONES_812,Chat,,Chat,Phones,,,,,,,,,,,,,,,,,聊天
TEXT_WORD_PHONES_812,Text,,Text,Phones,Texte,Text,Texto,Texto,เท็กซ์,Teks,Tekst,テキスト,Testo,Tekst,Metin,Текст,Text,文字,Tekst,Текст,文本
MESSAGE_WORD_PHONES_812,Message,,Message,Phones,,,,,,,,,,,,,,,,,訊息
SEARCH_WORD_PHONES_812,Search,,Search,Phones,,,,,,,,,,,,,,,,,搜尋
SWIPE_WORD_PHONES_812,Swipe,,Swipe,Phones,,,,,,,,,,,,,,,,,滑動
PROTON_WORD_ATOM_813,Proton,,Proton,Atom,Proton,Proton,Protón,Próton,โปรตอน,Proton,Proton,陽子,Protone,Proton,Proton,Протон,Proton,質子,Proton,Протон,质子
NEUTRON_WORD_ATOM_813,Neutron,,Neutron,Atom,Neutron,Neutron,Neutrón,Nêutron,นิวตรอน,Neutron,Neutron,中性子,Neutrone,Neutron,Nötron,Нейтрон,Neutron,中子,Neutron,Нейтрон,中子
MOLECULE_WORD_ATOM_813,Molecule,,Molecule,Atom,,,,,,,,,,,,,,,,,分子
NUCLEUS_WORD_ATOM_813,Nucleus,,Nucleus,Atom,,,,,,,,,,,,,,,,,原子核
ISOTOPE_WORD_ATOM_813,Isotope,,Isotope,Atom,,,,,,,,,,,,,,,,,同位素
PARTICLE_WORD_ATOM_813,Particle,,Particle,Atom,,,,,,,,,,,,,,,,,粒子
CONTACT_WORD_VIRUS_814,Contact,,Contact,Virus,,,,,,,,,,,,,,,,,接觸
ANTIBODY_WORD_VIRUS_814,Antibody,,Antibody,Virus,,,,,,,,,,,,,,,,,抗體
LAB_COAT_WORD_VIRUS_814,Lab coat,,Lab coat,Virus,,,,,,,,,,,,,,,,,實驗袍
TESTING_WORD_VIRUS_814,Testing,,Testing,Virus,,,,,,,,,,,,,,,,,檢測
CONQUEST_WORD_EMPIRE_815,Conquest,,Conquest,Empire,,,,,,,,,,,,,,,,,征服
LEGION_WORD_EMPIRE_815,Legion,,Legion,Empire,,,,,,,,,,,,,,,,,軍團
DYNASTY_WORD_EMPIRE_815,Dynasty,,Dynasty,Empire,,,,,,,,,,,,,,,,,王朝
THRONE_WORD_EMPIRE_815,Throne,,Throne,Empire,,,,,,,,,,,,,,,,,王位
MUFFINS_WORD_BAKER_816,Muffins,,Muffins,Baker,,,,,,,,,,,,,,,,,瑪芬
CUPCAKES_WORD_BAKER_816,Cupcakes,,Cupcakes,Baker,,,,,,,,,,,,,,,,,杯子蛋糕
BROWNIES_WORD_BAKER_816,Brownies,,Brownies,Baker,,,,,,,,,,,,,,,,,布朗尼
HEART_WORD_ORGAN_817,Heart,,Heart,Organ,Cœur,Herz,Corazón,Coração,หัวใจ,Jantung,Hart,心臓,Cuore,Serce,Kalp,Сердце,Inimă,心臟,Hjerte,Серце,心脏
OVARIES_WORD_ORGAN_817,Ovaries,,Ovaries,Organ,,,,,,,,,,,,,,,,,卵巢
THYMUS_WORD_ORGAN_817,Thymus,,Thymus,Organ,,,,,,,,,,,,,,,,,胸腺
KIDNEYS_WORD_ORGAN_817,Kidneys,,Kidneys,Organ,,,,,,,,,,,,,,,,,腎臟
APPENDIX_WORD_ORGAN_817,Appendix,,Appendix,Organ,,,,,,,,,,,,,,,,,闌尾
VEIN_WORD_ORGAN_817,Vein,,Vein,Organ,,,,,,,,,,,,,,,,,靜脈
ARTERY_WORD_ORGAN_817,Artery,,Artery,Organ,,,,,,,,,,,,,,,,,動脈
AORTA_WORD_ORGAN_817,Aorta,,Aorta,Organ,,,,,,,,,,,,,,,,,主動脈
PAINTING_WORD_GALLERY_818,Painting,,Painting,Gallery,Peinture,Gemälde,Pintura,Pintura,จิตรกรรม,Lukisan,Schilderij,絵画,Dipinto,Obraz,Tablo,Картина,Pictură,繪畫,Maleri,Картина,绘画
CANVAS_WORD_GALLERY_818,Canvas,,Canvas,Gallery,,,,,,,,,,,,,,,,,畫布
FRAME_WORD_GALLERY_818,Frame,,Frame,Gallery,,,,,,,,,,,,,,,,,畫框
PORTRAIT_WORD_GALLERY_818,Portrait,,Portrait,Gallery,,,,,,,,,,,,,,,,,肖像
STYLE_WORD_GALLERY_818,Style,,Style,Gallery,,,,,,,,,,,,,,,,,風格
OBSERVER_WORD_GALLERY_818,Observer,,Observer,Gallery,,,,,,,,,,,,,,,,,觀察者
VIEWER_WORD_GALLERY_818,Viewer,,Viewer,Gallery,,,,,,,,,,,,,,,,,觀眾
PEDESTAL_WORD_GALLERY_818,Pedestal,,Pedestal,Gallery,,,,,,,,,,,,,,,,,展示臺
ALPHABET_WORD_LETTERS_819,Alphabet,,Alphabet,Letters,,,,,,,,,,,,,,,,,字母表
WORD_WORD_LETTERS_819,Word,,Word,Letters,,,,,,,,,,,,,,,,,單字
SENTENCE_WORD_LETTERS_819,Sentence,,Sentence,Letters,,,,,,,,,,,,,,,,,句子
SPELLING_WORD_LETTERS_819,Spelling,,Spelling,Letters,,,,,,,,,,,,,,,,,拼字
FONT_WORD_LETTERS_819,Font,,Font,Letters,,,,,,,,,,,,,,,,,字體
VOWEL_WORD_LETTERS_819,Vowel,,Vowel,Letters,,,,,,,,,,,,,,,,,母音
MAP_WORD_GUIDE_820,Map,,Map,Guide,,,,,,,,,,,,,,,,,地圖
MANUAL_WORD_GUIDE_820,Manual,,Manual,Guide,,,,,,,,,,,,,,,,,說明書
BROCHURE_WORD_GUIDE_820,Brochure,,Brochure,Guide,,,,,,,,,,,,,,,,,宣傳冊
HANDBOOK_WORD_GUIDE_820,Handbook,,Handbook,Guide,,,,,,,,,,,,,,,,,手冊
CHART_WORD_GUIDE_820,Chart,,Chart,Guide,,,,,,,,,,,,,,,,,圖表
DIAGRAM_WORD_GUIDE_820,Diagram,,Diagram,Guide,,,,,,,,,,,,,,,,,示意圖
TOPIC_WORD_TUTOR_821,Topic,,Topic,Tutor,,,,,,,,,,,,,,,,,主題
PRACTICE_WORD_TUTOR_821,Practice,,Practice,Tutor,,,,,,,,,,,,,,,,,練習
SESSION_WORD_TUTOR_821,Session,,Session,Tutor,,,,,,,,,,,,,,,,,課時
HOMEWORK_WORD_TUTOR_821,Homework,,Homework,Tutor,,,,,,,,,,,,,,,,,作業
CLERIC_WORD_PRIEST_822,Cleric,,Cleric,Priest,Clerc,Kleriker,Clérigo,Clérigo,นักบวช,Rohaniwan,Geestelijke,僧侶,Chierico,Duchowny,Ruhban,Клирик,Cleric,牧師,Gejstlig,Клірик,牧师
BIBLE_WORD_PRIEST_822,Bible,,Bible,Priest,Bible,Bibel,Biblia,Bíblia,พระคัมภีร์,Alkitab,Bijbel,聖書,Bibbia,Biblia,İncil,Библия,Biblie,聖經,Bibel,Біблія,圣经
SAINT_WORD_PRIEST_822,Saint,,Saint,Priest,Saint,Heiliger,Santo,Santo,นักบุญ,Santo,Heilige,聖人,Santo,Święty,Aziz,Святой,Sfânt,聖人,Helgen,Святий,圣人
PREACHER_WORD_PRIEST_822,Preacher,,Preacher,Priest,Prédicateur,Prediger,Predicador,Pregador,นักเทศน์,Pengkhotbah,Predikant,説教師,Predicatore,Kaznodzieja,Vaiz,Проповедник,Predicator,傳教士,Prædikant,Проповідник,传教士
WAVES_WORD_SURF_823,Waves,,Waves,Surf,,,,,,,,,,,,,,,,,浪潮
TIDES_WORD_SURF_823,Tides,,Tides,Surf,,,,,,,,,,,,,,,,,潮汐
BOARDS_WORD_SURF_823,Boards,,Boards,Surf,,,,,,,,,,,,,,,,,衝浪板
SEWING_WORD_NEEDLES_824,Sewing,,Sewing,Needles,,,,,,,,,,,,,,,,,縫紉
STITCH_WORD_NEEDLES_824,Stitch,,Stitch,Needles,,,,,,,,,,,,,,,,,針腳
TEXTILE_WORD_NEEDLES_824,Textile,,Textile,Needles,,,,,,,,,,,,,,,,,織物
SHEEP_PIC_ANIMALS_1,Sheep,,Sheep,Animals,,,,,,,,,,,,,,,,,绵羊
PIG_PIC_ANIMALS_1,Pig,,Pig,Animals,,,,,,,,,,,,,,,,,猪
GOAT_PIC_ANIMALS_1,Goat,,Goat,Animals,Chèvre,Ziege,Cabra,Cabra,แพะ,Kambing,Geit,ヤギ,Capra,Koza,Keçi,Козёл,Capră,山羊,Ged,Коза,山羊
HORSE_PIC_ANIMALS_1,Horse,,Horse,Animals,Cheval,Pferd,Caballo,Cavalo,ม้า,Kuda,Paard,馬,Cavallo,Koń,At,Лошадь,Cal,馬,Hest,Кінь,马
MONKEY_PIC_ANIMALS_1,Monkey,,Monkey,Animals,,,,,,,,,,,,,,,,,猴子
BEAR_PIC_ANIMALS_1,Bear,,Bear,Animals,,,,,,,,,,,,,,,,,熊
BEEF_PIC_BURGER_2,Beef,burger_beef_1,Beef,Burger,Bœuf,Rindfleisch,Carne,Carne,เนื้อวัว,Daging sapi,Rundvlees,ビーフ,Manzo,Wołowina,Sığır eti,Говядина,Vită,牛肉,Oksekød,Яловичина,牛肉
BUN_PIC_BURGER_2,Bun,burger_bun_2,Bun,Burger,Pain,Brötchen,Panecillo,Pão,ขนมปังกลม,Roti,Broodje,バンズ,Panino,Bułka,Ekmek,Булочка,Chiflă,麵包,Bolle,Булка,面包
SAUCE_PIC_BURGER_2,Sauce,burger_sauce_3,Sauce,Burger,Sauce,Soße,Salsa,Molho,ซอส,Saus,Saus,ソース,Salsa,Sos,Sos,Соус,Sos,醬料,Sovs,Соус,酱料
CHEESE_PIC_BURGER_2,Cheese,burger_cheese_4,Cheese,Burger,Fromage,Käse,Queso,Queijo,ชีส,Keju,Kaas,チーズ,Formaggio,Ser,Peynir,Сыр,Brânză,起司,Ost,Сир,起司
SODA_PIC_DRINKS_3,Soda,drinks_soda_1,Soda,Drinks,Soda,Brause,Refresco,Refrigerante,โซดา,Soda,Frisdrank,ソーダ,Bibita,Napój gazowany,Soda,Газировка,Sifon,汽水,Sodavand,Сода,汽水
ESPRESSO_PIC_DRINKS_3,Espresso,drinks_espresso_2,Espresso,Drinks,Espresso,Espresso,Espresso,Espresso,เอสเพรสโซ,Espresso,Espresso,エスプレッソ,Espresso,Espresso,Espresso,Эспрессо,Espresso,濃縮咖啡,Espresso,Еспресо,浓缩咖啡
LEMONADE_PIC_DRINKS_3,Lemonade,drinks_lemonade_3,Lemonade,Drinks,Limonade,Limonade,Limonada,Limonada,น้ำมะนาว,Limun,Limonade,レモネード,Limonata,Lemoniada,Limonata,Лимонад,Limonadă,檸檬水,Limonade,Лимонад,柠檬水
JUICE_PIC_DRINKS_3,Juice,drinks_juice_4,Juice,Drinks,Jus,Saft,Zumo,Suco,น้ำผลไม้,Jus,Sap,ジュース,Succo,Sok,Meyve suyu,Сок,Suc,果汁,Juice,Сік,果汁
PAWN_PIC_CHESS_4,Pawn,chess_pawn_1,Pawn,Chess,Pion,Bauer,Peón,Peão,เบี้ย,Pion,Pion,ポーン,Pedone,Pionek,Piyon,Пешка,Pion,兵,Bonde,Пішак,兵
ROOK_PIC_CHESS_4,Rook,chess_rook_2,Rook,Chess,Tour,Turm,Torre,Torre,เรือ,Benteng,Toren,ルーク,Torre,Wieża,Kale,Ладья,Turn,城堡,Tårn,Тура,城堡
BISHOP_PIC_CHESS_4,Bishop,chess_bishop_4,Bishop,Chess,Fou,Läufer,Alfil,Bispo,โคน,Gajah,Loper,ビショップ,Alfiere,Goniec,Fil,Слон,Nebun,主教,Biskop,Єпископ,主教
QUEEN_PIC_CHESS_4,Queen,chess_queen_5,Queen,Chess,Reine,Dame,Reina,Rainha,ควีน,Ratu,Koningin,クイーン,Regina,Hetman,Vezir,Ферзь,Regină,皇后,Dronning,Королева,皇后
NECKLACE_PIC_JEWELRY_5,Necklace,jewelry_necklace_1,Necklace,Jewelry,,,,,,,,,,,,,,,,,项链
EARRING_PIC_JEWELRY_5,Earring,jewelry_earring_2,Earring,Jewelry,,,,,,,,,,,,,,,,,耳环
DIAMOND_RING_PIC_JEWELRY_5,Diamond ring,jewelry_diamondring_3,Diamond ring,Jewelry,,,,,,,,,,,,,,,,,钻戒
BRACELET_PIC_JEWELRY_5,Bracelet,jewelry_bracelet_4,Bracelet,Jewelry,,,,,,,,,,,,,,,,,手链
ANKLET_PIC_JEWELRY_5,Anklet,jewelry_anklet_5,Anklet,Jewelry,,,,,,,,,,,,,,,,,脚链
LOCKET_PIC_JEWELRY_5,Locket,jewelry_locket_6,Locket,Jewelry,,,,,,,,,,,,,,,,,盒式吊坠
DIADEM_PIC_JEWELRY_5,Diadem,jewelry_diadem_7,Diadem,Jewelry,,,,,,,,,,,,,,,,,王冠
DAISY_PIC_FLOWERS_6,Daisy,flowers_daisy_1,Daisy,Flowers,,,,,,,,,,,,,,,,,雏菊
LILY_PIC_FLOWERS_6,Lily,flowers_lily_2,Lily,Flowers,Lys,Lilie,Lirio,Lírio,ลิลลี่,Lili,Lelie,ユリ,Giglio,Lilia,Zambak,Лилия,Crin,百合,Lilje,Лілія,百合
TULIP_PIC_FLOWERS_6,Tulip,flowers_tulip_3,Tulip,Flowers,Tulipe,Tulpe,Tulipán,Tulipa,ทิวลิป,Tulip,Tulp,チューリップ,Tulipano,Tulipan,Lale,Тюльпан,Lalea,鬱金香,Tulipan,Тюльпан,郁金香
ROSE_PIC_FLOWERS_6,Rose,flowers_rose_4,Rose,Flowers,Rose,Rose,Rosa,Rosa,กุหลาบ,Mawar,Roos,バラ,Rosa,Róża,Gül,Роза,Trandafir,玫瑰,Rose,Троянда,玫瑰
POPPY_PIC_FLOWERS_6,Poppy,flowers_poppy_5,Poppy,Flowers,,,,,,,,,,,,,,,,,罂粟花
PEONY_PIC_FLOWERS_6,Peony,flowers_peony_6,Peony,Flowers,Pivoine,Pfingstrose,Peonía,Peônia,โบตั๋น,Peoni,Pioenroos,牡丹,Peonia,Piwonia,Şakayık,Пион,Bujor,牡丹,Pæon,Півонія,牡丹
ASTER_PIC_FLOWERS_6,Aster,flowers_aster_7,Aster,Flowers,,,,,,,,,,,,,,,,,紫菀
ROCKING_CHAIR_PIC_GRANDMA_7,Rocking chair,,Rocking chair,Grandma,,,,,,,,,,,,,,,,,摇椅
GRANDMA_PHOTOS_PIC_GRANDMA_7,Grandma photos,,Grandma photos,Grandma,,,,,,,,,,,,,,,,,奶奶的照片
GRANDMA_GLASSES_PIC_GRANDMA_7,Grandma glasses,,Grandma glasses,Grandma,,,,,,,,,,,,,,,,,奶奶的眼睛
KNITTING_SCARF_PIC_GRANDMA_7,Knitting scarf,,Knitting scarf,Grandma,,,,,,,,,,,,,,,,,编织围巾
NEEDLE_CASE_PIC_GRANDMA_7,Needle case,,Needle case,Grandma,,,,,,,,,,,,,,,,,针线盒
COZY_SLIPPERS_PIC_GRANDMA_7,Cozy slippers,,Cozy slippers,Grandma,,,,,,,,,,,,,,,,,舒适拖鞋
ITALY_PIC_MAP_8,Italy,map_italy_1,Italy,Map,Italie,Italien,Italia,Itália,อิตาลี,Italia,Italië,イタリア,Italia,Włochy,İtalya,Италия,Italia,義大利,Italien,Італія,意大利
INDIA_PIC_MAP_8,India,map_india_2,India,Map,Inde,Indien,India,Índia,อินเดีย,India,India,インド,India,Indie,Hindistan,Индия,India,印度,Indien,Індія,印度
AUSTRALIA_PIC_MAP_8,Australia,map_australia_3,Australia,Map,Australie,Australien,Australia,Austrália,ออสเตรเลีย,Australia,Australië,オーストラリア,Australia,Australia,Avustralya,Австралия,Australia,澳洲,Australien,Австралія,澳洲
FRANCE_PIC_MAP_8,France,map_france_4,France,Map,France,Frankreich,Francia,França,ฝรั่งเศส,Prancis,Frankrijk,フランス,Francia,Francja,Fransa,Франция,Franța,法國,Frankrig,Франція,法国
USA_PIC_MAP_8,USA,map_usa_5,USA,Map,É-U,USA,EE.UU.,EUA,สหรัฐอเมริกา,AS,VS,アメリカ,USA,USA,ABD,США,SUA,美國,USA,USA,美国
UK_PIC_MAP_8,UK,map_uk_6,UK,Map,R-U,UK,RU,RU,สหราชอาณาจักร,Inggris,VK,イギリス,R.U.,Wlk. Brytania,İngiltere,Великобритания,Regatul Unit,英國,UK,UK,英国
CYPRUS_PIC_MAP_8,Cyprus,map_spain_7,Cyprus,Map,Chypre,Zypern,Chipre,Chipre,ไซปรัส,Siprus,Cyprus,キプロス,Cipro,Cypr,Kıbrıs,Кипр,Cipru,賽普勒斯,Cypern,Кіпр,赛普勒斯
JAPAN_PIC_MAP_8,Japan,map_japan_8,Japan,Map,Japon,Japan,Japón,Japão,ญี่ปุ่น,Jepang,Japan,日本,Giappone,Japonia,Japonya,Япония,Japonia,日本,Japan,Японія,日本
TEARS_PIC_ICONS_9,Tears,icons_arrow_4,Tears,Icons,,,,,,,,,,,,,,,,,眼泪
HEART_PIC_ICONS_9,Heart,icons_heart_5,Heart,Icons,Cœur,Herz,Corazón,Coração,หัวใจ,Jantung,Hart,心臓,Cuore,Serce,Kalp,Сердце,Inimă,心臟,Hjerte,Серце,心脏
ROLLING_PIC_ICONS_9,Rolling,icons_checkmark_1,Rolling,Icons,,,,,,,,,,,,,,,,,滚动
UP_PIC_ICONS_9,Up,icons_circle_3,Up,Icons,,,,,,,,,,,,,,,,,向上
CRYING_PIC_ICONS_9,Crying,icons_cross_2,Crying,Icons,,,,,,,,,,,,,,,,,哭泣
PRAYER_PIC_ICONS_9,Prayer,icons_envelopeicon_8,Prayer,Icons,,,,,,,,,,,,,,,,,祈祷
EYES_PIC_ICONS_9,Eyes,icons_lockicon_7,Eyes,Icons,,,,,,,,,,,,,,,,,眼睛
POO_PIC_ICONS_9,Poo,icons_star_6,Poo,Icons,,,,,,,,,,,,,,,,,大便
LIZARD_PIC_REPTILES_10,Lizard,reptiles_lizard_1,Lizard,Reptiles,,,,,,,,,,,,,,,,,蜥蜴
SNAKE_PIC_REPTILES_10,Snake,reptiles_snake_2,Snake,Reptiles,,,,,,,,,,,,,,,,,蛇
ALLIGATOR_PIC_REPTILES_10,Alligator,reptiles_alligator_3,Alligator,Reptiles,,,,,,,,,,,,,,,,,短吻鳄
GECKO_PIC_REPTILES_10,Gecko,reptiles_gecko_4,Gecko,Reptiles,,,,,,,,,,,,,,,,,壁虎
CHAMELEON_PIC_REPTILES_10,Chameleon,reptiles_chameleon_5,Chameleon,Reptiles,,,,,,,,,,,,,,,,,变色龙
IGUANA_PIC_REPTILES_10,Iguana,reptiles_iguana_6,Iguana,Reptiles,,,,,,,,,,,,,,,,,鬣蜥
TURTLE_PIC_REPTILES_10,Turtle,reptiles_turtle_7,Turtle,Reptiles,,,,,,,,,,,,,,,,,龟
HOCKEY_PIC_SPORTS_11,Hockey,sports_hockey_1,Hockey,Sports,,,,,,,,,,,,,,,,,冰球
SOCCER_PIC_SPORTS_11,Soccer,sports_soccer_2,Soccer,Sports,,,,,,,,,,,,,,,,,足球
BOXING_PIC_SPORTS_11,Boxing,sports_boxing_3,Boxing,Sports,,,,,,,,,,,,,,,,,拳击
TENNIS_PIC_SPORTS_11,Tennis,sports_tennis_4,Tennis,Sports,,,,,,,,,,,,,,,,,网球
GOLF_PIC_SPORTS_11,Golf,sports_golf_5,Golf,Sports,,,,,,,,,,,,,,,,,高尔夫
RUGBY_PIC_SPORTS_11,Rugby,sports_rugby_6,Rugby,Sports,,,,,,,,,,,,,,,,,橄榄球
CURLING_PIC_SPORTS_11,Curling,sports_curling_7,Curling,Sports,,,,,,,,,,,,,,,,,冰壶
TABLE_PIC_FURNITURE_12,Table,furniture_table_1,Table,Furniture,,,,,,,,,,,,,,,,,桌子
SOFA_PIC_FURNITURE_12,Sofa,furniture_sofa_2,Sofa,Furniture,,,,,,,,,,,,,,,,,沙发
CHAIR_PIC_FURNITURE_12,Chair,furniture_chair_3,Chair,Furniture,,,,,,,,,,,,,,,,,椅子
DESK_PIC_FURNITURE_12,Desk,furniture_desk_4,Desk,Furniture,,,,,,,,,,,,,,,,,书桌
BED_PIC_FURNITURE_12,Bed,furniture_bed_5,Bed,Furniture,,,,,,,,,,,,,,,,,床
ACE_PIC_DECK_13,Ace,deck_aceofhearts_1,Ace,Deck,,,,,,,,,,,,,,,,,Ace
KING_HEARTS_PIC_DECK_13,King hearts,deck_kinghearts_2,King hearts,Deck,,,,,,,,,,,,,,,,,King hearts
QUEEN_HEARTS_PIC_DECK_13,Queen hearts,deck_queenhearts_3,Queen hearts,Deck,,,,,,,,,,,,,,,,,Queen hearts
JACK_HEARTS_PIC_DECK_13,Jack hearts,deck_jackhearts_4,Jack hearts,Deck,,,,,,,,,,,,,,,,,Jack hearts
10_HEARTS_PIC_DECK_13,10 hearts,deck_10hearts_5,10 hearts,Deck,,,,,,,,,,,,,,,,,10 hearts
9_HEARTS_PIC_DECK_13,9 hearts,deck_9hearts_6,9 hearts,Deck,,,,,,,,,,,,,,,,,9 hearts
8_HEARTS_PIC_DECK_13,8 hearts,deck_8hearts_7,8 hearts,Deck,,,,,,,,,,,,,,,,,8 hearts
7_HEARTS_PIC_DECK_13,7 hearts,deck_7hearts_8,7 hearts,Deck,,,,,,,,,,,,,,,,,7 hearts
TIRAMISU_PIC_DESSERTS_14,Tiramisu,,Tiramisu,Desserts,,,,,,,,,,,,,,,,,Tiramisu
DONUT_PIC_DESSERTS_14,Donut,,Donut,Desserts,,,,,,,,,,,,,,,,,Donut
MUFFIN_PIC_DESSERTS_14,Muffin,,Muffin,Desserts,,,,,,,,,,,,,,,,,Muffin
SWEETS_PIC_DESSERTS_14,Sweets,,Sweets,Desserts,,,,,,,,,,,,,,,,,Sweets
SORBET_PIC_DESSERTS_14,Sorbet,,Sorbet,Desserts,,,,,,,,,,,,,,,,,Sorbet
MACARON_PIC_DESSERTS_14,Macaron,,Macaron,Desserts,,,,,,,,,,,,,,,,,Macaron
ECLAIR_PIC_DESSERTS_14,Eclair,,Eclair,Desserts,,,,,,,,,,,,,,,,,Eclair
ARIES_PIC_ZODIAC_15,Aries,zodiac_aries_1,Aries,Zodiac,Bélier,Widder,Aries,Áries,ราศีเมษ,Aries,Ram,おひつじ座,Ariete,Baran,Koç,Овен,Berbec,白羊座,Vædderen,Овен,白羊座
TAURUS_PIC_ZODIAC_15,Taurus,zodiac_taurus_2,Taurus,Zodiac,Taureau,Stier,Tauro,Touro,ราศีพฤษภ,Taurus,Stier,おうし座,Toro,Byk,Boğa,Телец,Taur,金牛座,Tyren,Телець,金牛座
GEMINI_PIC_ZODIAC_15,Gemini,zodiac_gemini_3,Gemini,Zodiac,Gémeaux,Zwillinge,Géminis,Gêmeos,ราศีเมถุน,Gemini,Tweelingen,ふたご座,Gemelli,Bliźnięta,İkizler,Близнецы,Gemeni,雙子座,Tvillingerne,Близнюки,双子座
LEO_PIC_ZODIAC_15,Leo,zodiac_leo_5,Leo,Zodiac,Lion,Löwe,Leo,Leão,ราศีสิงห์,Leo,Leeuw,しし座,Leone,Lew,Aslan,Лев,Leu,獅子座,Løven,Лев,狮子座
VIRGO_PIC_ZODIAC_15,Virgo,zodiac_virgo_6,Virgo,Zodiac,Vierge,Jungfrau,Virgo,Virgem,ราศีกันย์,Virgo,Maagd,おとめ座,Vergine,Panna,Başak,Дева,Fecioară,處女座,Jomfruen,Діва,处女座
LIBRA_PIC_ZODIAC_15,Libra,zodiac_libra_7,Libra,Zodiac,Balance,Waage,Libra,Libra,ราศีตุลย์,Libra,Weegschaal,てんびん座,Bilancia,Waga,Terazi,Весы,Balanță,天秤座,Vægten,Терези,天秤座
SCORPIO_PIC_ZODIAC_15,Scorpio,zodiac_cancer_4,Scorpio,Zodiac,Scorpion,Skorpion,Escorpio,Escorpião,ราศีพิจิก,Scorpio,Schorpioen,さそり座,Scorpione,Skorpion,Akrep,Скорпион,Scorpion,天蠍座,Skorpionen,Скорпіон,天蝎座
PISCES_PIC_ZODIAC_15,Pisces,zodiac_sagittarius_8,Pisces,Zodiac,Poissons,Fische,Piscis,Peixes,ราศีมีน,Pisces,Vissen,うお座,Pesci,Ryby,Balık,Рыбы,Pești,雙魚座,Fiskene,Риби,双鱼座
PENCIL_PIC_WOODEN_16,Pencil,,Pencil,Wooden,,,,,,,,,,,,,,,,,Pencil
GUITAR_PIC_WOODEN_16,Guitar,,Guitar,Wooden,Guitare,Gitarre,Guitarra,Guitarra,กีตาร์,Gitar,Gitaar,ギター,Chitarra,Gitara,Gitar,Гитара,Chitară,吉他,Guitar,Гітара,吉他
BOOK_PIC_WOODEN_16,Book,,Book,Wooden,,,,,,,,,,,,,,,,,Book
EAST_PIC_COMPASS_17,East,,East,Compass,,,,,,,,,,,,,,,,,East
NORTH_PIC_COMPASS_17,North,,North,Compass,,,,,,,,,,,,,,,,,North
WEST_PIC_COMPASS_17,West,,West,Compass,,,,,,,,,,,,,,,,,West
SOUTH_PIC_COMPASS_17,South,,South,Compass,,,,,,,,,,,,,,,,,South
PICKUP_PIC_VEHICLES_18,Pickup,,Pickup,Vehicles,,,,,,,,,,,,,,,,,Pickup
COMBINE_PIC_VEHICLES_18,Combine,,Combine,Vehicles,,,,,,,,,,,,,,,,,Combine
TRAILER_PIC_VEHICLES_18,Trailer,,Trailer,Vehicles,,,,,,,,,,,,,,,,,Trailer
TRUCK_PIC_VEHICLES_18,Truck,,Truck,Vehicles,,,,,,,,,,,,,,,,,Truck
DOVE_PIC_BIRDS_19,Dove,bird_dove_1,Dove,Birds,Colombe,Taube,Paloma,Pomba,นกพิราบ,Merpati,Duif,ハト,Colomba,Gołąb,Güvercin,Голубь,Porumbel,鴿子,Due,Голуб,鸽子
EAGLE_PIC_BIRDS_19,Eagle,bird_eagle_2,Eagle,Birds,Aigle,Adler,Águila,Águia,นกอินทรี,Elang,Arend,ワシ,Aquila,Orzeł,Kartal,Орёл,Vultur,老鷹,Ørn,Орел,老鹰
SWAN_PIC_BIRDS_19,Swan,bird_swan_3,Swan,Birds,Cygne,Schwan,Cisne,Cisne,หงส์,Angsa,Zwaan,白鳥,Cigno,Łabędź,Kuğu,Лебедь,Lebădă,天鵝,Svane,Лебідь,天鹅
OWL_PIC_BIRDS_19,Owl,bird_owl_4,Owl,Birds,Hibou,Eule,Búho,Coruja,นกฮูก,Burung hantu,Uil,フクロウ,Gufo,Sowa,Baykuş,Сова,Bufniță,貓頭鷹,Ugle,Сова,猫头鹰
HERON_PIC_BIRDS_19,Heron,bird_heron_5,Heron,Birds,Héron,Reiher,Garza,Garça,นกกระสา,Bangau,Reiger,サギ,Airone,Czapla,Balıkçıl,Цапля,Stârc,蒼鷺,Hejre,Чапля,苍鹭
ROBIN_PIC_BIRDS_19,Robin,bird_robin_6,Robin,Birds,Rouge-gorge,Rotkehlchen,Petirrojo,Pisco,โรบิน,Robin,Roodborstje,コマドリ,Pettirosso,Rudzik,Kızılgerdan,Малиновка,Măcăleandru,知更鳥,Rødhals,Малинівка,知更鸟
FINCH_PIC_BIRDS_19,Finch,bird_finch_7,Finch,Birds,Pinson,Fink,Pinzón,Tentilhão,ฟินช์,Pipit,Vink,フィンチ,Fringuello,Zięba,İspinoz,Зяблик,Cintează,雀,Finke,Зяблик,雀
VULTURE_PIC_BIRDS_19,Vulture,bird_vulture_8,Vulture,Birds,Vautour,Geier,Buitre,Abutre,อีแร้ง,Burung nasar,Gier,ハゲタカ,Avvoltoio,Sęp,Akbaba,Стервятник,Buitur,禿鷹,Grib,Гриф,秃鹰
JUMPER_PIC_WARDROBE_20,Jumper,,Jumper,Wardrobe,,,,,,,,,,,,,,,,,Jumper
JACKET_PIC_WARDROBE_20,Jacket,,Jacket,Wardrobe,,,,,,,,,,,,,,,,,Jacket
SWEATER_PIC_WARDROBE_20,Sweater,,Sweater,Wardrobe,,,,,,,,,,,,,,,,,Sweater
JEANS_PIC_WARDROBE_20,Jeans,,Jeans,Wardrobe,,,,,,,,,,,,,,,,,Jeans
PANTS_PIC_WARDROBE_20,Pants,,Pants,Wardrobe,,,,,,,,,,,,,,,,,Pants
HELICOPTER_PIC_TRANSPORT_21,Helicopter,transport_helicopter_1,Helicopter,Transport,,,,,,,,,,,,,,,,,Helicopter
TRAIN_PIC_TRANSPORT_21,Train,transport_train_2,Train,Transport,,,,,,,,,,,,,,,,,Train
PLANE_PIC_TRANSPORT_21,Plane,transport_plane_3,Plane,Transport,,,,,,,,,,,,,,,,,Plane
TAXI_PIC_TRANSPORT_21,Taxi,transport_taxi_4,Taxi,Transport,,,,,,,,,,,,,,,,,Taxi
SCOOTER_PIC_TRANSPORT_21,Scooter,transport_scooter_5,Scooter,Transport,,,,,,,,,,,,,,,,,Scooter
CIABATTA_PIC_BREADS_22,Ciabatta,,Ciabatta,Breads,Ciabatta,Ciabatta,Ciabatta,Ciabatta,ชาบัตตา,Ciabatta,Ciabatta,チャバタ,Ciabatta,Ciabatta,Ciabatta,Чиабатта,Ciabatta,巧巴達,Ciabatta,Чабата,巧巴达
BAGUETTE_PIC_BREADS_22,Baguette,,Baguette,Breads,Baguette,Baguette,Baguette,Baguete,บาแก็ตต์,Baguette,Stokbrood,バゲット,Baguette,Bagietka,Baget,Багет,Baghetă,法棍,Baguette,Багет,法棍
FOCACCIA_PIC_BREADS_22,Focaccia,,Focaccia,Breads,Focaccia,Focaccia,Focaccia,Focaccia,โฟคัชชา,Focaccia,Focaccia,フォカッチャ,Focaccia,Focaccia,Focaccia,Фокачча,Focaccia,佛卡夏,Focaccia,Фокача,佛卡夏
PITA_PIC_BREADS_22,Pita,,Pita,Breads,Pita,Pita,Pita,Pita,พิตา,Pita,Pita,ピタ,Pita,Pita,Pide,Пита,Pita,口袋餅,Pitabrød,Піта,口袋饼
CHALLAH_PIC_BREADS_22,Challah,,Challah,Breads,Challah,Challah,Challah,Chalá,ฮัลลาห์,Challah,Challah,ハッラー,Challah,Chałka,Challah,Хала,Challah,哈拉麵包,Challah,Хала,哈拉面包
TORTILLA_PIC_BREADS_22,Tortilla,,Tortilla,Breads,Tortilla,Tortilla,Tortilla,Tortilla,ตอร์ตียา,Tortilla,Tortilla,トルティーヤ,Tortilla,Tortilla,Tortilla,Тортилья,Tortilla,墨西哥薄餅,Tortilla,Тортилья,墨西哥薄饼
BRIOCHE_PIC_BREADS_22,Brioche,,Brioche,Breads,Brioche,Brioche,Brioche,Brioche,บริยอช,Brioche,Brioche,ブリオッシュ,Brioche,Brioche,Brioche,Бриошь,Brioșă,布里歐,Brioche,Бріош,布里欧
AREPA_PIC_BREADS_22,Arepa,,Arepa,Breads,Arepa,Arepa,Arepa,Arepa,อาเรปา,Arepa,Arepa,アレパ,Arepa,Arepa,Arepa,Арепа,Arepa,玉米餅,Arepa,Арепа,玉米饼
CIRCLE_PIC_SHAPES_23,Circle,shapes_circle_1,Circle,Shapes,,,,,,,,,,,,,,,,,Circle
SQUARE_PIC_SHAPES_23,Square,shapes_square_2,Square,Shapes,,,,,,,,,,,,,,,,,Square
OVAL_PIC_SHAPES_23,Oval,shapes_oval_3,Oval,Shapes,,,,,,,,,,,,,,,,,Oval
OCTAGON_PIC_SHAPES_23,Octagon,shapes_octagon_4,Octagon,Shapes,,,,,,,,,,,,,,,,,Octagon
HYDROGEN_PIC_SPACE_24,Hydrogen,space_alien_4,Hydrogen,Space,Hydrogène,Wasserstoff,Hidrógeno,Hidrogênio,ไฮโดรเจน,Hidrogen,Waterstof,水素,Idrogeno,Wodór,Hidrojen,Водород,Hidrogen,氫,Brint,Водень,氢
NITROGEN_PIC_SPACE_24,Nitrogen,space_astronaut_1,Nitrogen,Space,Azote,Stickstoff,Nitrógeno,Nitrogênio,ไนโตรเจน,Nitrogen,Stikstof,窒素,Azoto,Azot,Azot,Азот,Azot,氮,Kvælstof,Азот,氮
SULFUR_PIC_SPACE_24,Sulfur,space_galaxy_7,Sulfur,Space,Soufre,Schwefel,Azufre,Enxofre,กำมะถัน,Belerang,Zwavel,硫黄,Zolfo,Siarka,Kükürt,Сера,Sulf,硫,Svovl,Сірка,硫
CARBON_PIC_SPACE_24,Carbon,space_marsrover_8,Carbon,Space,Carbone,Kohlenstoff,Carbono,Carbono,คาร์บอน,Karbon,Koolstof,炭素,Carbonio,Węgiel,Karbon,Углерод,Carbon,碳,Kulstof,Вуглець,碳
SODIUM_PIC_SPACE_24,Sodium,space_rocket_2,Sodium,Space,Sodium,Natrium,Sodio,Sódio,โซเดียม,Natrium,Natrium,ナトリウム,Sodio,Sód,Sodyum,Натрий,Sodiu,鈉,Natrium,Натрій,钠
SILICON_PIC_SPACE_24,Silicon,space_saturn_5,Silicon,Space,Silicium,Silizium,Silicio,Silício,ซิลิคอน,Silikon,Silicium,ケイ素,Silicio,Krzem,Silikon,Кремний,Siliciu,矽,Silicium,Кремній,硅
IODINE_PIC_SPACE_24,Iodine,space_spacestation_6,Iodine,Space,Iode,Jod,Yodo,Iodo,ไอโอดีน,Yodium,Jodium,ヨウ素,Iodio,Jod,İyot,Йод,Iod,碘,Jod,Йод,碘
OXYGEN_PIC_SPACE_24,Oxygen,space_ufo_3,Oxygen,Space,Oxygène,Sauerstoff,Oxígeno,Oxigênio,ออกซิเจน,Oksigen,Zuurstof,酸素,Ossigeno,Tlen,Oksijen,Кислород,Oxigen,氧,Ilt,Кисень,氧
KEPI_PIC_HATS_25,Kepi,hats_kepi_1,Kepi,Hats,,,,,,,,,,,,,,,,,Kepi
BERET_PIC_HATS_25,Beret,hats_beret_2,Beret,Hats,,,,,,,,,,,,,,,,,Beret
CAP_PIC_HATS_25,Cap,hats_cap_3,Cap,Hats,,,,,,,,,,,,,,,,,Cap
HAT_PIC_HATS_25,Hat,hats_hat_4,Hat,Hats,,,,,,,,,,,,,,,,,Hat
VISOR_PIC_HATS_25,Visor,hats_visor_5,Visor,Hats,,,,,,,,,,,,,,,,,Visor
TURBAN_PIC_HATS_25,Turban,hats_turban_6,Turban,Hats,,,,,,,,,,,,,,,,,Turban
SOMBRERO_PIC_HATS_25,Sombrero,hats_sombrero_7,Sombrero,Hats,,,,,,,,,,,,,,,,,Sombrero
PANAMA_PIC_HATS_25,Panama,hats_panamahat_8,Panama,Hats,,,,,,,,,,,,,,,,,Panama
JEWELRY_PIC_LUXURY_26,Jewelry,luxury_jewelry_1,Jewelry,Luxury,Bijoux,Schmuck,Joyería,Joias,เครื่องเพชร,Perhiasan,Sieraden,宝石,Gioielli,Biżuteria,Mücevher,Ювелирка,Bijuterii,珠寶,Smykker,Ювелірні вироби,珠宝
WATCH_PIC_LUXURY_26,Watch,luxury_watch_2,Watch,Luxury,Montre,Uhr,Reloj,Relógio,นาฬิกา,Jam tangan,Horloge,腕時計,Orologio,Zegarek,Saat,Часы,Ceas,手錶,Ur,Годинник,手表
CAVIAR_PIC_LUXURY_26,Caviar,luxury_americanexpresscenturioncard_8,Caviar,Luxury,Caviar,Kaviar,Caviar,Caviar,คาเวียร์,Kaviar,Kaviaar,キャビア,Caviale,Kawior,Havyar,Икра,Caviar,魚子醬,Kaviar,Ікра,鱼子酱
YACHT_PIC_LUXURY_26,Yacht,luxury_yacht_4,Yacht,Luxury,Yacht,Yacht,Yate,Iate,เรือยอร์ช,Kapal pesiar,Jacht,ヨット,Yacht,Jacht,Yat,Яхта,Iaht,遊艇,Yacht,Яхта,游艇
ORANGE_PIC_FRUITS_27,Orange,fruits_orange_1,Orange,Fruits,,,,,,,,,,,,,,,,,Orange
KIWI_PIC_FRUITS_27,Kiwi,fruits_kiwi_2,Kiwi,Fruits,,,,,,,,,,,,,,,,,Kiwi
BANANA_PIC_FRUITS_27,Banana,fruits_banana_3,Banana,Fruits,,,,,,,,,,,,,,,,,Banana
APPLE_PIC_FRUITS_27,Apple,fruits_apple_4,Apple,Fruits,,,,,,,,,,,,,,,,,Apple
GUAVA_PIC_FRUITS_27,Guava,fruits_pomegranate_5,Guava,Fruits,,,,,,,,,,,,,,,,,Guava
PEACH_PIC_FRUITS_27,Peach,fruits_peach_6,Peach,Fruits,,,,,,,,,,,,,,,,,Peach
PINEAPPLE_PIC_FRUITS_27,Pineapple,fruits_pineapple_7,Pineapple,Fruits,,,,,,,,,,,,,,,,,Pineapple
APRICOT_PIC_FRUITS_27,Apricot,fruits_watermelon_8,Apricot,Fruits,,,,,,,,,,,,,,,,,Apricot
BEAVER_PIC_RODENTS_28,Beaver,rodents_beaver_1,Beaver,Rodents,Castor,Biber,Castor,Castor,บีเวอร์,Berang-berang,Bever,ビーバー,Castoro,Bóbr,Kunduz,Бобр,Castor,河狸,Bæver,Бобер,河狸
MARMOT_PIC_RODENTS_28,Marmot,rodents_marmot_2,Marmot,Rodents,Marmotte,Murmeltier,Marmota,Marmota,มาร์มอต,Marmot,Marmot,マーモット,Marmotta,Świstak,Dağ sıçanı,Сурок,Marmotă,土撥鼠,Murmeldyr,Бабак,土拨鼠
NUTRIA_PIC_RODENTS_28,Nutria,rodents_nutria_3,Nutria,Rodents,Ragondin,Nutria,Coipú,Nútria,นูเทรีย,Nutria,Beverrat,ヌートリア,Nutria,Nutria,Nutria,Нутрия,Nutrie,海狸鼠,Nutria,Нутрія,海狸鼠
SQUIRREL_PIC_RODENTS_28,Squirrel,rodents_squirrel_4,Squirrel,Rodents,Écureuil,Eichhörnchen,Ardilla,Esquilo,กระรอก,Tupai,Eekhoorn,リス,Scoiattolo,Wiewiórka,Sincap,Белка,Veveriță,松鼠,Egern,Білка,松鼠
CAPYBARA_PIC_RODENTS_28,Capybara,rodents_capybara_5,Capybara,Rodents,Capybara,Capybara,Capibara,Capivara,คาปิบารา,Kapibara,Capybara,カピバラ,Capibara,Kapibara,Kapibara,Капибара,Capibară,水豚,Kapybara,Капібара,水豚
RAT_PIC_RODENTS_28,Rat,rodents_rat_6,Rat,Rodents,Rat,Ratte,Rata,Rato,หนู,Tikus,Rat,ネズミ,Ratto,Szczur,Sıçan,Крыса,Șobolan,鼠,Rotte,Щур,鼠
GORILLA_PIC_PRIMATES_29,Gorilla,,Gorilla,Primates,Gorille,Gorilla,Gorila,Gorila,กอริลลา,Gorila,Gorilla,ゴリラ,Gorilla,Goryl,Goril,Горилла,Gorilă,大猩猩,Gorilla,Горила,大猩猩
GIBBON_PIC_PRIMATES_29,Gibbon,,Gibbon,Primates,Gibbon,Gibbon,Gibón,Gibão,ชะนี,Owa,Gibbon,テナガザル,Gibbone,Gibon,Gibon,Гиббон,Gibon,長臂猿,Gibbon,Гібон,长臂猿
BABOON_PIC_PRIMATES_29,Baboon,,Baboon,Primates,Babouin,Pavian,Babuino,Babuíno,บาบูน,Babun,Baviaan,ヒヒ,Babbuino,Pawian,Babun,Бабуин,Babuin,狒狒,Bavian,Бабуїн,狒狒
LEMUR_PIC_PRIMATES_29,Lemur,,Lemur,Primates,Lémurien,Lemur,Lémur,Lêmure,ลีเมอร์,Lemur,Lemur,キツネザル,Lemure,Lemur,Lemur,Лемур,Lemur,狐猴,Lemur,Лемур,狐猴
MACAQUE_PIC_PRIMATES_29,Macaque,,Macaque,Primates,Macaque,Makak,Macaco,Macaco,ลิงแสม,Kera,Makaak,マカク,Macaco,Makak,Makak,Макак,Macac,獼猴,Makak,Макак,猕猴
SIMIAN_PIC_PRIMATES_29,Simian,,Simian,Primates,Singe,Affe,Simio,Símio,วานร,Monyet,Aap,類人猿,Scimmia,Małpa,Maymun,Обезьяна,Maimuță,猿猴,Abe,Примат,猿猴
MANDRILL_PIC_PRIMATES_29,Mandrill,,Mandrill,Primates,Mandrill,Mandrill,Mandril,Mandril,แมนดริล,Mandril,Mandril,マンドリル,Mandrillo,Mandryl,Mandril,Мандрил,Mandril,山魈,Mandril,Мандрил,山魈
TARSIER_PIC_PRIMATES_29,Tarsier,,Tarsier,Primates,Tarsier,Koboldmaki,Tarsero,Társio,ทาร์เซียร์,Tarsius,Spookdier,メガネザル,Tarsio,Wyrak,Tarsier,Долгопят,Tarsier,眼鏡猴,Spøgelsesabe,Довгоп'ят,眼镜猴
YO_YO_PIC_TOYS_30,Yo-yo,toys_buildingblocks_8,Yo-yo,Toys,Yo-yo,Jo-Jo,Yoyó,Ioiô,โยโย่,Yo-yo,Jojo,ヨーヨー,Yo-yo,Jo-jo,Yoyo,Йо-йо,Yo-yo,溜溜球,Jo-jo,Йо-йо,溜溜球
SPINNER_PIC_TOYS_30,Spinner,toys_gamepad_4,Spinner,Toys,Toupie,Kreisel,Peonza,Pião,สปินเนอร์,Gasing,Spinner,コマ,Trottola,Bączek,Topaç,Волчок,Spinner,陀螺,Spinner,Спінер,陀螺
DOLL_PIC_TOYS_30,Doll,toys_jigsawpuzzle_7,Doll,Toys,Poupée,Puppe,Muñeca,Boneca,ตุ๊กตา,Boneka,Pop,人形,Bambola,Lalka,Bebek,Кукла,Păpușă,娃娃,Dukke,Лялька,娃娃
BODYCON_PIC_DRESS_31,Bodycon,,Bodycon,Dress,,,,,,,,,,,,,,,,,Bodycon
TUNIC_PIC_DRESS_31,Tunic,,Tunic,Dress,,,,,,,,,,,,,,,,,Tunic
COCKTAIL_PIC_DRESS_31,Cocktail,,Cocktail,Dress,,,,,,,,,,,,,,,,,Cocktail
MINI_PIC_DRESS_31,Mini,,Mini,Dress,,,,,,,,,,,,,,,,,Mini
GOWN_PIC_DRESS_31,Gown,,Gown,Dress,,,,,,,,,,,,,,,,,Gown
SUNDRESS_PIC_DRESS_31,Sundress,,Sundress,Dress,,,,,,,,,,,,,,,,,Sundress
DUMBBELL_PIC_GYM_32,Dumbbell,gym_dumbbell_1,Dumbbell,Gym,Haltère,Hantel,Mancuerna,Haltere,ดัมเบล,Dumbel,Dumbbell,ダンベル,Manubrio,Hantle,Dambıl,Гантель,Ganteră,啞鈴,Håndvægt,Гантель,哑铃
BARBELL_PIC_GYM_32,Barbell,gym_barbell_2,Barbell,Gym,Barre,Langhantel,Barra,Barra,บาร์เบล,Barbel,Halter,バーベル,Bilanciere,Sztanga,Halter,Штанга,Halteră,槓鈴,Vægtstang,Штанга,杠铃
AIR_BIKE_PIC_GYM_32,Air bike,gym_airbike_3,Air bike,Gym,Vélo d'air,Air Bike,Bici de aire,Air Bike,แอร์ไบค์,Sepeda udara,Luchtfiets,エアバイク,Air bike,Air bike,Air bike,Эйр-байк,Bicicletă aer,風扇車,Motionscykel,Велотренажер,风扇车
PEN_PIC_OFFICE_33,Pen,,Pen,Office,,,,,,,,,,,,,,,,,Pen
ERASER_PIC_OFFICE_33,Eraser,,Eraser,Office,,,,,,,,,,,,,,,,,Eraser
MARKER_PIC_OFFICE_33,Marker,,Marker,Office,,,,,,,,,,,,,,,,,Marker
PENCIL_PIC_OFFICE_33,Pencil,,Pencil,Office,,,,,,,,,,,,,,,,,Pencil
LEMON_PIC_CITRUS_34,Lemon,,Lemon,Citrus,Citron,Zitrone,Limón,Limão,เลมอน,Lemon,Citroen,レモン,Limone,Cytryna,Limon,Лимон,Lămâie,檸檬,Citron,Лимон,柠檬
LIME_PIC_CITRUS_34,Lime,,Lime,Citrus,Citron vert,Limette,Lima,Lima,มะนาว,Jeruk nipis,Limoen,ライム,Lime,Limonka,Misket limonu,Лайм,Limetă,萊姆,Lime,Лайм,莱姆
POMELO_PIC_CITRUS_34,Pomelo,,Pomelo,Citrus,Pomelo,Pomelo,Pomelo,Pomelo,ส้มโอ,Jeruk bali,Pomelo,ザボン,Pomelo,Pomelo,Pomelo,Помело,Pomelo,柚子,Pomelo,Помело,柚子
CASSETTE_TAPE_PIC_90S_35,Cassette tape,,Cassette tape,90s,,,,,,,,,,,,,,,,,Cassette tape
VHS_TAPE_PIC_90S_35,VHS tape,,VHS tape,90s,,,,,,,,,,,,,,,,,VHS tape
BOOM_BOX_PIC_90S_35,Boom box,,Boom box,90s,,,,,,,,,,,,,,,,,Boom box
NEON_WINDBREAKER_PIC_90S_35,Neon windbreaker,,Neon windbreaker,90s,,,,,,,,,,,,,,,,,Neon windbreaker
SCRUNCHIE_PIC_90S_35,Scrunchie,,Scrunchie,90s,,,,,,,,,,,,,,,,,Scrunchie
POLAROID_CAMERA_PIC_90S_35,Polaroid camera,,Polaroid camera,90s,,,,,,,,,,,,,,,,,Polaroid camera
LANDLINE_PHONE_PIC_90S_35,Landline phone,,Landline phone,90s,,,,,,,,,,,,,,,,,Landline phone
WALKMAN_PIC_90S_35,Walkman,,Walkman,90s,,,,,,,,,,,,,,,,,Walkman
BROCCOLI_PIC_VEGGIE_36,Broccoli,veggie_broccoli_1,Broccoli,Veggie,,,,,,,,,,,,,,,,,Broccoli
CABBAGE_PIC_VEGGIE_36,Cabbage,veggie_cabbage_2,Cabbage,Veggie,,,,,,,,,,,,,,,,,Cabbage
POTATO_PIC_VEGGIE_36,Potato,veggie_potato_3,Potato,Veggie,,,,,,,,,,,,,,,,,Potato
CARROT_PIC_VEGGIE_36,Carrot,veggie_carrot_4,Carrot,Veggie,,,,,,,,,,,,,,,,,Carrot
BEETROOT_PIC_VEGGIE_36,Beetroot,veggie_beetroot_5,Beetroot,Veggie,,,,,,,,,,,,,,,,,Beetroot
CUCUMBER_PIC_VEGGIE_36,Cucumber,veggie_cucumber_6,Cucumber,Veggie,,,,,,,,,,,,,,,,,Cucumber
ONION_PIC_VEGGIE_36,Onion,veggie_onion_7,Onion,Veggie,,,,,,,,,,,,,,,,,Onion
EGGPLANT_PIC_VEGGIE_36,Eggplant,veggie_eggplant_8,Eggplant,Veggie,,,,,,,,,,,,,,,,,Eggplant
WALRUS_PIC_ARCTIC_37,Walrus,,Walrus,Arctic,Morse,Walross,Morsa,Morsa,วอลรัส,Walrus,Walrus,セイウチ,Tricheco,Mors,Mors,Морж,Morsă,海象,Hvalros,Морж,海象
POLAR_BEAR_PIC_ARCTIC_37,Polar bear,,Polar bear,Arctic,Ours polaire,Eisbär,Oso polar,Urso polar,หมีขั้วโลก,Beruang kutub,IJsbeer,ホッキョクグマ,Orso polare,Niedźwiedź polarny,Kutup ayısı,Белый медведь,Urs polar,北極熊,Isbjørn,Білий ведмідь,北极熊
SNOWY_OWL_PIC_ARCTIC_37,Snowy owl,,Snowy owl,Arctic,Harfang,Schneeeule,Búho nival,Coruja-branca,นกฮูกหิมะ,Burung hantu salju,Sneeuwuil,シロフクロウ,Gufo delle nevi,Sowa śnieżna,Kar baykuşu,Полярная сова,Bufniță polară,雪鴞,Sneugle,Біла сова,雪鸮
REINDEER_PIC_ARCTIC_37,Reindeer,,Reindeer,Arctic,Renne,Rentier,Reno,Rena,กวางเรนเดียร์,Rusa kutub,Rendier,トナカイ,Renna,Renifer,Ren geyiği,Северный олень,Ren,馴鹿,Rensdyr,Олень,驯鹿
LOBSTER_PIC_SEAFOOD_38,Lobster,seafood_lobster_1,Lobster,Seafood,,,,,,,,,,,,,,,,,Lobster
OYSTER_PIC_SEAFOOD_38,Oyster,seafood_oyster_2,Oyster,Seafood,,,,,,,,,,,,,,,,,Oyster
MUSSEL_PIC_SEAFOOD_38,Mussel,seafood_mussel_3,Mussel,Seafood,,,,,,,,,,,,,,,,,Mussel
CRAB_PIC_SEAFOOD_38,Crab,seafood_crab_4,Crab,Seafood,,,,,,,,,,,,,,,,,Crab
SCALLOP_PIC_SEAFOOD_38,Scallop,seafood_scallop_5,Scallop,Seafood,,,,,,,,,,,,,,,,,Scallop
PRAWN_PIC_SEAFOOD_38,Prawn,seafood_conch_6,Prawn,Seafood,,,,,,,,,,,,,,,,,Prawn
SQUID_PIC_SEAFOOD_38,Squid,seafood_squid_7,Squid,Seafood,Calmar,Tintenfisch,Calamar,Lula,ปลาหมึก,Cumi-cumi,Inktvis,イカ,Calamaro,Kałamarnica,Kalamar,Кальмар,Calmar,魷魚,Blæksprutte,Кальмар,鱿鱼
SHRIMP_PIC_SEAFOOD_38,Shrimp,seafood_shrimp_8,Shrimp,Seafood,,,,,,,,,,,,,,,,,Shrimp
SOFT_BUN_PIC_HOT_DOG_39,Soft bun,,Soft bun,Hot dog,Pain moelleux,Weiches Brötchen,Pan suave,Pão macio,ขนมปังนิ่ม,Roti lembut,Zacht broodje,ソフトバンズ,Panino morbido,Miękka bułka,Yumuşak ekmek,Мягкая булочка,Chiflă moale,軟麵包,Bolle,Булочка,软面包
SAUSAGE_PIC_HOT_DOG_39,Sausage,,Sausage,Hot dog,Saucisse,Wurst,Salchicha,Salsicha,ไส้กรอก,Sosis,Worst,ソーセージ,Salsiccia,Parówka,Sosis,Сосиска,Cârnat,香腸,Pølse,Ковбаса,香肠
KETCHUP_PIC_HOT_DOG_39,Ketchup,,Ketchup,Hot dog,Ketchup,Ketchup,Ketchup,Ketchup,ซอสมะเขือเทศ,Saus tomat,Ketchup,ケチャップ,Ketchup,Keczup,Ketçap,Кетчуп,Ketchup,番茄醬,Ketchup,Кетчуп,番茄酱
PUPPY_PIC_CUTIES_40,Puppy,,Puppy,Cuties,,,,,,,,,,,,,,,,,Puppy
KITTEN_PIC_CUTIES_40,Kitten,,Kitten,Cuties,,,,,,,,,,,,,,,,,Kitten
LAMB_PIC_CUTIES_40,Lamb,,Lamb,Cuties,,,,,,,,,,,,,,,,,Lamb
CALF_PIC_CUTIES_40,Calf,,Calf,Cuties,,,,,,,,,,,,,,,,,Calf
PIGLET_PIC_CUTIES_40,Piglet,,Piglet,Cuties,,,,,,,,,,,,,,,,,Piglet
FOAL_PIC_CUTIES_40,Foal,,Foal,Cuties,,,,,,,,,,,,,,,,,Foal
DUCKLING_PIC_CUTIES_40,Duckling,,Duckling,Cuties,,,,,,,,,,,,,,,,,Duckling
CYGNET_PIC_CUTIES_40,Cygnet,,Cygnet,Cuties,,,,,,,,,,,,,,,,,Cygnet
TERRIER_PIC_DOGS_41,Terrier,dogs_terrier_1,Terrier,Dogs,,,,,,,,,,,,,,,,,Terrier
BEAGLE_PIC_DOGS_41,Beagle,dogs_beagle_2,Beagle,Dogs,,,,,,,,,,,,,,,,,Beagle
POODLE_PIC_DOGS_41,Poodle,dogs_poodle_3,Poodle,Dogs,,,,,,,,,,,,,,,,,Poodle
SPANIEL_PIC_DOGS_41,Spaniel,dogs_spaniel_4,Spaniel,Dogs,,,,,,,,,,,,,,,,,Spaniel
HUSKY_PIC_DOGS_41,Husky,dogs_husky_5,Husky,Dogs,,,,,,,,,,,,,,,,,Husky
COLLIE_PIC_DOGS_41,Collie,dogs_collie_6,Collie,Dogs,,,,,,,,,,,,,,,,,Collie
BULLDOG_PIC_DOGS_41,Bulldog,dogs_bulldog_7,Bulldog,Dogs,,,,,,,,,,,,,,,,,Bulldog
PUG_PIC_DOGS_41,Pug,dogs_pug_8,Pug,Dogs,,,,,,,,,,,,,,,,,Pug
SOCKS_PIC_PAIRS_42,Socks,pairs_socks_1,Socks,Pairs,,,,,,,,,,,,,,,,,Socks
TWINS_PIC_PAIRS_42,Twins,pairs_twins_2,Twins,Pairs,,,,,,,,,,,,,,,,,Twins
SKIS_PIC_PAIRS_42,Skis,pairs_skis_3,Skis,Pairs,,,,,,,,,,,,,,,,,Skis
TENT_PIC_CAMPING_43,Tent,camping_tent_1,Tent,Camping,Tente,Zelt,Tienda,Barraca,เต็นท์,Tenda,Tent,テント,Tenda,Namiot,Çadır,Палатка,Cort,帳篷,Telt,Намет,帐篷
CAMPFIRE_PIC_CAMPING_43,Campfire,camping_campfire_2,Campfire,Camping,Feu de camp,Lagerfeuer,Fogata,Fogueira,กองไฟ,Api unggun,Kampvuur,焚き火,Falò,Ognisko,Kamp ateşi,Костёр,Foc de tabără,營火,Lejrbål,Багаття,营火
HAMMOCK_PIC_CAMPING_43,Hammock,camping_hammock_3,Hammock,Camping,Hamac,Hängematte,Hamaca,Rede,เปลญวน,Hammok,Hangmat,ハンモック,Amaca,Hamak,Hamak,Гамак,Hamac,吊床,Hængekøje,Гамак,吊床
ORGAN_PIC_PLAY_44,Organ,play_organ_1,Organ,Play,Orgue,Orgel,Órgano,Órgão,ออร์แกน,Organ,Orgel,オルガン,Organo,Organy,Org,Орган,Orgă,管風琴,Orgel,Орган,管风琴
VIOLIN_PIC_PLAY_44,Violin,play_violin_2,Violin,Play,Violon,Geige,Violín,Violino,ไวโอลิน,Biola,Viool,バイオリン,Violino,Skrzypce,Keman,Скрипка,Vioară,小提琴,Violin,Скрипка,小提琴
UKULELE_PIC_PLAY_44,Ukulele,play_ukulele_3,Ukulele,Play,Ukulélé,Ukulele,Ukelele,Ukulele,อูคูเลเล,Ukulele,Ukelele,ウクレレ,Ukulele,Ukulele,Ukulele,Укулеле,Ukulele,烏克麗麗,Ukulele,Укулеле,乌克丽丽
DRUM_PIC_PLAY_44,Drum,play_drum_4,Drum,Play,Tambour,Trommel,Tambor,Tambor,กลอง,Drum,Trommel,ドラム,Tamburo,Bęben,Davul,Барабан,Tobă,鼓,Tromme,Барабан,鼓
PIANO_PIC_PLAY_44,Piano,play_piano_5,Piano,Play,Piano,Klavier,Piano,Piano,เปียโน,Piano,Piano,ピアノ,Pianoforte,Fortepian,Piyano,Пианино,Pian,鋼琴,Klaver,Піаніно,钢琴
FLUTE_PIC_PLAY_44,Flute,play_flute_6,Flute,Play,Flûte,Flöte,Flauta,Flauta,ฟลุต,Seruling,Fluit,フルート,Flauto,Flet,Flüt,Флейта,Flaut,長笛,Fløjte,Флейта,长笛
GUITAR_PIC_PLAY_44,Guitar,play_guitar_7,Guitar,Play,Guitare,Gitarre,Guitarra,Guitarra,กีตาร์,Gitar,Gitaar,ギター,Chitarra,Gitara,Gitar,Гитара,Chitară,吉他,Guitar,Гітара,吉他
CELLO_PIC_PLAY_44,Cello,play_cello_8,Cello,Play,Violoncelle,Cello,Violonchelo,Violoncelo,เชลโล,Cello,Cello,チェロ,Violoncello,Wiolonczela,Çello,Виолончель,Violoncel,大提琴,Cello,Віолончель,大提琴
SIGNPOST_PIC_NAVIGATE_45,Signpost,,Signpost,Navigate,Poteau,Wegweiser,Señalización,Placa,ป้ายบอกทาง,Papan petunjuk,Wegwijzer,道標,Segnaletica,Drogowskaz,Tabela,Указатель,Indicator,路標,Vejviser,Вказівник,路标
SEXTANT_PIC_NAVIGATE_45,Sextant,,Sextant,Navigate,Sextant,Sextant,Sextante,Sextante,เซ็กซ์แทนต์,Sekstan,Sextant,六分儀,Sestante,Sekstant,Sekstant,Секстант,Sextant,六分儀,Sekstant,Секстант,六分仪
COMPASS_PIC_NAVIGATE_45,Compass,,Compass,Navigate,Boussole,Kompass,Brújula,Bússola,เข็มทิศ,Kompas,Kompas,コンパス,Bussola,Kompas,Pusula,Компас,Busolă,指南針,Kompas,Компас,指南针
MACAW_PIC_PARROTS_46,Macaw,,Macaw,Parrots,,,,,,,,,,,,,,,,,Macaw
COCKATOO_PIC_PARROTS_46,Cockatoo,,Cockatoo,Parrots,,,,,,,,,,,,,,,,,Cockatoo
BUDGIE_PIC_PARROTS_46,Budgie,,Budgie,Parrots,,,,,,,,,,,,,,,,,Budgie
ECLECTUS_PIC_PARROTS_46,Eclectus,,Eclectus,Parrots,,,,,,,,,,,,,,,,,Eclectus
PARAKEET_PIC_PARROTS_46,Parakeet,,Parakeet,Parrots,,,,,,,,,,,,,,,,,Parakeet
LORIKEET_PIC_PARROTS_46,Lorikeet,,Lorikeet,Parrots,,,,,,,,,,,,,,,,,Lorikeet
WAVY_PIC_HAIR_47,Wavy,,Wavy,Hair,Ondulé,Wellig,Ondulado,Ondulado,ลอน,Bergelombang,Golvend,ウェーブ,Mossi,Faliste,Dalgalı,Волнистые,Ondulat,波浪髮,Bølget,Хвилястий,波浪发
CURLY_PIC_HAIR_47,Curly,,Curly,Hair,Bouclés,Lockig,Rizado,Cacheado,หยิก,Keriting,Krullend,カーリー,Ricci,Kręcone,Kıvırcık,Кудрявые,Creț,捲髮,Krøllet,Кучерявий,卷发
COILY_PIC_HAIR_47,Coily,,Coily,Hair,Crépus,Kraus,Crespo,Crespo,หยิกงอ,Ikal,Kroeshaar,コイリー,Crespi,Skręcone,Bukle,Курчавые,Încolăcit,螺旋捲,Spiralkrøllet,Спіральний,螺旋卷
CHAIR_PIC_SEATS_48,Chair,,Chair,Seats,,,,,,,,,,,,,,,,,Chair
SOFA_PIC_SEATS_48,Sofa,,Sofa,Seats,,,,,,,,,,,,,,,,,Sofa
BENCH_PIC_SEATS_48,Bench,,Bench,Seats,,,,,,,,,,,,,,,,,Bench
STOOL_PIC_SEATS_48,Stool,,Stool,Seats,,,,,,,,,,,,,,,,,Stool
MOCHI_PIC_JAPAN_49,Mochi,,Mochi,Japan,,,,,,,,,,,,,,,,,Mochi
MISO_PIC_JAPAN_49,Miso,,Miso,Japan,,,,,,,,,,,,,,,,,Miso
GYOZA_PIC_JAPAN_49,Gyoza,,Gyoza,Japan,,,,,,,,,,,,,,,,,Gyoza
IKEBANA_PIC_JAPAN_49,Ikebana,,Ikebana,Japan,,,,,,,,,,,,,,,,,Ikebana
RAMEN_PIC_JAPAN_49,Ramen,,Ramen,Japan,,,,,,,,,,,,,,,,,Ramen
TEMPURA_PIC_JAPAN_49,Tempura,,Tempura,Japan,,,,,,,,,,,,,,,,,Tempura
KIMONO_PIC_JAPAN_49,Kimono,,Kimono,Japan,,,,,,,,,,,,,,,,,Kimono
ORIGAMI_PIC_JAPAN_49,Origami,,Origami,Japan,,,,,,,,,,,,,,,,,Origami
SULTAN_PIC_EGYPT_50,Sultan,egypt_anubis_7,Sultan,Egypt,,,,,,,,,,,,,,,,,Sultan
EMIR_PIC_EGYPT_50,Emir,egypt_hieroglyphs_8,Emir,Egypt,,,,,,,,,,,,,,,,,Emir
EARL_PIC_EGYPT_50,Earl,egypt_mummy_4,Earl,Egypt,,,,,,,,,,,,,,,,,Earl
BARON_PIC_EGYPT_50,Baron,egypt_nileriver_6,Baron,Egypt,,,,,,,,,,,,,,,,,Baron
SHEIKH_PIC_EGYPT_50,Sheikh,egypt_pharaohsmask_3,Sheikh,Egypt,,,,,,,,,,,,,,,,,Sheikh
PRINCE_PIC_EGYPT_50,Prince,egypt_pyramid_1,Prince,Egypt,,,,,,,,,,,,,,,,,Prince
MEOW_PIC_SOUND_51,Meow,,Meow,Sound,,,,,,,,,,,,,,,,,猫叫
SQUEAL_PIC_SOUND_51,Squeal,,Squeal,Sound,,,,,,,,,,,,,,,,,猪叫
CAW_PIC_SOUND_51,Caw,,Caw,Sound,,,,,,,,,,,,,,,,,乌鸦叫
BLEAT_PIC_SOUND_51,Bleat,,Bleat,Sound,,,,,,,,,,,,,,,,,羊叫
QUACK_PIC_SOUND_51,Quack,,Quack,Sound,,,,,,,,,,,,,,,,,鸭叫
CROAK_PIC_SOUND_51,Croak,,Croak,Sound,,,,,,,,,,,,,,,,,青蛙鸣
HOWL_PIC_SOUND_51,Howl,,Howl,Sound,,,,,,,,,,,,,,,,,狼叫
BARK_PIC_SOUND_51,Bark,,Bark,Sound,,,,,,,,,,,,,,,,,犬吠
THYME_PIC_HERBS_52,Thyme,,Thyme,Herbs,,,,,,,,,,,,,,,,,Thyme
ROSEMARY_PIC_HERBS_52,Rosemary,,Rosemary,Herbs,,,,,,,,,,,,,,,,,Rosemary
CHIVES_PIC_HERBS_52,Chives,,Chives,Herbs,,,,,,,,,,,,,,,,,Chives
DILL_PIC_HERBS_52,Dill,,Dill,Herbs,,,,,,,,,,,,,,,,,Dill
PARSLEY_PIC_HERBS_52,Parsley,,Parsley,Herbs,,,,,,,,,,,,,,,,,Parsley
SAGE_PIC_HERBS_52,Sage,,Sage,Herbs,,,,,,,,,,,,,,,,,Sage
ADDAX_PIC_HOOF_53,Addax,,Addax,Hoof,,,,,,,,,,,,,,,,,Addax
GIRAFFE_PIC_HOOF_53,Giraffe,,Giraffe,Hoof,,,,,,,,,,,,,,,,,Giraffe
ZEBRA_PIC_HOOF_53,Zebra,,Zebra,Hoof,Zèbre,Zebra,Cebra,Zebra,ม้าลาย,Zebra,Zebra,シマウマ,Zebra,Zebra,Zebra,Зебра,Zebră,斑馬,Zebra,Зебра,斑马
ALPACA_PIC_HOOF_53,Alpaca,,Alpaca,Hoof,,,,,,,,,,,,,,,,,Alpaca
ANTELOPE_PIC_HOOF_53,Antelope,,Antelope,Hoof,,,,,,,,,,,,,,,,,Antelope
MOOSE_PIC_HOOF_53,Moose,,Moose,Hoof,,,,,,,,,,,,,,,,,Moose
OKAPI_PIC_HOOF_53,Okapi,,Okapi,Hoof,,,,,,,,,,,,,,,,,Okapi
BISON_PIC_HOOF_53,Bison,,Bison,Hoof,,,,,,,,,,,,,,,,,Bison
KATANA_PIC_SWORDS_54,Katana,,Katana,Swords,,,,,,,,,,,,,,,,,Katana
RAPIER_PIC_SWORDS_54,Rapier,,Rapier,Swords,,,,,,,,,,,,,,,,,Rapier
SCIMITAR_PIC_SWORDS_54,Scimitar,,Scimitar,Swords,,,,,,,,,,,,,,,,,Scimitar
FALCATA_PIC_SWORDS_54,Falcata,,Falcata,Swords,,,,,,,,,,,,,,,,,Falcata
SABER_PIC_SWORDS_54,Saber,,Saber,Swords,,,,,,,,,,,,,,,,,Saber
CLAYMORE_PIC_SWORDS_54,Claymore,,Claymore,Swords,,,,,,,,,,,,,,,,,Claymore
CUTLASS_PIC_SWORDS_54,Cutlass,,Cutlass,Swords,,,,,,,,,,,,,,,,,Cutlass
FALCHION_PIC_SWORDS_54,Falchion,,Falchion,Swords,,,,,,,,,,,,,,,,,Falchion
BARNACLE_PIC_INSECTS_55,Barnacle,insects_ant_6,Barnacle,Insects,Bernacle,Seepocke,Percebe,Craca,เพรียง,Teritip,Zeepok,フジツボ,Cirripede,Pąkla,Midye kabuğu,Ракушка,Barnaclu,藤壺,Rur,Балянус,藤壶
SNAIL_PIC_INSECTS_55,Snail,insects_cricket_7,Snail,Insects,,,,,,,,,,,,,,,,,Snail
SQUID_PIC_INSECTS_55,Squid,insects_dragonfly_5,Squid,Insects,Calmar,Tintenfisch,Calamar,Lula,ปลาหมึก,Cumi-cumi,Inktvis,イカ,Calamaro,Kałamarnica,Kalamar,Кальмар,Calmar,魷魚,Blæksprutte,Кальмар,鱿鱼
STARFISH_PIC_INSECTS_55,Starfish,insects_ladybug_2,Starfish,Insects,Étoile de mer,Seestern,Estrella mar,Estrela-do-mar,ปลาดาว,Bintang laut,Zeester,ヒトデ,Stella marina,Rozgwiazda,Denizyıldızı,Морская звезда,Stea de mare,海星,Søstjerne,Морська зірка,海星
JELLYFISH_PIC_INSECTS_55,Jellyfish,insects_mantis_8,Jellyfish,Insects,,,,,,,,,,,,,,,,,Jellyfish
PIZZA_PIC_EATS_56,Pizza,eats_pizza_1,Pizza,Eats,Pizza,Pizza,Pizza,Pizza,พิซซ่า,Pizza,Pizza,ピザ,Pizza,Pizza,Pizza,Пицца,Pizza,披薩,Pizza,Піца,披萨
TACO_PIC_EATS_56,Taco,eats_taco_2,Taco,Eats,,,,,,,,,,,,,,,,,Taco
FRIES_PIC_EATS_56,Fries,eats_fries_3,Fries,Eats,Frites,Pommes,Patatas,Batatas,เฟรนช์ฟรายส์,Kentang goreng,Patat,フライドポテト,Patatine,Frytki,Patates kızartması,Картофель фри,Cartofi prăjiți,薯條,Pomfritter,Фрі,薯条
BURGER_PIC_EATS_56,Burger,eats_burger_4,Burger,Eats,Burger,Burger,Hamburguesa,Hambúrguer,เบอร์เกอร์,Burger,Burger,バーガー,Hamburger,Burger,Burger,Бургер,Burger,漢堡,Burger,Бургер,汉堡
KEBAB_PIC_EATS_56,Kebab,eats_kebab_5,Kebab,Eats,,,,,,,,,,,,,,,,,Kebab
SANDWICH_PIC_EATS_56,Sandwich,eats_sandwich_6,Sandwich,Eats,,,,,,,,,,,,,,,,,Sandwich
BURRITO_PIC_EATS_56,Burrito,eats_burrito_7,Burrito,Eats,,,,,,,,,,,,,,,,,Burrito
HOT_DOG_PIC_EATS_56,Hot dog,eats_hotdog_8,Hot dog,Eats,Hot dog,Hotdog,Perrito,Cachorro-quente,ฮอทด็อก,Hot dog,Hotdog,ホットドッグ,Hot dog,Hot dog,Sosisli,Хот-дог,Hot dog,熱狗,Hotdog,Хот-дог,热狗
FOLIAGE_PIC_BOUQUET_57,Foliage,,Foliage,Bouquet,,,,,,,,,,,,,,,,,Foliage
FLOWER_PIC_BOUQUET_57,Flower,,Flower,Bouquet,,,,,,,,,,,,,,,,,Flower
WRAPPER_PIC_BOUQUET_57,Wrapper,,Wrapper,Bouquet,,,,,,,,,,,,,,,,,Wrapper
CORSAGE_PIC_BOUQUET_57,Corsage,,Corsage,Bouquet,,,,,,,,,,,,,,,,,Corsage
FILLER_PIC_BOUQUET_57,Filler,,Filler,Bouquet,,,,,,,,,,,,,,,,,Filler
FLORIST_PIC_BOUQUET_57,Florist,,Florist,Bouquet,,,,,,,,,,,,,,,,,Florist
RIBBON_PIC_BOUQUET_57,Ribbon,,Ribbon,Bouquet,,,,,,,,,,,,,,,,,Ribbon
PETAL_PIC_BOUQUET_57,Petal,,Petal,Bouquet,,,,,,,,,,,,,,,,,Petal
CRIMSON_PIC_LIPSTICK_58,Crimson,,Crimson,Lipstick,,,,,,,,,,,,,,,,,Crimson
RUBY_RED_PIC_LIPSTICK_58,Ruby red,,Ruby red,Lipstick,,,,,,,,,,,,,,,,,Ruby red
SCARLET_PIC_LIPSTICK_58,Scarlet,,Scarlet,Lipstick,,,,,,,,,,,,,,,,,Scarlet
FUCHSIA_PIC_LIPSTICK_58,Fuchsia,,Fuchsia,Lipstick,,,,,,,,,,,,,,,,,Fuchsia
NUDE_PIC_LIPSTICK_58,Nude,,Nude,Lipstick,,,,,,,,,,,,,,,,,Nude
BURGUNDY_PIC_LIPSTICK_58,Burgundy,,Burgundy,Lipstick,,,,,,,,,,,,,,,,,Burgundy
GAMBLER_PIC_WESTERN_59,Gambler,western_badge_6,Gambler,Western,Joueur,Spieler,Jugador,Jogador,นักพนัน,Penjudi,Gokker,ギャンブラー,Giocatore,Hazardzista,Kumarbaz,Игрок,Jucător,賭徒,Spiller,Гравець,赌徒
SHERIFF_PIC_WESTERN_59,Sheriff,western_sheriff_5,Sheriff,Western,Shérif,Sheriff,Sheriff,Xerife,นายอำเภอ,Sheriff,Sheriff,保安官,Sceriffo,Szeryf,Şerif,Шериф,Șerif,警長,Sheriff,Шериф,警长
COWBOY_PIC_WESTERN_59,Cowboy,western_cowboy_4,Cowboy,Western,Cowboy,Cowboy,Vaquero,Caubói,คาวบอย,Penunggang,Cowboy,カウボーイ,Cowboy,Kowboj,Kovboy,Ковбой,Cowboy,牛仔,Cowboy,Ковбой,牛仔
LASSO_PIC_WESTERN_59,Lasso,western_lasso_3,Lasso,Western,Lasso,Lasso,Lazo,Laço,บ่วงบาศก์,Laso,Lasso,投げ縄,Lazo,Lasso,Kement,Лассо,Lasso,套索,Lasso,Ласо,套索
SALOON_PIC_WESTERN_59,Saloon,western_saloon_7,Saloon,Western,Saloon,Saloon,Salón,Saloon,ซาลูน,Salun,Saloon,サルーン,Saloon,Saloon,Saloon,Салун,Saloon,酒館,Saloon,Салон,酒馆
RODEO_PIC_WESTERN_59,Rodeo,western_cacti_8,Rodeo,Western,Rodéo,Rodeo,Rodeo,Rodeio,โรดิโอ,Rodeo,Rodeo,ロデオ,Rodeo,Rodeo,Rodeo,Родео,Rodeo,牛仔競技,Rodeo,Родео,牛仔竞技
HONEY_PIC_TOPPINGS_60,Honey,,Honey,Toppings,,,,,,,,,,,,,,,,,Honey
CARAMEL_PIC_TOPPINGS_60,Caramel,,Caramel,Toppings,,,,,,,,,,,,,,,,,Caramel
JELLY_PIC_TOPPINGS_60,Jelly,,Jelly,Toppings,,,,,,,,,,,,,,,,,Jelly
SYRUP_PIC_TOPPINGS_60,Syrup,,Syrup,Toppings,,,,,,,,,,,,,,,,,Syrup
CONTROL_PIC_KEYBOARD_61,Control,,Control,Keyboard,,,,,,,,,,,,,,,,,Control
SHIFT_PIC_KEYBOARD_61,Shift,,Shift,Keyboard,,,,,,,,,,,,,,,,,Shift
ALT_PIC_KEYBOARD_61,Alt,,Alt,Keyboard,,,,,,,,,,,,,,,,,Alt
DELETE_PIC_KEYBOARD_61,Delete,,Delete,Keyboard,,,,,,,,,,,,,,,,,Delete
SPACEBAR_PIC_KEYBOARD_61,Spacebar,,Spacebar,Keyboard,,,,,,,,,,,,,,,,,Spacebar
ENTER_PIC_KEYBOARD_61,Enter,,Enter,Keyboard,,,,,,,,,,,,,,,,,Enter
ESCAPE_PIC_KEYBOARD_61,Escape,,Escape,Keyboard,,,,,,,,,,,,,,,,,Escape
TAB_PIC_KEYBOARD_61,Tab,,Tab,Keyboard,,,,,,,,,,,,,,,,,Tab
PLANT_PIC_PARK_62,Plant,,Plant,Park,,,,,,,,,,,,,,,,,Plant
TREE_PIC_PARK_62,Tree,,Tree,Park,,,,,,,,,,,,,,,,,Tree
BENCH_PIC_PARK_62,Bench,,Bench,Park,,,,,,,,,,,,,,,,,Bench
FOUNTAIN_PIC_PARK_62,Fountain,,Fountain,Park,,,,,,,,,,,,,,,,,Fountain
GRASS_PIC_PARK_62,Grass,,Grass,Park,,,,,,,,,,,,,,,,,Grass
PATHWAY_PIC_PARK_62,Pathway,,Pathway,Park,,,,,,,,,,,,,,,,,Pathway
PLIERS_PIC_TOOLBOX_63,Pliers,toolbox_pliers_1,Pliers,Toolbox,,,,,,,,,,,,,,,,,Pliers
WRENCH_PIC_TOOLBOX_63,Wrench,toolbox_wrench_2,Wrench,Toolbox,,,,,,,,,,,,,,,,,Wrench
DRILL_PIC_TOOLBOX_63,Drill,toolbox_drill_3,Drill,Toolbox,,,,,,,,,,,,,,,,,Drill
ADHESIVE_TAPE_PIC_TOOLBOX_63,Adhesive tape,toolbox_adhesivetape_4,Adhesive tape,Toolbox,,,,,,,,,,,,,,,,,Adhesive tape
SAW_PIC_TOOLBOX_63,Saw,toolbox_saw_5,Saw,Toolbox,,,,,,,,,,,,,,,,,Saw
CHISEL_PIC_TOOLBOX_63,Chisel,toolbox_chisel_6,Chisel,Toolbox,,,,,,,,,,,,,,,,,Chisel
CLAMP_PIC_TOOLBOX_63,Clamp,toolbox_clamp_7,Clamp,Toolbox,,,,,,,,,,,,,,,,,Clamp
HAMMER_PIC_TOOLBOX_63,Hammer,toolbox_hammer_8,Hammer,Toolbox,Marteau,Hammer,Martillo,Martelo,ค้อน,Palu,Hamer,ハンマー,Martello,Młotek,Çekiç,Молоток,Ciocan,拍賣槌,Hammer,Молот,拍卖槌
BOULDER_PIC_ROCKS_64,Boulder,,Boulder,Rocks,,,,,,,,,,,,,,,,,Boulder
PEBBLE_PIC_ROCKS_64,Pebble,,Pebble,Rocks,,,,,,,,,,,,,,,,,Pebble
GRAVEL_PIC_ROCKS_64,Gravel,,Gravel,Rocks,,,,,,,,,,,,,,,,,Gravel
BEAST_PIC_MONSTERS_65,Beast,,Beast,Monsters,,,,,,,,,,,,,,,,,Beast
OGRE_PIC_MONSTERS_65,Ogre,,Ogre,Monsters,,,,,,,,,,,,,,,,,Ogre
VAMPIRE_PIC_MONSTERS_65,Vampire,,Vampire,Monsters,,,,,,,,,,,,,,,,,Vampire
DRAGON_PIC_MONSTERS_65,Dragon,,Dragon,Monsters,,,,,,,,,,,,,,,,,Dragon
ZEBRA_PIC_HORSE_66,Zebra,,Zebra,Horse,Zèbre,Zebra,Cebra,Zebra,ม้าลาย,Zebra,Zebra,シマウマ,Zebra,Zebra,Zebra,Зебра,Zebră,斑馬,Zebra,Зебра,斑马
DONKEY_PIC_HORSE_66,Donkey,,Donkey,Horse,Âne,Esel,Burro,Burro,ลา,Keledai,Ezel,ロバ,Asino,Osioł,Eşek,Осёл,Măgar,驢,Æsel,Осел,驴
MULE_PIC_HORSE_66,Mule,,Mule,Horse,Mule,Maultier,Mula,Mula,ล่อ,Bagal,Muilezel,ラバ,Mulo,Muł,Katır,Мул,Catâr,騾,Muldyr,Мул,骡
HEXAGON_PIC_POLYGONS_67,Hexagon,,Hexagon,Polygons,,,,,,,,,,,,,,,,,Hexagon
HEPTAGON_PIC_POLYGONS_67,Heptagon,,Heptagon,Polygons,,,,,,,,,,,,,,,,,Heptagon
PENTAGON_PIC_POLYGONS_67,Pentagon,,Pentagon,Polygons,,,,,,,,,,,,,,,,,Pentagon
DECAGON_PIC_POLYGONS_67,Decagon,,Decagon,Polygons,,,,,,,,,,,,,,,,,Decagon
TRIANGLE_PIC_POLYGONS_67,Triangle,,Triangle,Polygons,,,,,,,,,,,,,,,,,Triangle
OCTAGON_PIC_POLYGONS_67,Octagon,,Octagon,Polygons,,,,,,,,,,,,,,,,,Octagon
BROOM_PIC_CLEANING_68,Broom,cleaning_broom_1,Broom,Cleaning,,,,,,,,,,,,,,,,,Broom
MOP_PIC_CLEANING_68,Mop,cleaning_mop_2,Mop,Cleaning,,,,,,,,,,,,,,,,,Mop
VACUUM_PIC_CLEANING_68,Vacuum,cleaning_vacuum_3,Vacuum,Cleaning,,,,,,,,,,,,,,,,,Vacuum
DUSTER_PIC_CLEANING_68,Duster,cleaning_duster_4,Duster,Cleaning,,,,,,,,,,,,,,,,,Duster
SPONGE_PIC_CLEANING_68,Sponge,cleaning_sponge_5,Sponge,Cleaning,Éponge,Schwamm,Esponja,Esponja,ฟองน้ำ,Spons,Spons,スポンジ,Spugnetta,Gąbka,Sünger,Спонж,Burete,海綿,Svamp,Губка,海绵
BUCKET_PIC_CLEANING_68,Bucket,cleaning_bucket_6,Bucket,Cleaning,,,,,,,,,,,,,,,,,Bucket
BIN_PIC_CLEANING_68,Bin,cleaning_bin_7,Bin,Cleaning,,,,,,,,,,,,,,,,,Bin
DUSTPAN_PIC_CLEANING_68,Dustpan,cleaning_dustpan_8,Dustpan,Cleaning,,,,,,,,,,,,,,,,,Dustpan
PENNY_PIC_COINS_69,Penny,,Penny,Coins,,,,,,,,,,,,,,,,,Penny
DIME_PIC_COINS_69,Dime,,Dime,Coins,,,,,,,,,,,,,,,,,Dime
NICKEL_PIC_COINS_69,Nickel,,Nickel,Coins,,,,,,,,,,,,,,,,,Nickel
CENT_PIC_COINS_69,Cent,,Cent,Coins,,,,,,,,,,,,,,,,,Cent
BADGE_PIC_POLICE_70,Badge,,Badge,Police,,,,,,,,,,,,,,,,,Badge
UNIFORM_PIC_POLICE_70,Uniform,,Uniform,Police,,,,,,,,,,,,,,,,,Uniform
ARREST_PIC_POLICE_70,Arrest,,Arrest,Police,,,,,,,,,,,,,,,,,Arrest
OFFICER_PIC_POLICE_70,Officer,,Officer,Police,,,,,,,,,,,,,,,,,Officer
HANDCUFF_PIC_POLICE_70,Handcuff,,Handcuff,Police,,,,,,,,,,,,,,,,,Handcuff
BATON_PIC_POLICE_70,Baton,,Baton,Police,,,,,,,,,,,,,,,,,Baton
BULB_PIC_LAMP_71,Bulb,,Bulb,Lamp,,,,,,,,,,,,,,,,,Bulb
PLUG_PIC_LAMP_71,Plug,,Plug,Lamp,,,,,,,,,,,,,,,,,Plug
SWITCH_PIC_LAMP_71,Switch,,Switch,Lamp,,,,,,,,,,,,,,,,,Switch
CORD_PIC_LAMP_71,Cord,,Cord,Lamp,,,,,,,,,,,,,,,,,Cord
LIBRARY_PIC_BUILD_72,Library,build_library_1,Library,Build,Bibliothèque,Bibliothek,Biblioteca,Biblioteca,ห้องสมุด,Perpustakaan,Bibliotheek,図書館,Biblioteca,Biblioteka,Kütüphane,Библиотека,Bibliotecă,圖書館,Bibliotek,Бібліотека,图书馆
MUSEUM_PIC_BUILD_72,Museum,build_museum_2,Museum,Build,Musée,Museum,Museo,Museu,พิพิธภัณฑ์,Museum,Museum,博物館,Museo,Muzeum,Müze,Музей,Muzeu,博物館,Museum,Музей,博物馆
HOSPITAL_PIC_BUILD_72,Hospital,build_hospital_3,Hospital,Build,Hôpital,Krankenhaus,Hospital,Hospital,โรงพยาบาล,Rumah sakit,Ziekenhuis,病院,Ospedale,Szpital,Hastane,Больница,Spital,醫院,Hospital,Лікарня,医院
SCHOOL_BUILDING_PIC_BUILD_72,School building,build_schoolbuilding_4,School building,Build,École,Schule,Escuela,Escola,อาคารเรียน,Gedung sekolah,Schoolgebouw,学校,Scuola,Budynek szkoły,Okul binası,Школа,Clădire școlară,學校,Skolebygning,Школа,学校
HOTEL_PIC_BUILD_72,Hotel,build_hotel_5,Hotel,Build,Hôtel,Hotel,Hotel,Hotel,โรงแรม,Hotel,Hotel,ホテル,Hotel,Hotel,Otel,Отель,Hotel,飯店,Hotel,Готель,饭店
FACTORY_PIC_BUILD_72,Factory,build_factory_6,Factory,Build,Usine,Fabrik,Fábrica,Fábrica,โรงงาน,Pabrik,Fabriek,工場,Fabbrica,Fabryka,Fabrika,Завод,Fabrică,工廠,Fabrik,Фабрика,工厂
STADIUM_PIC_BUILD_72,Stadium,build_stadium_7,Stadium,Build,Stade,Stadion,Estadio,Estádio,สนามกีฬา,Stadion,Stadion,スタジアム,Stadio,Stadion,Stadyum,Стадион,Stadion,體育場,Stadion,Стадіон,体育场
MALL_PIC_BUILD_72,Mall,build_mall_8,Mall,Build,Centre commercial,Einkaufszentrum,Centro comercial,Shopping,ห้างสรรพสินค้า,Mal,Winkelcentrum,ショッピングモール,Centro commerciale,Centrum handlowe,AVM,Торговый центр,Mall,商場,Butikscenter,Торговий центр,商场
LANTERNS_PIC_DECORATE_73,Lanterns,decor_curtains_6,Lanterns,Decorate,,,,,,,,,,,,,,,,,Lanterns
BELLS_PIC_DECORATE_73,Bells,decor_photoframe_2,Bells,Decorate,,,,,,,,,,,,,,,,,Bells
WREATH_PIC_DECORATE_73,Wreath,decor_rug_3,Wreath,Decorate,,,,,,,,,,,,,,,,,Wreath
TINSEL_PIC_DECORATE_73,Tinsel,decor_scentedcandle_8,Tinsel,Decorate,,,,,,,,,,,,,,,,,Tinsel
HOG_PIC_PIG_74,Hog,,Hog,Pig,,,,,,,,,,,,,,,,,Hog
SOW_PIC_PIG_74,Sow,,Sow,Pig,,,,,,,,,,,,,,,,,Sow
PIGLET_PIC_PIG_74,Piglet,,Piglet,Pig,,,,,,,,,,,,,,,,,Piglet
BOB_PIC_HAIRS_75,Bob,,Bob,Hairs,,,,,,,,,,,,,,,,,Bob
UNDERCUT_PIC_HAIRS_75,Undercut,,Undercut,Hairs,,,,,,,,,,,,,,,,,Undercut
MOHAWK_PIC_HAIRS_75,Mohawk,,Mohawk,Hairs,,,,,,,,,,,,,,,,,Mohawk
FADE_PIC_HAIRS_75,Fade,,Fade,Hairs,,,,,,,,,,,,,,,,,Fade
MULLET_PIC_HAIRS_75,Mullet,,Mullet,Hairs,,,,,,,,,,,,,,,,,Mullet
AFRO_PIC_HAIRS_75,Afro,,Afro,Hairs,,,,,,,,,,,,,,,,,Afro
WHALE_PIC_AQUATICS_76,Whale,aquatics_divingmask_2,Whale,Aquatics,,,,,,,,,,,,,,,,,Whale
SEAHORSE_PIC_AQUATICS_76,Seahorse,aquatics_kayak_3,Seahorse,Aquatics,,,,,,,,,,,,,,,,,Seahorse
OTTER_PIC_AQUATICS_76,Otter,aquatics_lifejacket_8,Otter,Aquatics,,,,,,,,,,,,,,,,,Otter
ORCA_PIC_AQUATICS_76,Orca,aquatics_lifering_4,Orca,Aquatics,,,,,,,,,,,,,,,,,Orca
DOLPHIN_PIC_AQUATICS_76,Dolphin,aquatics_paddleboard_7,Dolphin,Aquatics,,,,,,,,,,,,,,,,,Dolphin
OCTOPUS_PIC_AQUATICS_76,Octopus,aquatics_sailboat_6,Octopus,Aquatics,,,,,,,,,,,,,,,,,Octopus
DUGONG_PIC_AQUATICS_76,Dugong,aquatics_surfboard_1,Dugong,Aquatics,,,,,,,,,,,,,,,,,Dugong
SHARK_PIC_AQUATICS_76,Shark,aquatics_wetsuit_5,Shark,Aquatics,,,,,,,,,,,,,,,,,Shark
FOOL_PIC_TAROT_77,Fool,tarot_fool_1,Fool,Tarot,Fou,Narr,Loco,Louco,คนโง่,Si Bodoh,Nar,愚者,Matto,Głupiec,Deli,Шут,Bufon,愚者,Nar,Блазень,愚者
MOON_TARO_PIC_TAROT_77,Moon taro,tarot_death_5,Moon taro,Tarot,,,,,,,,,,,,,,,,,Moon taro
MAGICIAN_PIC_TAROT_77,Magician,tarot_magician_3,Magician,Tarot,Magicien,Magier,Mago,Mago,นักมายากล,Pesulap,Goochelaar,魔術師,Mago,Mag,Sihirbaz,Маг,Magician,魔術師,Tryllekunstner,Маг,魔术师
EMPRESS_PIC_TAROT_77,Empress,tarot_empress_4,Empress,Tarot,Impératrice,Kaiserin,Emperatriz,Imperatriz,จักรพรรดินี,Permaisuri,Keizerin,女帝,Imperatrice,Cesarzowa,İmparatoriçe,Императрица,Împărăteasă,女皇,Kejserinde,Імператриця,女皇
INBOX_PIC_EMAIL_78,Inbox,,Inbox,Email,,,,,,,,,,,,,,,,,Inbox
SENT_PIC_EMAIL_78,Sent,,Sent,Email,,,,,,,,,,,,,,,,,Sent
DRAFTS_PIC_EMAIL_78,Drafts,,Drafts,Email,,,,,,,,,,,,,,,,,Drafts
TRASH_PIC_EMAIL_78,Trash,,Trash,Email,,,,,,,,,,,,,,,,,Trash
SAUSAGE_PIC_MEAT_79,Sausage,,Sausage,Meat,Saucisse,Wurst,Salchicha,Salsicha,ไส้กรอก,Sosis,Worst,ソーセージ,Salsiccia,Parówka,Sosis,Сосиска,Cârnat,香腸,Pølse,Ковбаса,香肠
BACON_PIC_MEAT_79,Bacon,,Bacon,Meat,,,,,,,,,,,,,,,,,Bacon
CHORIZO_PIC_MEAT_79,Chorizo,,Chorizo,Meat,,,,,,,,,,,,,,,,,Chorizo
CHOPS_PIC_MEAT_79,Chops,,Chops,Meat,,,,,,,,,,,,,,,,,Chops
LID_PIC_KETTLE_80,Lid,,Lid,Kettle,,,,,,,,,,,,,,,,,Lid
SPOUT_PIC_KETTLE_80,Spout,,Spout,Kettle,,,,,,,,,,,,,,,,,Spout
HANDLE_PIC_KETTLE_80,Handle,,Handle,Kettle,,,,,,,,,,,,,,,,,Handle
BOOTS_PIC_SHOES_81,Boots,shoes_boots_1,Boots,Shoes,,,,,,,,,,,,,,,,,Boots
HEELS_PIC_SHOES_81,Heels,shoes_heels_2,Heels,Shoes,,,,,,,,,,,,,,,,,Heels
FLATS_PIC_SHOES_81,Flats,shoes_flats_3,Flats,Shoes,,,,,,,,,,,,,,,,,Flats
OXFORDS_PIC_SHOES_81,Oxfords,shoes_oxfords_4,Oxfords,Shoes,,,,,,,,,,,,,,,,,Oxfords
WEDGES_PIC_SHOES_81,Wedges,shoes_wedges_5,Wedges,Shoes,,,,,,,,,,,,,,,,,Wedges
MONKS_PIC_SHOES_81,Monks,shoes_monks_6,Monks,Shoes,,,,,,,,,,,,,,,,,Monks
BROGUES_PIC_SHOES_81,Brogues,shoes_brogues_7,Brogues,Shoes,,,,,,,,,,,,,,,,,Brogues
DERBIES_PIC_SHOES_81,Derbies,shoes_derbies_8,Derbies,Shoes,,,,,,,,,,,,,,,,,Derbies
BROWNIE_PIC_TREATS_82,Brownie,,Brownie,Treats,,,,,,,,,,,,,,,,,Brownie
CUPCAKE_PIC_TREATS_82,Cupcake,,Cupcake,Treats,,,,,,,,,,,,,,,,,Cupcake
CHURRO_PIC_TREATS_82,Churro,,Churro,Treats,,,,,,,,,,,,,,,,,Churro
LOLLIPOP_PIC_TREATS_82,Lollipop,,Lollipop,Treats,,,,,,,,,,,,,,,,,Lollipop
SLOTH_PIC_SLOW_83,Sloth,,Sloth,Slow,,,,,,,,,,,,,,,,,Sloth
SNAIL_PIC_SLOW_83,Snail,,Snail,Slow,,,,,,,,,,,,,,,,,Snail
TURTLE_PIC_SLOW_83,Turtle,,Turtle,Slow,,,,,,,,,,,,,,,,,Turtle
RAVIOLI_PIC_PASTA_84,Ravioli,,Ravioli,Pasta,,,,,,,,,,,,,,,,,Ravioli
MACARONI_PIC_PASTA_84,Macaroni,,Macaroni,Pasta,,,,,,,,,,,,,,,,,Macaroni
RIGATONI_PIC_PASTA_84,Rigatoni,,Rigatoni,Pasta,,,,,,,,,,,,,,,,,Rigatoni
PENNE_PIC_PASTA_84,Penne,,Penne,Pasta,,,,,,,,,,,,,,,,,Penne
BOLT_PIC_FASTENER_85,Bolt,,Bolt,Fastener,,,,,,,,,,,,,,,,,Bolt
NAIL_PIC_FASTENER_85,Nail,,Nail,Fastener,,,,,,,,,,,,,,,,,Nail
SCREW_PIC_FASTENER_85,Screw,,Screw,Fastener,,,,,,,,,,,,,,,,,Screw
RIVET_PIC_FASTENER_85,Rivet,,Rivet,Fastener,,,,,,,,,,,,,,,,,Rivet
HAIR_PIC_HEAD_86,Hair,,Hair,Head,,,,,,,,,,,,,,,,,Hair
SKULL_PIC_HEAD_86,Skull,,Skull,Head,,,,,,,,,,,,,,,,,Skull
BRAIN_PIC_HEAD_86,Brain,,Brain,Head,,,,,,,,,,,,,,,,,Brain
FACE_PIC_HEAD_86,Face,,Face,Head,,,,,,,,,,,,,,,,,Face
DONKEY_PIC_EQUIDAE_87,Donkey,,Donkey,Equidae,Âne,Esel,Burro,Burro,ลา,Keledai,Ezel,ロバ,Asino,Osioł,Eşek,Осёл,Măgar,驢,Æsel,Осел,驴
MULE_PIC_EQUIDAE_87,Mule,,Mule,Equidae,Mule,Maultier,Mula,Mula,ล่อ,Bagal,Muilezel,ラバ,Mulo,Muł,Katır,Мул,Catâr,騾,Muldyr,Мул,骡
MUSTANG_PIC_EQUIDAE_87,Mustang,,Mustang,Equidae,Mustang,Mustang,Mustang,Mustang,มัสแตง,Mustang,Mustang,ムスタング,Mustang,Mustang,Mustang,Мустанг,Mustang,野馬,Mustang,Мустанг,野马
HORSE_PIC_EQUIDAE_87,Horse,,Horse,Equidae,Cheval,Pferd,Caballo,Cavalo,ม้า,Kuda,Paard,馬,Cavallo,Koń,At,Лошадь,Cal,馬,Hest,Кінь,马
ZEBRA_PIC_EQUIDAE_87,Zebra,,Zebra,Equidae,Zèbre,Zebra,Cebra,Zebra,ม้าลาย,Zebra,Zebra,シマウマ,Zebra,Zebra,Zebra,Зебра,Zebră,斑馬,Zebra,Зебра,斑马
PONY_PIC_EQUIDAE_87,Pony,,Pony,Equidae,Poney,Pony,Poni,Pônei,ม้าแคระ,Kuda poni,Pony,ポニー,Pony,Kucyk,Midilli,Пони,Ponei,小馬,Pony,Поні,小马
OLIVE_PIC_OIL_88,Olive,,Olive,Oil,,,,,,,,,,,,,,,,,Olive
PALM_PIC_OIL_88,Palm,,Palm,Oil,Palmier,Palme,Palmera,Palmeira,ปาล์ม,Palem,Palm,ヤシ,Palma,Palma,Palmiye,Пальма,Palmier,棕櫚,Palme,Пальма,棕榈
COCONUT_PIC_OIL_88,Coconut,,Coconut,Oil,,,,,,,,,,,,,,,,,Coconut
LEOPARD_PIC_BIG_CATS_89,Leopard,,Leopard,Big cats,,,,,,,,,,,,,,,,,Leopard
CHEETAH_PIC_BIG_CATS_89,Cheetah,,Cheetah,Big cats,,,,,,,,,,,,,,,,,Cheetah
JAGUAR_PIC_BIG_CATS_89,Jaguar,,Jaguar,Big cats,,,,,,,,,,,,,,,,,Jaguar
PUMA_PIC_BIG_CATS_89,Puma,,Puma,Big cats,,,,,,,,,,,,,,,,,Puma
LION_PIC_BIG_CATS_89,Lion,,Lion,Big cats,Lion,Löwe,León,Leão,สิงโต,Singa,Leeuw,ライオン,Leone,Lew,Aslan,Лев,Leu,獅子,Løve,Лев,狮子
TIGER_PIC_BIG_CATS_89,Tiger,,Tiger,Big cats,,,,,,,,,,,,,,,,,Tiger
COUGAR_PIC_BIG_CATS_89,Cougar,,Cougar,Big cats,,,,,,,,,,,,,,,,,Cougar
BOBCAT_PIC_BIG_CATS_89,Bobcat,,Bobcat,Big cats,,,,,,,,,,,,,,,,,Bobcat
CASH_PIC_PAY_90,Cash,,Cash,Pay,,,,,,,,,,,,,,,,,Cash
BANK_CARD_PIC_PAY_90,Bank card,,Bank card,Pay,,,,,,,,,,,,,,,,,Bank card
COIN_PIC_PAY_90,Coin,,Coin,Pay,,,,,,,,,,,,,,,,,Coin
BANKNOTE_PIC_PAY_90,Banknote,,Banknote,Pay,,,,,,,,,,,,,,,,,Banknote
CRYPTO_PIC_PAY_90,Crypto,,Crypto,Pay,,,,,,,,,,,,,,,,,Crypto
SEXTET_PIC_STRINGS_91,Sextet,strings_banjo_5,Sextet,Strings,,,,,,,,,,,,,,,,,Sextet
QUARTET_PIC_STRINGS_91,Quartet,strings_cello_3,Quartet,Strings,,,,,,,,,,,,,,,,,Quartet
TRIO_PIC_STRINGS_91,Trio,strings_guitar_2,Trio,Strings,,,,,,,,,,,,,,,,,Trio
DUET_PIC_STRINGS_91,Duet,strings_harp_6,Duet,Strings,,,,,,,,,,,,,,,,,Duet
QUINTET_PIC_STRINGS_91,Quintet,strings_mandolin_8,Quintet,Strings,,,,,,,,,,,,,,,,,Quintet
CHOIR_PIC_STRINGS_91,Choir,strings_ukulele_7,Choir,Strings,Chœur,Chor,Coro,Coro,คณะนักร้อง,Paduan suara,Koor,合唱団,Coro,Chór,Koro,Хор,Cor,合唱團,Kor,Хор,合唱团
SEPTET_PIC_STRINGS_91,Septet,strings_viola_4,Septet,Strings,,,,,,,,,,,,,,,,,Septet
OCTET_PIC_STRINGS_91,Octet,strings_violin_1,Octet,Strings,,,,,,,,,,,,,,,,,Octet
OBOE_PIC_VIOLIN_92,Oboe,,Oboe,Violin,Hautbois,Oboe,Oboe,Oboé,โอโบ,Obo,Hobo,オーボエ,Oboe,Obój,Obua,Гобой,Oboi,雙簧管,Obo,Гобой,双簧管
CLARINET_PIC_VIOLIN_92,Clarinet,,Clarinet,Violin,Clarinette,Klarinette,Clarinete,Clarinete,คลาริเน็ต,Klarinet,Klarinet,クラリネット,Clarinetto,Klarnet,Klarnet,Кларнет,Clarinet,單簧管,Klarinet,Кларнет,单簧管
FLUTE_PIC_VIOLIN_92,Flute,,Flute,Violin,Flûte,Flöte,Flauta,Flauta,ฟลุต,Seruling,Fluit,フルート,Flauto,Flet,Flüt,Флейта,Flaut,長笛,Fløjte,Флейта,长笛
CELLO_PIC_VIOLIN_92,Cello,,Cello,Violin,Violoncelle,Cello,Violonchelo,Violoncelo,เชลโล,Cello,Cello,チェロ,Violoncello,Wiolonczela,Çello,Виолончель,Violoncel,大提琴,Cello,Віолончель,大提琴
BUOY_PIC_BEACH_93,Buoy,beach_buoy_1,Buoy,Beach,,,,,,,,,,,,,,,,,Buoy
SEAGULL_PIC_BEACH_93,Seagull,beach_seagull_2,Seagull,Beach,,,,,,,,,,,,,,,,,Seagull
BAY_PIC_BEACH_93,Bay,beach_bay_3,Bay,Beach,Baie,Bucht,Bahía,Baía,อ่าว,Teluk,Baai,湾,Baia,Zatoka,Koy,Бухта,Golf,海灣,Bugt,Затока,海湾
SAND_PIC_BEACH_93,Sand,beach_sand_4,Sand,Beach,Sable,Sand,Arena,Areia,ทราย,Pasir,Zand,砂浜,Sabbia,Piasek,Kum,Песок,Nisip,沙,Sand,Пісок,沙
WAVES_PIC_BEACH_93,Waves,beach_waves_5,Waves,Beach,,,,,,,,,,,,,,,,,Waves
SHELLS_PIC_BEACH_93,Shells,beach_shells_6,Shells,Beach,,,,,,,,,,,,,,,,,Shells
CHICKEN_PIC_EGG_94,Chicken,,Chicken,Egg,,,,,,,,,,,,,,,,,Chicken
DUCK_PIC_EGG_94,Duck,,Duck,Egg,Canard,Ente,Pato,Pato,เป็ด,Bebek,Eend,アヒル,Anatra,Kaczka,Ördek,Утка,Rață,鴨子,And,Качка,鸭子
QUAIL_PIC_EGG_94,Quail,,Quail,Egg,,,,,,,,,,,,,,,,,Quail
GOOSE_PIC_EGG_94,Goose,,Goose,Egg,,,,,,,,,,,,,,,,,Goose
TURKEY_PIC_EGG_94,Turkey,,Turkey,Egg,,,,,,,,,,,,,,,,,Turkey
OSTRICH_PIC_EGG_94,Ostrich,,Ostrich,Egg,,,,,,,,,,,,,,,,,Ostrich
SWAN_PIC_EGG_94,Swan,,Swan,Egg,Cygne,Schwan,Cisne,Cisne,หงส์,Angsa,Zwaan,白鳥,Cigno,Łabędź,Kuğu,Лебедь,Lebădă,天鵝,Svane,Лебідь,天鹅
PENGUIN_PIC_EGG_94,Penguin,,Penguin,Egg,,,,,,,,,,,,,,,,,Penguin
TROLL_PIC_FOLKLORE_95,Troll,folklore_troll_1,Troll,Folklore,,,,,,,,,,,,,,,,,Troll
GOBLIN_PIC_FOLKLORE_95,Goblin,folklore_goblin_2,Goblin,Folklore,,,,,,,,,,,,,,,,,Goblin
OGRE_PIC_FOLKLORE_95,Ogre,folklore_ogre_3,Ogre,Folklore,,,,,,,,,,,,,,,,,Ogre
BANSHEE_PIC_FOLKLORE_95,Banshee,folklore_banshee_4,Banshee,Folklore,,,,,,,,,,,,,,,,,Banshee
UNICORN_PIC_FOLKLORE_95,Unicorn,folklore_unicorn_5,Unicorn,Folklore,,,,,,,,,,,,,,,,,Unicorn
FAIRY_PIC_FOLKLORE_95,Fairy,folklore_fairy_6,Fairy,Folklore,,,,,,,,,,,,,,,,,Fairy
GNOME_PIC_FOLKLORE_95,Gnome,folklore_gnome_7,Gnome,Folklore,,,,,,,,,,,,,,,,,Gnome
GENIE_PIC_FOLKLORE_95,Genie,folklore_genie_8,Genie,Folklore,,,,,,,,,,,,,,,,,Genie
DOLLAR_PIC_MONEY_96,Dollar,,Dollar,Money,,,,,,,,,,,,,,,,,Dollar
YEN_PIC_MONEY_96,Yen,,Yen,Money,,,,,,,,,,,,,,,,,Yen
FRANC_PIC_MONEY_96,Franc,,Franc,Money,,,,,,,,,,,,,,,,,Franc
EURO_PIC_MONEY_96,Euro,,Euro,Money,,,,,,,,,,,,,,,,,Euro
PESO_PIC_MONEY_96,Peso,,Peso,Money,,,,,,,,,,,,,,,,,Peso
YUAN_PIC_MONEY_96,Yuan,,Yuan,Money,,,,,,,,,,,,,,,,,Yuan
RUPEE_PIC_MONEY_96,Rupee,,Rupee,Money,,,,,,,,,,,,,,,,,Rupee
LIRA_PIC_MONEY_96,Lira,,Lira,Money,,,,,,,,,,,,,,,,,Lira
CHALK_PIC_SUPPLIES_97,Chalk,supplies_calculator_8,Chalk,Supplies,,,,,,,,,,,,,,,,,Chalk
INK_PIC_SUPPLIES_97,Ink,supplies_filefolder_6,Ink,Supplies,Encre,Tinte,Tinta,Tinta,หมึก,Tinta,Inkt,インク,Inchiostro,Atrament,Mürekkep,Чернила,Cerneală,墨水,Blæk,Чорнило,墨水
PEN_PIC_SUPPLIES_97,Pen,supplies_notebook_4,Pen,Supplies,,,,,,,,,,,,,,,,,Pen
MARKER_PIC_SUPPLIES_97,Marker,supplies_paperclip_3,Marker,Supplies,,,,,,,,,,,,,,,,,Marker
PENCIL_PIC_SUPPLIES_97,Pencil,supplies_pencil_7,Pencil,Supplies,,,,,,,,,,,,,,,,,Pencil
STYLUS_PIC_SUPPLIES_97,Stylus,supplies_rubberstamp_5,Stylus,Supplies,,,,,,,,,,,,,,,,,Stylus
OSCAR_PIC_AWARDS_98,Oscar,,Oscar,Awards,,,,,,,,,,,,,,,,,Oscar
EMMY_PIC_AWARDS_98,Emmy,,Emmy,Awards,,,,,,,,,,,,,,,,,Emmy
TONY_PIC_AWARDS_98,Tony,,Tony,Awards,,,,,,,,,,,,,,,,,Tony
GRAMMY_PIC_AWARDS_98,Grammy,,Grammy,Awards,,,,,,,,,,,,,,,,,Grammy
TEARS_PIC_FLUIDS_99,Tears,,Tears,Fluids,,,,,,,,,,,,,,,,,Tears
SALIVA_PIC_FLUIDS_99,Saliva,,Saliva,Fluids,,,,,,,,,,,,,,,,,Saliva
SWEAT_PIC_FLUIDS_99,Sweat,,Sweat,Fluids,,,,,,,,,,,,,,,,,Sweat
BLOOD_PIC_FLUIDS_99,Blood,,Blood,Fluids,,,,,,,,,,,,,,,,,Blood
WALL_MIRROR_PIC_WALL_100,Wall mirror,,Wall mirror,Wall,,,,,,,,,,,,,,,,,Wall mirror
WALL_DOORBELL_PIC_WALL_100,Wall doorbell,,Wall doorbell,Wall,,,,,,,,,,,,,,,,,Wall doorbell
WALL_SWITCH_PIC_WALL_100,Wall switch,,Wall switch,Wall,,,,,,,,,,,,,,,,,Wall switch
WALL_POSTER_PIC_WALL_100,Wall poster,,Wall poster,Wall,,,,,,,,,,,,,,,,,Wall poster
WRENCH_PIC_MECHANIC_101,Wrench,,Wrench,Mechanic,,,,,,,,,,,,,,,,,Wrench
SPANNER_PIC_MECHANIC_101,Spanner,,Spanner,Mechanic,,,,,,,,,,,,,,,,,Spanner
RATCHET_PIC_MECHANIC_101,Ratchet,,Ratchet,Mechanic,,,,,,,,,,,,,,,,,Ratchet
WORKSHOP_PIC_MECHANIC_101,Workshop,,Workshop,Mechanic,,,,,,,,,,,,,,,,,Workshop
PLIERS_PIC_MECHANIC_101,Pliers,,Pliers,Mechanic,,,,,,,,,,,,,,,,,Pliers
JACK_PIC_MECHANIC_101,Jack,,Jack,Mechanic,,,,,,,,,,,,,,,,,Jack
OASIS_PIC_SAND_102,Oasis,,Oasis,Sand,,,,,,,,,,,,,,,,,Oasis
CACTUS_PIC_SAND_102,Cactus,,Cactus,Sand,Cactus,Kaktus,Cactus,Cacto,กระบองเพชร,Kaktus,Cactus,サボテン,Cactus,Kaktus,Kaktüs,Кактус,Cactus,仙人掌,Kaktus,Кактус,仙人掌
MIRAGE_PIC_SAND_102,Mirage,,Mirage,Sand,,,,,,,,,,,,,,,,,Mirage
DUNE_PIC_SAND_102,Dune,,Dune,Sand,,,,,,,,,,,,,,,,,Dune
AUDIO_RECORDER_PIC_REPORTER_103,Audio recorder,,Audio recorder,Reporter,,,,,,,,,,,,,,,,,Audio recorder
PRESS_CARD_PIC_REPORTER_103,Press card,,Press card,Reporter,,,,,,,,,,,,,,,,,Press card
HEADLINE_PIC_REPORTER_103,Headline,,Headline,Reporter,,,,,,,,,,,,,,,,,Headline
GIFTS_PIC_SANTA_104,Gifts,,Gifts,Santa,,,,,,,,,,,,,,,,,Gifts
SLEIGH_PIC_SANTA_104,Sleigh,,Sleigh,Santa,,,,,,,,,,,,,,,,,Sleigh
CHIMNEY_PIC_SANTA_104,Chimney,,Chimney,Santa,,,,,,,,,,,,,,,,,Chimney
ELVES_PIC_SANTA_104,Elves,,Elves,Santa,,,,,,,,,,,,,,,,,Elves
CLAUS_PIC_SANTA_104,Claus,,Claus,Santa,,,,,,,,,,,,,,,,,Claus
REINDEER_PIC_SANTA_104,Reindeer,,Reindeer,Santa,Renne,Rentier,Reno,Rena,กวางเรนเดียร์,Rusa kutub,Rendier,トナカイ,Renna,Renifer,Ren geyiği,Северный олень,Ren,馴鹿,Rensdyr,Олень,驯鹿
STOCKING_PIC_SANTA_104,Stocking,,Stocking,Santa,,,,,,,,,,,,,,,,,Stocking
BEARD_PIC_SANTA_104,Beard,,Beard,Santa,,,,,,,,,,,,,,,,,Beard
APRICOT_PIC_DRUPES_105,Apricot,drupes_apricot_1,Apricot,Drupes,,,,,,,,,,,,,,,,,Apricot
PEACH_PIC_DRUPES_105,Peach,drupes_peach_2,Peach,Drupes,,,,,,,,,,,,,,,,,Peach
PLUM_PIC_DRUPES_105,Plum,drupes_plum_3,Plum,Drupes,,,,,,,,,,,,,,,,,Plum
CHERRY_PIC_DRUPES_105,Cherry,drupes_cherry_4,Cherry,Drupes,,,,,,,,,,,,,,,,,Cherry
MANGO_PIC_DRUPES_105,Mango,drupes_mango_5,Mango,Drupes,,,,,,,,,,,,,,,,,Mango
LOQUAT_PIC_DRUPES_105,Loquat,drupes_loquat_6,Loquat,Drupes,,,,,,,,,,,,,,,,,Loquat
OLIVE_PIC_DRUPES_105,Olive,drupes_olive_7,Olive,Drupes,,,,,,,,,,,,,,,,,Olive
LYCHEE_PIC_DRUPES_105,Lychee,drupes_lychee_8,Lychee,Drupes,,,,,,,,,,,,,,,,,Lychee
GAMBLER_PIC_COWBOY_106,Gambler,,Gambler,Cowboy,Joueur,Spieler,Jugador,Jogador,นักพนัน,Penjudi,Gokker,ギャンブラー,Giocatore,Hazardzista,Kumarbaz,Игрок,Jucător,賭徒,Spiller,Гравець,赌徒
HORSE_PIC_COWBOY_106,Horse,,Horse,Cowboy,Cheval,Pferd,Caballo,Cavalo,ม้า,Kuda,Paard,馬,Cavallo,Koń,At,Лошадь,Cal,馬,Hest,Кінь,马
BOOTS_PIC_COWBOY_106,Boots,,Boots,Cowboy,,,,,,,,,,,,,,,,,Boots
LASSO_PIC_COWBOY_106,Lasso,,Lasso,Cowboy,Lasso,Lasso,Lazo,Laço,บ่วงบาศก์,Laso,Lasso,投げ縄,Lazo,Lasso,Kement,Лассо,Lasso,套索,Lasso,Ласо,套索
FIRST_AID_PIC_SURVIVAL_107,First aid,survival_compass_1,First aid,Survival,,,,,,,,,,,,,,,,,First aid
WARM_HAT_PIC_SURVIVAL_107,Warm hat,survival_firstaidkit_8,Warm hat,Survival,,,,,,,,,,,,,,,,,Warm hat
RAIN_JACKET_PIC_SURVIVAL_107,Rain jacket,survival_flashlight_2,Rain jacket,Survival,,,,,,,,,,,,,,,,,Rain jacket
RESCUE_FLASHLIGHT_PIC_SURVIVAL_107,Rescue flashlight,survival_matches_4,Rescue flashlight,Survival,,,,,,,,,,,,,,,,,Rescue flashlight
BABY_OWLET_PIC_BABY_BIRDS_108,Baby owlet,,Baby owlet,Baby birds,,,,,,,,,,,,,,,,,Baby owlet
BABY_EAGLET_PIC_BABY_BIRDS_108,Baby eaglet,,Baby eaglet,Baby birds,,,,,,,,,,,,,,,,,Baby eaglet
BABY_SQUAB_PIC_BABY_BIRDS_108,Baby squab,,Baby squab,Baby birds,,,,,,,,,,,,,,,,,Baby squab
BABY_POULT_PIC_BABY_BIRDS_108,Baby poult,,Baby poult,Baby birds,,,,,,,,,,,,,,,,,Baby poult
BABY_DUCKLING_PIC_BABY_BIRDS_108,Baby duckling,,Baby duckling,Baby birds,,,,,,,,,,,,,,,,,Baby duckling
BABY_GOSLING_PIC_BABY_BIRDS_108,Baby gosling,,Baby gosling,Baby birds,,,,,,,,,,,,,,,,,Baby gosling
BABY_CYGNET_PIC_BABY_BIRDS_108,Baby cygnet,,Baby cygnet,Baby birds,,,,,,,,,,,,,,,,,Baby cygnet
BABY_PUFFLING_PIC_BABY_BIRDS_108,Baby puffling,,Baby puffling,Baby birds,,,,,,,,,,,,,,,,,Baby puffling
BANANA_PIC_YELLOW_109,Banana,yellow_banana_1,Banana,Yellow,,,,,,,,,,,,,,,,,Banana
CANARY_PIC_YELLOW_109,Canary,yellow_cheese_4,Canary,Yellow,,,,,,,,,,,,,,,,,Canary
CORN_PIC_YELLOW_109,Corn,yellow_corn_2,Corn,Yellow,,,,,,,,,,,,,,,,,Corn
YOLK_PIC_YELLOW_109,Yolk,yellow_gold_3,Yolk,Yellow,,,,,,,,,,,,,,,,,Yolk
CURRY_PIC_YELLOW_109,Curry,yellow_rubberduck_5,Curry,Yellow,,,,,,,,,,,,,,,,,Curry
MUSTARD_PIC_YELLOW_109,Mustard,yellow_yellowgemstone_7,Mustard,Yellow,,,,,,,,,,,,,,,,,Mustard
LEMON_PIC_YELLOW_109,Lemon,yellow_lemon_6,Lemon,Yellow,Citron,Zitrone,Limón,Limão,เลมอน,Lemon,Citroen,レモン,Limone,Cytryna,Limon,Лимон,Lămâie,檸檬,Citron,Лимон,柠檬
SUN_PIC_YELLOW_109,Sun,yellow_yellowrose_8,Sun,Yellow,,,,,,,,,,,,,,,,,Sun
TENT_PIC_HOUSING_110,Tent,,Tent,Housing,Tente,Zelt,Tienda,Barraca,เต็นท์,Tenda,Tent,テント,Tenda,Namiot,Çadır,Палатка,Cort,帳篷,Telt,Намет,帐篷
BUNGALOW_PIC_HOUSING_110,Bungalow,,Bungalow,Housing,,,,,,,,,,,,,,,,,Bungalow
DUPLEX_PIC_HOUSING_110,Duplex,,Duplex,Housing,,,,,,,,,,,,,,,,,Duplex
MANSION_PIC_HOUSING_110,Mansion,,Mansion,Housing,Manoir,Herrenhaus,Mansión,Mansão,คฤหาสน์,Rumah besar,Herenhuis,大邸宅,Magione,Rezydencja,Konak,Особняк,Conac,府邸,Palæ,Маєток,府邸
FILES_PIC_SCREEN_111,Files,screen_calculator_8,Files,Screen,,,,,,,,,,,,,,,,,Files
FOLDER_PIC_SCREEN_111,Folder,screen_ereader_3,Folder,Screen,,,,,,,,,,,,,,,,,Folder
BIN_PIC_SCREEN_111,Bin,screen_handheldgameconsole_6,Bin,Screen,,,,,,,,,,,,,,,,,Bin
TASKBAR_PIC_SCREEN_111,Taskbar,screen_laptop_2,Taskbar,Screen,,,,,,,,,,,,,,,,,Taskbar
WIDGET_PIC_SCREEN_111,Widget,screen_moviescreen_7,Widget,Screen,,,,,,,,,,,,,,,,,Widget
SHORTCUT_PIC_SCREEN_111,Shortcut,screen_smartphone_4,Shortcut,Screen,,,,,,,,,,,,,,,,,Shortcut
ICONS_PIC_SCREEN_111,Icons,screen_smartwatch_5,Icons,Screen,,,,,,,,,,,,,,,,,Icons
CURSOR_PIC_SCREEN_111,Cursor,screen_tv_1,Cursor,Screen,,,,,,,,,,,,,,,,,Cursor
LEONARDO_PIC_TURTLES_112,Leonardo,,Leonardo,Turtles,,,,,,,,,,,,,,,,,Leonardo
DONNIE_PIC_TURTLES_112,Donnie,,Donnie,Turtles,,,,,,,,,,,,,,,,,Donnie
RAPH_PIC_TURTLES_112,Raph,,Raph,Turtles,,,,,,,,,,,,,,,,,Raph
MIKEY_PIC_TURTLES_112,Mikey,,Mikey,Turtles,,,,,,,,,,,,,,,,,Mikey
PACIFIER_PIC_BABY_113,Pacifier,babies_pacifier_1,Pacifier,Baby,Tétine,Schnuller,Chupete,Chupeta,จุกนมหลอก,Dot,Fopspeen,おしゃぶり,Ciuccio,Smoczek,Emzik,Пустышка,Suzetă,安撫奶嘴,Sut,Соска,安抚奶嘴
DIAPER_PIC_BABY_113,Diaper,babies_diaper_2,Diaper,Baby,,,,,,,,,,,,,,,,,Diaper
RATTLE_PIC_BABY_113,Rattle,babies_rattle_3,Rattle,Baby,,,,,,,,,,,,,,,,,Rattle
STROLLER_PIC_BABY_113,Stroller,babies_stroller_4,Stroller,Baby,,,,,,,,,,,,,,,,,Stroller
BAGELS_PIC_BAKING_114,Bagels,baking_butter_4,Bagels,Baking,,,,,,,,,,,,,,,,,Bagels
CAKE_PIC_BAKING_114,Cake,baking_chocolatechips_6,Cake,Baking,,,,,,,,,,,,,,,,,Cake
COOKIES_PIC_BAKING_114,Cookies,baking_cream_8,Cookies,Baking,,,,,,,,,,,,,,,,,Cookies
PIE_PIC_BAKING_114,Pie,baking_eggs_2,Pie,Baking,,,,,,,,,,,,,,,,,Pie
GOATEE_PIC_BEARDS_115,Goatee,,Goatee,Beards,Bouc,Spitzbart,Perilla,Cavanhaque,เคราแพะ,Janggut kambing,Sik,山羊ひげ,Pizzetto,Kozia bródka,Keçi sakalı,Козлиная бородка,Barbișon,山羊鬍,Fipskæg,Борідка,山羊胡
BALBO_PIC_BEARDS_115,Balbo,,Balbo,Beards,Balbo,Balbo,Balbo,Balbo,บัลโบ,Balbo,Balbo,バルボ,Balbo,Balbo,Balbo,Бальбо,Balbo,巴爾博鬍,Balbo,Бальбо,巴尔博胡
DUCKTAIL_PIC_BEARDS_115,Ducktail,,Ducktail,Beards,Queue de canard,Entenschwanz,Cola de pato,Rabo de pato,ดั๊กเทล,Ekor bebek,Eendenstaart,ダックテール,Coda d'anatra,Kaczka,Ördek kuyruğu,Утиный хвост,Coadă de rață,鴨尾鬍,Andefrisure,Качиний хвіст,鸭尾胡
CAT_PIC_WHISKERS_116,Cat,whiskers_cat_1,Cat,Whiskers,Chat,Katze,Gato,Gato,แมว,Kucing,Kat,猫,Gatto,Kot,Kedi,Кошка,Pisică,貓,Kat,Кіт,猫
DOG_PIC_WHISKERS_116,Dog,whiskers_dog_2,Dog,Whiskers,Chien,Hund,Perro,Cão,สุนัข,Anjing,Hond,犬,Cane,Pies,Köpek,Собака,Câine,狗,Hund,Пес,狗
SEAL_PIC_WHISKERS_116,Seal,whiskers_seal_3,Seal,Whiskers,Sceau,Siegel,Lacre,Lacre,ตราประทับ,Segel,Zegel,封蝋,Sigillo,Pieczęć,Mühür,Печать,Sigiliu,封蠟,Sæl,Тюлень,封蜡
WALRUS_PIC_WHISKERS_116,Walrus,whiskers_walrus_4,Walrus,Whiskers,Morse,Walross,Morsa,Morsa,วอลรัส,Walrus,Walrus,セイウチ,Tricheco,Mors,Mors,Морж,Morsă,海象,Hvalros,Морж,海象
OTTER_PIC_WHISKERS_116,Otter,whiskers_otter_5,Otter,Whiskers,,,,,,,,,,,,,,,,,Otter
HOODIE_PIC_LAUNDRY_117,Hoodie,,Hoodie,Laundry,,,,,,,,,,,,,,,,,Hoodie
BLOUSE_PIC_LAUNDRY_117,Blouse,,Blouse,Laundry,,,,,,,,,,,,,,,,,Blouse
SKIRT_PIC_LAUNDRY_117,Skirt,,Skirt,Laundry,,,,,,,,,,,,,,,,,Skirt
TROUSERS_PIC_LAUNDRY_117,Trousers,,Trousers,Laundry,,,,,,,,,,,,,,,,,Trousers
VEST_PIC_LAUNDRY_117,Vest,,Vest,Laundry,,,,,,,,,,,,,,,,,Vest
CHEST_X_RAY_PIC_X_RAY_118,Chest X-ray,,Chest X-ray,X-ray,,,,,,,,,,,,,,,,,Chest X
TEETH_X_RAY_PIC_X_RAY_118,Teeth X-ray,,Teeth X-ray,X-ray,,,,,,,,,,,,,,,,,Teeth X
ABDOMEN_X_RAY_PIC_X_RAY_118,Abdomen X-ray,,Abdomen X-ray,X-ray,,,,,,,,,,,,,,,,,Abdomen X
SKULL_X_RAY_PIC_X_RAY_118,Skull X-ray,,Skull X-ray,X-ray,,,,,,,,,,,,,,,,,Skull X
SCARF_PIC_NECKWEAR_119,Scarf,,Scarf,Neckwear,,,,,,,,,,,,,,,,,Scarf
NECKTIE_PIC_NECKWEAR_119,Necktie,,Necktie,Neckwear,,,,,,,,,,,,,,,,,Necktie
BOW_TIE_PIC_NECKWEAR_119,Bow tie,,Bow tie,Neckwear,,,,,,,,,,,,,,,,,Bow tie
CHOKER_PIC_NECKWEAR_119,Choker,,Choker,Neckwear,,,,,,,,,,,,,,,,,Choker
TOAST_PIC_UTENSILS_120,Toast,utensils_bowl_1,Toast,Utensils,,,,,,,,,,,,,,,,,Toast
CHEESE_PIC_UTENSILS_120,Cheese,utensils_chopsticks_3,Cheese,Utensils,Fromage,Käse,Queso,Queijo,ชีส,Keju,Kaas,チーズ,Formaggio,Ser,Peynir,Сыр,Brânză,起司,Ost,Сир,起司
HAM_PIC_UTENSILS_120,Ham,utensils_cup_6,Ham,Utensils,,,,,,,,,,,,,,,,,Ham
LETTUCE_PIC_UTENSILS_120,Lettuce,utensils_dinnerknife_7,Lettuce,Utensils,,,,,,,,,,,,,,,,,Lettuce
MAYO_PIC_UTENSILS_120,Mayo,utensils_fork_5,Mayo,Utensils,,,,,,,,,,,,,,,,,Mayo
TOMATO_PIC_UTENSILS_120,Tomato,utensils_placemat_8,Tomato,Utensils,,,,,,,,,,,,,,,,,Tomato
PICKLES_PIC_UTENSILS_120,Pickles,utensils_plate_2,Pickles,Utensils,,,,,,,,,,,,,,,,,Pickles
SAUSAGE_PIC_UTENSILS_120,Sausage,utensils_spoon_4,Sausage,Utensils,Saucisse,Wurst,Salchicha,Salsicha,ไส้กรอก,Sosis,Worst,ソーセージ,Salsiccia,Parówka,Sosis,Сосиска,Cârnat,香腸,Pølse,Ковбаса,香肠
ALARM_PIC_WAKE_UP_121,Alarm,,Alarm,Wake up,,,,,,,,,,,,,,,,,Alarm
SUNRISE_PIC_WAKE_UP_121,Sunrise,,Sunrise,Wake up,,,,,,,,,,,,,,,,,Sunrise
ROOSTER_PIC_WAKE_UP_121,Rooster,,Rooster,Wake up,,,,,,,,,,,,,,,,,Rooster
BLANKET_PIC_PICNIC_122,Blanket,picnic_blanket_1,Blanket,Picnic,,,,,,,,,,,,,,,,,Blanket
BASKET_PIC_PICNIC_122,Basket,picnic_basket_2,Basket,Picnic,,,,,,,,,,,,,,,,,Basket
SANDWICH_PIC_PICNIC_122,Sandwich,picnic_sandwich_3,Sandwich,Picnic,,,,,,,,,,,,,,,,,Sandwich
ANTS_PIC_PICNIC_122,Ants,picnic_ants_4,Ants,Picnic,,,,,,,,,,,,,,,,,Cutlery
JUICE_PIC_PICNIC_122,Juice,picnic_juice_5,Juice,Picnic,Jus,Saft,Zumo,Suco,น้ำผลไม้,Jus,Sap,ジュース,Succo,Sok,Meyve suyu,Сок,Suc,果汁,Juice,Сік,果汁
SUN_PIC_PICNIC_122,Sun,picnic_sun_6,Sun,Picnic,,,,,,,,,,,,,,,,,Sun
GRASS_PIC_PICNIC_122,Grass,picnic_grass_7,Grass,Picnic,,,,,,,,,,,,,,,,,Grass
CRACKERS_PIC_PICNIC_122,Crackers,picnic_crackers_8,Crackers,Picnic,,,,,,,,,,,,,,,,,Crackers
KETTLE_PIC_WHISTLE_123,Kettle,,Kettle,Whistle,,,,,,,,,,,,,,,,,Kettle
REFEREE_PIC_WHISTLE_123,Referee,,Referee,Whistle,,,,,,,,,,,,,,,,,Referee
BIRD_PIC_WHISTLE_123,Bird,,Bird,Whistle,,,,,,,,,,,,,,,,,Bird
GUM_PIC_CANDY_124,Gum,candy_gum_1,Gum,Candy,,,,,,,,,,,,,,,,,Gum
CHOCO_PIC_CANDY_124,Choco,candy_choco_2,Choco,Candy,,,,,,,,,,,,,,,,,Choco
FUDGE_PIC_CANDY_124,Fudge,candy_fudge_3,Fudge,Candy,,,,,,,,,,,,,,,,,Fudge
LOLLIPOP_PIC_CANDY_124,Lollipop,candy_lollipop_4,Lollipop,Candy,,,,,,,,,,,,,,,,,Lollipop
FIREFLY_PIC_WINGS_125,Firefly,,Firefly,Wings,,,,,,,,,,,,,,,,,Sparrow
BUTTERFLY_PIC_WINGS_125,Butterfly,,Butterfly,Wings,,,,,,,,,,,,,,,,,Airplane
EAGLE_PIC_WINGS_125,Eagle,,Eagle,Wings,Aigle,Adler,Águila,Águia,นกอินทรี,Elang,Arend,ワシ,Aquila,Orzeł,Kartal,Орёл,Vultur,老鷹,Ørn,Орел,老鹰
PIGEON_PIC_WINGS_125,Pigeon,,Pigeon,Wings,,,,,,,,,,,,,,,,,Pigeon
BAT_PIC_WINGS_125,Bat,,Bat,Wings,,,,,,,,,,,,,,,,,Bat
ANGEL_PIC_WINGS_125,Angel,,Angel,Wings,,,,,,,,,,,,,,,,,Angel
DRAGON_PIC_WINGS_125,Dragon,,Dragon,Wings,,,,,,,,,,,,,,,,,Dragon
PEGASUS_PIC_WINGS_125,Pegasus,,Pegasus,Wings,,,,,,,,,,,,,,,,,Pegasus
STOP_PIC_SIGN_126,Stop,,Stop,Sign,,,,,,,,,,,,,,,,,Stop
YIELD_PIC_SIGN_126,Yield,,Yield,Sign,,,,,,,,,,,,,,,,,Yield
SPEED_LIMIT_PIC_SIGN_126,Speed limit,,Speed limit,Sign,,,,,,,,,,,,,,,,,Speed limit
NO_TURNS_PIC_SIGN_126,No turns,,No turns,Sign,,,,,,,,,,,,,,,,,No turns
KEEP_RIGHT_PIC_SIGN_126,Keep right,,Keep right,Sign,,,,,,,,,,,,,,,,,Keep right
KEEP_LEFT_PIC_SIGN_126,Keep left,,Keep left,Sign,,,,,,,,,,,,,,,,,Keep left
DEER_PIC_RUMINANT_127,Deer,,Deer,Ruminant,,,,,,,,,,,,,,,,,Deer
GAZELLE_PIC_RUMINANT_127,Gazelle,,Gazelle,Ruminant,,,,,,,,,,,,,,,,,Gazelle
ANTELOPE_PIC_RUMINANT_127,Antelope,,Antelope,Ruminant,,,,,,,,,,,,,,,,,Antelope
MAGIC_PIC_HALLOWEEN_128,Magic,halloween_bat_3,Magic,Halloween,,,,,,,,,,,,,,,,,Magic
DRAGON_FIRE_PIC_HALLOWEEN_128,Dragon fire,halloween_blackcat_4,Dragon fire,Halloween,,,,,,,,,,,,,,,,,Dragon fire
SWORD_PIC_HALLOWEEN_128,Sword,halloween_candybucket_7,Sword,Halloween,,,,,,,,,,,,,,,,,Sword
ELF_PIC_HALLOWEEN_128,Elf,halloween_ghost_2,Elf,Halloween,,,,,,,,,,,,,,,,,Elf
TROLL_PIC_HALLOWEEN_128,Troll,halloween_jackolantern_1,Troll,Halloween,,,,,,,,,,,,,,,,,Troll
CASTLE_PIC_HALLOWEEN_128,Castle,halloween_skeleton_8,Castle,Halloween,Château,Burg,Castillo,Castelo,ปราสาท,Kastil,Kasteel,城,Castello,Zamek,Kale,Замок,Castel,城堡,Slot,Замок,城堡
ORACLE_PIC_HALLOWEEN_128,Oracle,halloween_spiderweb_6,Oracle,Halloween,,,,,,,,,,,,,,,,,Oracle
BEAST_PIC_HALLOWEEN_128,Beast,halloween_witchhat_5,Beast,Halloween,,,,,,,,,,,,,,,,,Beast
LINES_PIC_CANVAS_129,Lines,,Lines,Canvas,,,,,,,,,,,,,,,,,Lines
SHAPES_PIC_CANVAS_129,Shapes,,Shapes,Canvas,,,,,,,,,,,,,,,,,Shapes
COLORS_PIC_CANVAS_129,Colors,,Colors,Canvas,,,,,,,,,,,,,,,,,Colors
TILES_PIC_ARTS_130,Tiles,arts_camera_4,Tiles,Arts,,,,,,,,,,,,,,,,,Tiles
ORNAMENT_PIC_ARTS_130,Ornament,arts_canvas_1,Ornament,Arts,,,,,,,,,,,,,,,,,Ornament
MIRROR_PIC_ARTS_130,Mirror,arts_film_5,Mirror,Arts,,,,,,,,,,,,,,,,,Mirror
TEXTURE_PIC_ARTS_130,Texture,arts_mask_8,Texture,Arts,Texture,Textur,Textura,Textura,เนื้อผิว,Tekstur,Textuur,肌質,Texture,Tekstura,Doku,Текстура,Textură,質地,Tekstur,Текстура,质地
MURALS_PIC_ARTS_130,Murals,arts_palette_2,Murals,Arts,,,,,,,,,,,,,,,,,Murals
PUZZLE_PIC_ARTS_130,Puzzle,arts_sculpture_3,Puzzle,Arts,,,,,,,,,,,,,,,,,Puzzle
FRAME_PIC_ARTS_130,Frame,arts_sheetmusic_6,Frame,Arts,,,,,,,,,,,,,,,,,Frame
GRID_PIC_ARTS_130,Grid,arts_stagecurtain_7,Grid,Arts,,,,,,,,,,,,,,,,,Grid
BAGS_PIC_MARKET_131,Bags,,Bags,Market,,,,,,,,,,,,,,,,,Bags
GOODS_PIC_MARKET_131,Goods,,Goods,Market,Biens,Waren,Bienes,Bens,สินค้า,Barang,Goederen,商品,Merci,Towary,Mallar,Товары,Mărfuri,商品,Varer,Товари,商品
FRUITS_PIC_MARKET_131,Fruits,,Fruits,Market,,,,,,,,,,,,,,,,,Fruits
TAGS_PIC_MARKET_131,Tags,,Tags,Market,,,,,,,,,,,,,,,,,Tags
ROPE_PIC_SAILOR_132,Rope,sailor_rope_1,Rope,Sailor,,,,,,,,,,,,,,,,,Rope
FLAG_PIC_SAILOR_132,Flag,sailor_flag_2,Flag,Sailor,,,,,,,,,,,,,,,,,Flag
STORM_PIC_SAILOR_132,Storm,sailor_storm_3,Storm,Sailor,,,,,,,,,,,,,,,,,Storm
KNOT_PIC_SAILOR_132,Knot,sailor_knot_4,Knot,Sailor,,,,,,,,,,,,,,,,,Knot
BRICK_PIC_STREET_133,Brick,,Brick,Street,,,,,,,,,,,,,,,,,Brick
DRIVER_PIC_STREET_133,Driver,,Driver,Street,Conducteur,Fahrer,Conductor,Motorista,คนขับ,Pengemudi,Bestuurder,運転手,Conducente,Kierowca,Sürücü,Водитель,Șofer,駕駛,Chauffør,Водій,驾驶
CORNER_PIC_STREET_133,Corner,,Corner,Street,Coin,Ecke,Esquina,Esquina,มุม,Sudut,Hoek,角,Angolo,Róg,Köşe,Угол,Colț,街角,Hjørne,Кут,街角
BIKE_PIC_STREET_133,Bike,,Bike,Street,Vélo,Fahrrad,Bici,Bicicleta,จักรยาน,Sepeda,Fiets,自転車,Bici,Rower,Bisiklet,Велосипед,Bicicletă,腳踏車,Cykel,Велосипед,自行车
ROOM_PIC_STUDIO_134,Room,,Room,Studio,,,,,,,,,,,,,,,,,Room
MICROPHONE_STAND_PIC_STUDIO_134,Microphone stand,,Microphone stand,Studio,,,,,,,,,,,,,,,,,Microphone stand
MUSIC_NOTES_PIC_STUDIO_134,Music notes,,Music notes,Studio,,,,,,,,,,,,,,,,,Music notes
CUSHION_PIC_CHAIR_135,Cushion,chair_cushion_1,Cushion,Chair,,,,,,,,,,,,,,,,,Cushion
THRONE_PIC_CHAIR_135,Throne,chair_throne_2,Throne,Chair,,,,,,,,,,,,,,,,,Throne
OTTOMAN_PIC_CHAIR_135,Ottoman,chair_ottoman_3,Ottoman,Chair,Ottoman,Osmanisch,Otomano,Otomano,ออตโตมัน,Ottoman,Ottomanen,オスマン,Ottomano,Osmańscy,Osmanlı,Османы,Otomani,鄂圖曼,Osmannisk,Османський,鄂图曼
STOOL_PIC_CHAIR_135,Stool,chair_stool_4,Stool,Chair,,,,,,,,,,,,,,,,,Stool
ARMREST_PIC_CHAIR_135,Armrest,chair_armchair_5,Armrest,Chair,,,,,,,,,,,,,,,,,Armrest
LOVESEAT_PIC_CHAIR_135,Loveseat,chair_loveseat_6,Loveseat,Chair,,,,,,,,,,,,,,,,,Loveseat
RECLINER_PIC_CHAIR_135,Recliner,chair_recliner_7,Recliner,Chair,,,,,,,,,,,,,,,,,Recliner
BEANBAG_PIC_CHAIR_135,Beanbag,chair_beanbag_8,Beanbag,Chair,,,,,,,,,,,,,,,,,Beanbag
LEGS_PIC_JEANS_136,Legs,,Legs,Jeans,,,,,,,,,,,,,,,,,Legs
ZIPPER_PIC_JEANS_136,Zipper,,Zipper,Jeans,,,,,,,,,,,,,,,,,Zipper
POCKET_PIC_JEANS_136,Pocket,,Pocket,Jeans,,,,,,,,,,,,,,,,,Pocket
PEG_LEG_PIC_PIRATE_137,Peg leg,pirate_jollyroger_1,Peg leg,Pirate,,,,,,,,,,,,,,,,,Peg leg
PARROT_PIC_PIRATE_137,Parrot,pirate_parrot_2,Parrot,Pirate,Perroquet,Papagei,Loro,Papagaio,นกแก้ว,Burung Nuri,Papegaai,オウム,Pappagallo,Papuga,Papağan,Попугай,Papagal,鸚鵡,Papegøje,Папуга,鹦鹉
CUTLASS_PIC_PIRATE_137,Cutlass,pirate_cutlass_3,Cutlass,Pirate,,,,,,,,,,,,,,,,,Cutlass
CANNON_PIC_PIRATE_137,Cannon,pirate_cannon_4,Cannon,Pirate,,,,,,,,,,,,,,,,,Cannon
RUM_PIC_PIRATE_137,Rum,pirate_rum_5,Rum,Pirate,,,,,,,,,,,,,,,,,Rum
TREASURE_PIC_PIRATE_137,Treasure,pirate_treasurechest_8,Treasure,Pirate,,,,,,,,,,,,,,,,,Treasure
TIE_PIC_NECK_138,tie,,tie,Neck,,,,,,,,,,,,,,,,,Necktie
BOW_TIE_PIC_NECK_138,Bow tie,,Bow tie,Neck,,,,,,,,,,,,,,,,,Bow tie
COLLAR_PIC_NECK_138,Collar,,Collar,Neck,,,,,,,,,,,,,,,,,Collar
SCARF_PIC_NECK_138,Scarf,,Scarf,Neck,,,,,,,,,,,,,,,,,Scarf
LION_PIC_CHIMERA_139,Lion,,Lion,Chimera,Lion,Löwe,León,Leão,สิงโต,Singa,Leeuw,ライオン,Leone,Lew,Aslan,Лев,Leu,獅子,Løve,Лев,狮子
GOAT_PIC_CHIMERA_139,Goat,,Goat,Chimera,Chèvre,Ziege,Cabra,Cabra,แพะ,Kambing,Geit,ヤギ,Capra,Koza,Keçi,Козёл,Capră,山羊,Ged,Коза,山羊
SERPENT_PIC_CHIMERA_139,Serpent,,Serpent,Chimera,Serpent,Schlange,Serpiente,Serpente,อสรพิษ,Ular,Slang,大蛇,Serpente,Wąż,Yılan,Змей,Șarpe,巨蛇,Slange,Змій,巨蛇
COIN_PIC_SILVER_140,Coin,,Coin,Silver,,,,,,,,,,,,,,,,,Coin
MEDAL_PIC_SILVER_140,Medal,,Medal,Silver,,,,,,,,,,,,,,,,,Medal
CUTLERY_PIC_SILVER_140,Cutlery,,Cutlery,Silver,,,,,,,,,,,,,,,,,Cutlery
GOBLET_PIC_SILVER_140,Goblet,,Goblet,Silver,,,,,,,,,,,,,,,,,Goblet
TURKEY_PIC_POULTRY_141,Turkey,,Turkey,Poultry,,,,,,,,,,,,,,,,,Turkey
DUCK_PIC_POULTRY_141,Duck,,Duck,Poultry,Canard,Ente,Pato,Pato,เป็ด,Bebek,Eend,アヒル,Anatra,Kaczka,Ördek,Утка,Rață,鴨子,And,Качка,鸭子
CHICKEN_PIC_POULTRY_141,Chicken,,Chicken,Poultry,,,,,,,,,,,,,,,,,Chicken
QUAIL_PIC_POULTRY_141,Quail,,Quail,Poultry,,,,,,,,,,,,,,,,,Quail
HAT_PIC_HEADWEAR_142,Hat,,Hat,Headwear,,,,,,,,,,,,,,,,,Hat
TURBAN_PIC_HEADWEAR_142,Turban,,Turban,Headwear,,,,,,,,,,,,,,,,,Turban
BOWLER_PIC_HEADWEAR_142,Bowler,,Bowler,Headwear,,,,,,,,,,,,,,,,,Bowler
BONNET_PIC_HEADWEAR_142,Bonnet,,Bonnet,Headwear,,,,,,,,,,,,,,,,,Bonnet
FEZ_PIC_HEADWEAR_142,Fez,,Fez,Headwear,,,,,,,,,,,,,,,,,Fez
CAP_PIC_HEADWEAR_142,Cap,,Cap,Headwear,,,,,,,,,,,,,,,,,Cap
CROWN_PIC_HEADWEAR_142,Crown,,Crown,Headwear,,,,,,,,,,,,,,,,,Crown
HELMET_PIC_HEADWEAR_142,Helmet,,Helmet,Headwear,Casque,Helm,Casco,Capacete,หมวกเกราะ,Helm,Helm,兜,Elmo,Hełm,Miğfer,Шлем,Cască,頭盔,Hjelm,Шолом,头盔
UMBRELLA_PIC_RAIN_143,Umbrella,rain_umbrella_1,Umbrella,Rain,,,,,,,,,,,,,,,,,Umbrella
COAT_PIC_RAIN_143,coat,rain_rainboots_5,coat,Rain,,,,,,,,,,,,,,,,,Raincoat
CLOUD_PIC_RAIN_143,Cloud,rain_cloud_3,Cloud,Rain,,,,,,,,,,,,,,,,,Cloud
PUDDLE_PIC_RAIN_143,Puddle,rain_puddle_4,Puddle,Rain,,,,,,,,,,,,,,,,,Puddle
BOOTS_PIC_RAIN_143,boots,rain_rainbow_7,boots,Rain,,,,,,,,,,,,,,,,,Rain boots
LIGHTNING_PIC_RAIN_143,Lightning,rain_lightning_6,Lightning,Rain,,,,,,,,,,,,,,,,,Lightning
GIRAFFE_PIC_HOOFED_144,Giraffe,,Giraffe,Hoofed,,,,,,,,,,,,,,,,,Giraffe
CAMEL_PIC_HOOFED_144,Camel,,Camel,Hoofed,,,,,,,,,,,,,,,,,Camel
SHEEP_PIC_HOOFED_144,Sheep,,Sheep,Hoofed,,,,,,,,,,,,,,,,,Sheep
WARTHOG_PIC_HOOFED_144,Warthog,,Warthog,Hoofed,,,,,,,,,,,,,,,,,Warthog
ZEBRA_PIC_HOOFED_144,Zebra,,Zebra,Hoofed,Zèbre,Zebra,Cebra,Zebra,ม้าลาย,Zebra,Zebra,シマウマ,Zebra,Zebra,Zebra,Зебра,Zebră,斑馬,Zebra,Зебра,斑马
BISON_PIC_HOOFED_144,Bison,,Bison,Hoofed,,,,,,,,,,,,,,,,,Bison
GOAT_PIC_HOOFED_144,Goat,,Goat,Hoofed,Chèvre,Ziege,Cabra,Cabra,แพะ,Kambing,Geit,ヤギ,Capra,Koza,Keçi,Козёл,Capră,山羊,Ged,Коза,山羊
LLAMA_PIC_HOOFED_144,Llama,,Llama,Hoofed,,,,,,,,,,,,,,,,,Llama
DOOR_PIC_KEYS_145,Door,keys_door_1,Door,Keys,,,,,,,,,,,,,,,,,Door
PADLOCK_PIC_KEYS_145,Padlock,keys_padlock_2,Padlock,Keys,,,,,,,,,,,,,,,,,Padlock
CAR_PIC_KEYS_145,Car,keys_car_3,Car,Keys,Voiture,Auto,Coche,Carro,รถยนต์,Mobil,Auto,車,Auto,Samochód,Araba,Машина,Mașină,汽車,Bil,Авто,汽车
SAFE_PIC_KEYS_145,Safe,keys_safe_4,Safe,Keys,,,,,,,,,,,,,,,,,Safe
ANCHOR_PIC_HEAVY_146,Anchor,,Anchor,Heavy,,,,,,,,,,,,,,,,,Anchor
ANVIL_PIC_HEAVY_146,Anvil,,Anvil,Heavy,,,,,,,,,,,,,,,,,Anvil
DUMBBELL_PIC_HEAVY_146,Dumbbell,,Dumbbell,Heavy,Haltère,Hantel,Mancuerna,Haltere,ดัมเบล,Dumbel,Dumbbell,ダンベル,Manubrio,Hantle,Dambıl,Гантель,Ganteră,啞鈴,Håndvægt,Гантель,哑铃
BOULDER_PIC_HEAVY_146,Boulder,,Boulder,Heavy,,,,,,,,,,,,,,,,,Boulder
TRUCK_PIC_HEAVY_146,Truck,,Truck,Heavy,,,,,,,,,,,,,,,,,Truck
SHIP_PIC_HEAVY_146,Ship,,Ship,Heavy,,,,,,,,,,,,,,,,,Ship
FROG_PIC_POND_147,Frog,,Frog,Pond,Grenouille,Frosch,Rana,Rã,กบ,Katak,Kikker,カエル,Rana,Żaba,Kurbağa,Лягушка,Broască,青蛙,Frø,Жаба,青蛙
REED_PIC_POND_147,Reed,,Reed,Pond,Roseau,Schilf,Junco,Junco,กก,Alang-alang,Riet,アシ,Canna,Trzcina,Saz,Камыш,Stuf,蘆葦,Siv,Очерет,芦苇
DUCK_PIC_POND_147,Duck,,Duck,Pond,Canard,Ente,Pato,Pato,เป็ด,Bebek,Eend,アヒル,Anatra,Kaczka,Ördek,Утка,Rață,鴨子,And,Качка,鸭子
MICROPHONE_STAND_PIC_SINGER_148,Microphone stand,,Microphone stand,Singer,,,,,,,,,,,,,,,,,Microphone stand
MUSIC_AWARDS_PIC_SINGER_148,Music awards,,Music awards,Singer,,,,,,,,,,,,,,,,,Music awards
VINYL_RECORD_PIC_SINGER_148,Vinyl record,,Vinyl record,Singer,,,,,,,,,,,,,,,,,Vinyl record
MUSIC_NOTES_PIC_SINGER_148,Music notes,,Music notes,Singer,,,,,,,,,,,,,,,,,Music notes
BAND_PIC_SINGER_148,Band,,Band,Singer,,,,,,,,,,,,,,,,,Band
AUDIENCE_PIC_SINGER_148,Audience,,Audience,Singer,,,,,,,,,,,,,,,,,Audience
LAPTOP_PIC_GADGET_149,Laptop,,Laptop,Gadget,,,,,,,,,,,,,,,,,Laptop
SMARTWATCH_PIC_GADGET_149,Smartwatch,,Smartwatch,Gadget,,,,,,,,,,,,,,,,,Smartwatch
VR_HEADSET_PIC_GADGET_149,VR headset,,VR headset,Gadget,,,,,,,,,,,,,,,,,VR headset
DRONE_PIC_GADGET_149,Drone,,Drone,Gadget,Drone,Drohne,Dron,Drone,โดรน,Drone,Drone,ドローン,Drone,Dron,Drone,Дрон,Dronă,無人機,Drone,Дрон,无人机
ROBOT_VACUUM_PIC_GADGET_149,Robot vacuum,,Robot vacuum,Gadget,,,,,,,,,,,,,,,,,Robot vacuum
OIL_PIC_OLIVES_150,Oil,,Oil,Olives,Huile,Öl,Óleo,Óleo,สีน้ำมัน,Minyak,Olie,油絵,Olio,Olej,Yağlı boya,Масло,Petrol,油畫,Olie,Олія,油画
PIZZA_PIC_OLIVES_150,Pizza,,Pizza,Olives,Pizza,Pizza,Pizza,Pizza,พิซซ่า,Pizza,Pizza,ピザ,Pizza,Pizza,Pizza,Пицца,Pizza,披薩,Pizza,Піца,披萨
SALAD_PIC_OLIVES_150,Salad,,Salad,Olives,,,,,,,,,,,,,,,,,Salad
RULER_PIC_STRAIGHT_151,Ruler,,Ruler,Straight,,,,,,,,,,,,,,,,,Ruler
SWORD_PIC_STRAIGHT_151,Sword,,Sword,Straight,,,,,,,,,,,,,,,,,Sword
RAILS_PIC_STRAIGHT_151,Rails,,Rails,Straight,,,,,,,,,,,,,,,,,Rails
ROD_PIC_STRAIGHT_151,Rod,,Rod,Straight,Canne,Rute,Caña,Vara,คันเบ็ด,Joran,Hengel,竿,Canna,Wędka,Olta,Удочка,Undiță,釣竿,Stang,Стрижень,钓竿
POLE_PIC_STRAIGHT_151,Pole,,Pole,Straight,,,,,,,,,,,,,,,,,Pole
POINTER_PIC_STRAIGHT_151,Pointer,,Pointer,Straight,,,,,,,,,,,,,,,,,Pointer
COLUMN_PIC_STRAIGHT_151,Column,,Column,Straight,,,,,,,,,,,,,,,,,Column
LADDER_PIC_STRAIGHT_151,Ladder,,Ladder,Straight,,,,,,,,,,,,,,,,,Ladder
MILK_PIC_XMAS_152,Milk,xmas_candycane_1,Milk,Xmas,,,,,,,,,,,,,,,,,Milk
COOKIES_PIC_XMAS_152,Cookies,xmas_christmasgift_8,Cookies,Xmas,,,,,,,,,,,,,,,,,Cookies
SANTA_PIC_XMAS_152,Santa,xmas_santa_3,Santa,Xmas,,,,,,,,,,,,,,,,,Santa
BALLOON_PIC_BIRTHDAY_153,Balloon,birthday_balloon_1,Balloon,Birthday,,,,,,,,,,,,,,,,,Balloon
CANDLE_PIC_BIRTHDAY_153,Candle,birthday_candle_2,Candle,Birthday,,,,,,,,,,,,,,,,,Candle
PARTY_PIC_BIRTHDAY_153,Party,birthday_birthdaybanner_8,Party,Birthday,,,,,,,,,,,,,,,,,Party
CAKE_PIC_BIRTHDAY_153,Cake,birthday_cake_3,Cake,Birthday,,,,,,,,,,,,,,,,,Cake
BOX_PIC_BIRTHDAY_153,Box,birthday_box_4,Box,Birthday,,,,,,,,,,,,,,,,,Box
CONFETTI_PIC_BIRTHDAY_153,Confetti,birthday_confetti_5,Confetti,Birthday,,,,,,,,,,,,,,,,,Confetti
BOAT_PIC_SHIPS_154,Boat,,Boat,Ships,,,,,,,,,,,,,,,,,Boat
CANOE_PIC_SHIPS_154,Canoe,,Canoe,Ships,,,,,,,,,,,,,,,,,Canoe
BARGE_PIC_SHIPS_154,Barge,,Barge,Ships,,,,,,,,,,,,,,,,,Barge
FRIGATE_PIC_SHIPS_154,Frigate,,Frigate,Ships,Frégate,Fregatte,Fragata,Fragata,เรือฟริเกต,Fregat,Fregat,フリゲート,Fregata,Fregata,Firkateyn,Фрегат,Fregată,護衛艦,Fregat,Фрегат,护卫舰
YACHT_PIC_SHIPS_154,Yacht,,Yacht,Ships,Yacht,Yacht,Yate,Iate,เรือยอร์ช,Kapal pesiar,Jacht,ヨット,Yacht,Jacht,Yat,Яхта,Iaht,遊艇,Yacht,Яхта,游艇
FERRY_PIC_SHIPS_154,Ferry,,Ferry,Ships,,,,,,,,,,,,,,,,,Ferry
EIGHT_PIC_NUMBERS_155,Eight,,Eight,Numbers,,,,,,,,,,,,,,,,,Eight
SEVEN_PIC_NUMBERS_155,Seven,,Seven,Numbers,,,,,,,,,,,,,,,,,Seven
FIVE_PIC_NUMBERS_155,Five,,Five,Numbers,,,,,,,,,,,,,,,,,Five
SIX_PIC_NUMBERS_155,Six,,Six,Numbers,,,,,,,,,,,,,,,,,Six
THREE_PIC_NUMBERS_155,Three,,Three,Numbers,,,,,,,,,,,,,,,,,Three
TWO_PIC_NUMBERS_155,Two,,Two,Numbers,,,,,,,,,,,,,,,,,Two
ZERO_PIC_NUMBERS_155,Zero,,Zero,Numbers,,,,,,,,,,,,,,,,,Zero
NINE_PIC_NUMBERS_155,Nine,,Nine,Numbers,,,,,,,,,,,,,,,,,Nine
ADULT_PIC_MEDICAL_156,Adult,medical_bandage_5,Adult,Medical,,,,,,,,,,,,,,,,,Adult
TEENAGER_PIC_MEDICAL_156,Teenager,medical_bloodpressuremonitor_7,Teenager,Medical,,,,,,,,,,,,,,,,,Teenager
CHILD_PIC_MEDICAL_156,Child,medical_firstaidkit_8,Child,Medical,,,,,,,,,,,,,,,,,Child
TODDLER_PIC_MEDICAL_156,Toddler,medical_mask_2,Toddler,Medical,,,,,,,,,,,,,,,,,Toddler
NEWBORN_PIC_MEDICAL_156,Newborn,medical_pills_4,Newborn,Medical,,,,,,,,,,,,,,,,,Newborn
SENIOR_PIC_MEDICAL_156,Senior,medical_syringe_3,Senior,Medical,,,,,,,,,,,,,,,,,Senior
RUBY_PIC_GEMS_157,Ruby,gemstone_ruby_2,Ruby,Gems,Ruby,Ruby,Ruby,Ruby,รูบี้,Ruby,Ruby,Ruby,Ruby,Ruby,Ruby,Ruby,Ruby,Ruby,Ruby,Ruby,Ruby
DIAMOND_PIC_GEMS_157,Diamond,gemstone_diamond_1,Diamond,Gems,Diamant,Diamant,Diamante,Diamante,เพชร,Berlian,Diamant,ダイヤモンド,Diamante,Diament,Elmas,Алмаз,Diamant,鑽石,Diamant,Діамант,钻石
EMERALD_PIC_GEMS_157,Emerald,gemstone_emerald_4,Emerald,Gems,,,,,,,,,,,,,,,,,Emerald
PEARL_PIC_GEMS_157,Pearl,gemstone_crystal_5,Pearl,Gems,,,,,,,,,,,,,,,,,Pearl
STAMP_PIC_MAIL_158,Stamp,mail_stamp_1,Stamp,Mail,Timbre,Briefmarke,Sello,Selo,แสตมป์,Perangko,Postzegel,切手,Francobollo,Znaczek,Pul,Марка,Timbru,郵票,Frimærke,Марка,邮票
PARCEL_PIC_MAIL_158,Parcel,mail_parcel_2,Parcel,Mail,,,,,,,,,,,,,,,,,Parcel
LETTER_PIC_MAIL_158,Letter,mail_letter_3,Letter,Mail,Lettre,Brief,Carta,Carta,จดหมาย,Surat,Brief,手紙,Lettera,List,Mektup,Письмо,Scrisoare,信件,Brev,Лист,信件
LADYBUG_PIC_PURPLE_159,Ladybug,purple_amethyst_7,Ladybug,Purple,Coccinelle,Marienkäfer,Mariquita,Joaninha,เต่าทอง,Kepik,Lieveheersbeestje,テントウムシ,Coccinella,Biedronka,Uğur böceği,Божья коровка,Buburuză,瓢蟲,Mariehøne,Сонечко,瓢虫
SUNSET_PIC_PURPLE_159,Sunset,purple_eggplant_1,Sunset,Purple,,,,,,,,,,,,,,,,,Sunset
RAINBOW_PIC_PURPLE_159,Rainbow,purple_lavender_4,Rainbow,Purple,,,,,,,,,,,,,,,,,Rainbow
XMAS_PIC_PURPLE_159,Xmas,purple_plum_3,Xmas,Purple,,,,,,,,,,,,,,,,,Xmas
MARS_PIC_PURPLE_159,Mars,purple_purplegrapes_5,Mars,Purple,Mars,Mars,Marte,Marte,ดาวอังคาร,Mars,Mars,火星,Marte,Mars,Mars,Марс,Marte,火星,Mars,Марс,火星
BLUSHER_PIC_PURPLE_159,Blusher,purple_purplemug_6,Blusher,Purple,,,,,,,,,,,,,,,,,Blusher
USA_FLAG_PIC_PURPLE_159,USA flag,purple_violet_2,USA flag,Purple,,,,,,,,,,,,,,,,,USA flag
LIPSTICK_PIC_PURPLE_159,Lipstick,purple_wisteria_8,Lipstick,Purple,,,,,,,,,,,,,,,,,Lipstick
HAMMER_PIC_TOOLS_160,Hammer,tools_gavel_4,Hammer,Tools,Marteau,Hammer,Martillo,Martelo,ค้อน,Palu,Hamer,ハンマー,Martello,Młotek,Çekiç,Молоток,Ciocan,拍賣槌,Hammer,Молот,拍卖槌
WRENCH_PIC_TOOLS_160,Wrench,tools_wrench_2,Wrench,Tools,,,,,,,,,,,,,,,,,Wrench
DRILL_PIC_TOOLS_160,Drill,tools_hardhat_6,Drill,Tools,,,,,,,,,,,,,,,,,Drill
PLIERS_PIC_TOOLS_160,Pliers,tools_microphone_5,Pliers,Tools,,,,,,,,,,,,,,,,,Pliers
DAIKON_PIC_ROOTS_161,Daikon,,Daikon,Roots,,,,,,,,,,,,,,,,,Daikon
BEET_PIC_ROOTS_161,Beet,,Beet,Roots,,,,,,,,,,,,,,,,,Beet
CARROT_PIC_ROOTS_161,Carrot,,Carrot,Roots,,,,,,,,,,,,,,,,,Carrot
RADISH_PIC_ROOTS_161,Radish,,Radish,Roots,,,,,,,,,,,,,,,,,Radish
GINGER_PIC_ROOTS_161,Ginger,,Ginger,Roots,,,,,,,,,,,,,,,,,Ginger
PARSNIP_PIC_ROOTS_161,Parsnip,,Parsnip,Roots,,,,,,,,,,,,,,,,,Parsnip
TURNIP_PIC_ROOTS_161,Turnip,,Turnip,Roots,,,,,,,,,,,,,,,,,Turnip
CELERY_PIC_ROOTS_161,Celery,,Celery,Roots,,,,,,,,,,,,,,,,,Celery
POLO_PIC_NECKLINE_162,Polo,,Polo,Neckline,,,,,,,,,,,,,,,,,Polo
TURTLENECK_PIC_NECKLINE_162,Turtleneck,,Turtleneck,Neckline,,,,,,,,,,,,,,,,,Turtleneck
COWL_PIC_NECKLINE_162,Cowl,,Cowl,Neckline,,,,,,,,,,,,,,,,,Cowl
COLLAR_PIC_NECKLINE_162,Collar,,Collar,Neckline,,,,,,,,,,,,,,,,,Collar
SCOOPED_PIC_NECKLINE_162,Scooped,,Scooped,Neckline,,,,,,,,,,,,,,,,,Scooped
V_NECK_PIC_NECKLINE_162,V-neck,,V-neck,Neckline,,,,,,,,,,,,,,,,,V-neck
FLUKE_PIC_ANCHORS_163,Fluke,,Fluke,Anchors,,,,,,,,,,,,,,,,,Fluke
PLOW_PIC_ANCHORS_163,Plow,,Plow,Anchors,,,,,,,,,,,,,,,,,Plow
CLAW_PIC_ANCHORS_163,Claw,,Claw,Anchors,,,,,,,,,,,,,,,,,Claw
GRAPNEL_PIC_ANCHORS_163,Grapnel,,Grapnel,Anchors,,,,,,,,,,,,,,,,,Grapnel
OLIVE_PIC_CROPS_164,Olive,,Olive,Crops,,,,,,,,,,,,,,,,,Olive
SUNFLOWER_PIC_CROPS_164,Sunflower,,Sunflower,Crops,,,,,,,,,,,,,,,,,Sunflower
FLAX_PIC_CROPS_164,Flax,,Flax,Crops,,,,,,,,,,,,,,,,,Flax
QUINOA_PIC_CROPS_164,Quinoa,,Quinoa,Crops,,,,,,,,,,,,,,,,,Quinoa
OATS_PIC_CROPS_164,Oats,,Oats,Crops,,,,,,,,,,,,,,,,,Oats
CORN_PIC_CROPS_164,Corn,,Corn,Crops,,,,,,,,,,,,,,,,,Corn
TOMATO_PIC_CROPS_164,Tomato,,Tomato,Crops,,,,,,,,,,,,,,,,,Tomato
POTATO_PIC_CROPS_164,Potato,,Potato,Crops,,,,,,,,,,,,,,,,,Potato
GLOVES_PIC_GARMENTS_165,Gloves,garments_gloves_1,Gloves,Garments,,,,,,,,,,,,,,,,,Gloves
DRESS_PIC_GARMENTS_165,Dress,garments_dress_2,Dress,Garments,,,,,,,,,,,,,,,,,Dress
PANTS_PIC_GARMENTS_165,Pants,garments_pants_3,Pants,Garments,,,,,,,,,,,,,,,,,Pants
SHIRT_PIC_GARMENTS_165,Shirt,garments_shirt_4,Shirt,Garments,,,,,,,,,,,,,,,,,Shirt
PANTIES_PIC_GARMENTS_165,Panties,garments_panties_5,Panties,Garments,,,,,,,,,,,,,,,,,Panties
COAT_PIC_GARMENTS_165,Coat,garments_coat_6,Coat,Garments,,,,,,,,,,,,,,,,,Coat
JACKET_PIC_GARMENTS_165,Jacket,garments_jacket_7,Jacket,Garments,,,,,,,,,,,,,,,,,Jacket
SKIRT_PIC_GARMENTS_165,Skirt,garments_skirt_8,Skirt,Garments,,,,,,,,,,,,,,,,,Skirt
MAN_PIC_PERSON_166,Man,,Man,Person,,,,,,,,,,,,,,,,,Man
WOMAN_PIC_PERSON_166,Woman,,Woman,Person,,,,,,,,,,,,,,,,,Woman
KID_PIC_PERSON_166,Kid,,Kid,Person,,,,,,,,,,,,,,,,,Kid
GRASS_PIC_LAWN_167,Grass,lawn_grass_1,Grass,Lawn,,,,,,,,,,,,,,,,,Grass
MOWER_PIC_LAWN_167,Mower,lawn_mower_2,Mower,Lawn,,,,,,,,,,,,,,,,,Mower
POPPY_PIC_LAWN_167,Poppy,lawn_fourleafclover_3,Poppy,Lawn,,,,,,,,,,,,,,,,,Poppy
SPRINKLER_PIC_LAWN_167,Sprinkler,lawn_sprinkler_4,Sprinkler,Lawn,,,,,,,,,,,,,,,,,Sprinkler
HAT_PIC_CHEF_168,hat,chef_chefshat_1,hat,Chef,,,,,,,,,,,,,,,,,Chef hat
RESTAURANT_PIC_CHEF_168,Restaurant,chef_restaurant_2,Restaurant,Chef,,,,,,,,,,,,,,,,,Restaurant
DISH_PIC_CHEF_168,Dish,chef_dish_3,Dish,Chef,,,,,,,,,,,,,,,,,Dish
FOAM_PIC_FLUFFY_169,Foam,,Foam,Fluffy,,,,,,,,,,,,,,,,,Foam
FEATHER_PIC_FLUFFY_169,Feather,,Feather,Fluffy,,,,,,,,,,,,,,,,,Feather
CLOUD_PIC_FLUFFY_169,Cloud,,Cloud,Fluffy,,,,,,,,,,,,,,,,,Cloud
COTTON_PIC_FLUFFY_169,Cotton,,Cotton,Fluffy,,,,,,,,,,,,,,,,,Cotton
SNOW_PIC_FLUFFY_169,Snow,,Snow,Fluffy,,,,,,,,,,,,,,,,,Snow
FUR_PIC_FLUFFY_169,Fur,,Fur,Fluffy,,,,,,,,,,,,,,,,,Fur
POM_POM_PIC_FLUFFY_169,Pom-pom,,Pom-pom,Fluffy,,,,,,,,,,,,,,,,,Pom-pom
ALPACA_PIC_FLUFFY_169,Alpaca,,Alpaca,Fluffy,,,,,,,,,,,,,,,,,Alpaca
HOUSE_PIC_PROPERTY_170,House,,House,Property,,,,,,,,,,,,,,,,,House
MONEY_PIC_PROPERTY_170,Money,,Money,Property,Argent,Geld,Dinero,Dinheiro,เงิน,Uang,Geld,お金,Denaro,Pieniądze,Para,Деньги,Bani,金錢,Penge,Гроші,金钱
FLAT_PIC_PROPERTY_170,Flat,,Flat,Property,,,,,,,,,,,,,,,,,Flat
STOCKS_PIC_PROPERTY_170,Stocks,,Stocks,Property,,,,,,,,,,,,,,,,,Stocks
GEMS_PIC_PROPERTY_170,Gems,,Gems,Property,,,,,,,,,,,,,,,,,Gems
CRYPTO_PIC_PROPERTY_170,Crypto,,Crypto,Property,,,,,,,,,,,,,,,,,Crypto
YACHT_PIC_PROPERTY_170,Yacht,,Yacht,Property,Yacht,Yacht,Yate,Iate,เรือยอร์ช,Kapal pesiar,Jacht,ヨット,Yacht,Jacht,Yat,Яхта,Iaht,遊艇,Yacht,Яхта,游艇
LAND_PIC_PROPERTY_170,Land,,Land,Property,,,,,,,,,,,,,,,,,Land
ZUCCHINI_PIC_SQUASHES_171,Zucchini,,Zucchini,Squashes,,,,,,,,,,,,,,,,,Zucchini
EGGPLANT_PIC_SQUASHES_171,Eggplant,,Eggplant,Squashes,,,,,,,,,,,,,,,,,Eggplant
PUMPKIN_PIC_SQUASHES_171,Pumpkin,,Pumpkin,Squashes,,,,,,,,,,,,,,,,,Pumpkin
SQUASH_PIC_SQUASHES_171,Squash,,Squash,Squashes,,,,,,,,,,,,,,,,,Squash
LENTIL_PIC_LEGUMES_172,Lentil,,Lentil,Legumes,,,,,,,,,,,,,,,,,Lentil
PEANUT_PIC_LEGUMES_172,Peanut,,Peanut,Legumes,,,,,,,,,,,,,,,,,Peanut
SOYBEAN_PIC_LEGUMES_172,Soybean,,Soybean,Legumes,,,,,,,,,,,,,,,,,Soybean
LUPIN_PIC_LEGUMES_172,Lupin,,Lupin,Legumes,,,,,,,,,,,,,,,,,Lupin
CLOVER_PIC_LEGUMES_172,Clover,,Clover,Legumes,,,,,,,,,,,,,,,,,Clover
GRAM_PIC_LEGUMES_172,Gram,,Gram,Legumes,,,,,,,,,,,,,,,,,Gram
GUAR_PIC_LEGUMES_172,Guar,,Guar,Legumes,,,,,,,,,,,,,,,,,Guar
ALFALFA_PIC_LEGUMES_172,Alfalfa,,Alfalfa,Legumes,,,,,,,,,,,,,,,,,Alfalfa
CUBE_PIC_3D_173,Cube,3d_cube_1,Cube,3D,,,,,,,,,,,,,,,,,Cube
SPHERE_PIC_3D_173,Sphere,3d_sphere_2,Sphere,3D,,,,,,,,,,,,,,,,,Sphere
CONE_PIC_3D_173,Cone,3d_cone_3,Cone,3D,,,,,,,,,,,,,,,,,Cone
TORUS_PIC_3D_173,Torus,3d_torus_4,Torus,3D,,,,,,,,,,,,,,,,,Torus
TRAIN_PIC_VEHICLE_174,Train,,Train,Vehicle,,,,,,,,,,,,,,,,,Train
BOAT_PIC_VEHICLE_174,Boat,,Boat,Vehicle,,,,,,,,,,,,,,,,,Boat
BUS_PIC_VEHICLE_174,Bus,,Bus,Vehicle,,,,,,,,,,,,,,,,,Bus
CAR_PIC_VEHICLE_174,Car,,Car,Vehicle,Voiture,Auto,Coche,Carro,รถยนต์,Mobil,Auto,車,Auto,Samochód,Araba,Машина,Mașină,汽車,Bil,Авто,汽车
BEAR_PIC_OMNIVORE_175,Bear,,Bear,Omnivore,,,,,,,,,,,,,,,,,Bear
BOAR_PIC_OMNIVORE_175,Boar,,Boar,Omnivore,,,,,,,,,,,,,,,,,Boar
SKUNK_PIC_OMNIVORE_175,Skunk,,Skunk,Omnivore,,,,,,,,,,,,,,,,,Skunk
RACCOON_PIC_OMNIVORE_175,Raccoon,,Raccoon,Omnivore,,,,,,,,,,,,,,,,,Raccoon
MONKEY_PIC_OMNIVORE_175,Monkey,,Monkey,Omnivore,,,,,,,,,,,,,,,,,Monkey
HUMAN_PIC_OMNIVORE_175,Human,,Human,Omnivore,,,,,,,,,,,,,,,,,Human
BATS_PIC_VAMPIRE_176,Bats,vampire_bats_1,Bats,Vampire,,,,,,,,,,,,,,,,,Bats
FANGS_PIC_VAMPIRE_176,Fangs,vampire_fangs_2,Fangs,Vampire,,,,,,,,,,,,,,,,,Fangs
COFFIN_PIC_VAMPIRE_176,Coffin,vampire_coffin_3,Coffin,Vampire,,,,,,,,,,,,,,,,,Coffin
GARLIC_PIC_VAMPIRE_176,Garlic,vampire_garlic_4,Garlic,Vampire,,,,,,,,,,,,,,,,,Garlic
ECLAIRS_PIC_PASTRY_177,Eclairs,pastry_profiterole_1,Eclairs,Pastry,,,,,,,,,,,,,,,,,Eclairs
PIE_PIC_PASTRY_177,Pie,pastry_pie_2,Pie,Pastry,,,,,,,,,,,,,,,,,Pie
CAKE_PIC_PASTRY_177,Cake,pastry_cake_3,Cake,Pastry,,,,,,,,,,,,,,,,,Cake
BRIOCHE_PIC_PASTRY_177,Brioche,pastry_brioche_4,Brioche,Pastry,Brioche,Brioche,Brioche,Brioche,บริยอช,Brioche,Brioche,ブリオッシュ,Brioche,Brioche,Brioche,Бриошь,Brioșă,布里歐,Brioche,Бріош,布里欧
TART_PIC_PASTRY_177,Tart,pastry_tart_5,Tart,Pastry,,,,,,,,,,,,,,,,,Tart
SCONE_PIC_PASTRY_177,Scone,pastry_scone_6,Scone,Pastry,,,,,,,,,,,,,,,,,Scone
STRUDEL_PIC_PASTRY_177,Strudel,pastry_strudel_7,Strudel,Pastry,,,,,,,,,,,,,,,,,Strudel
BROWNIE_PIC_PASTRY_177,Brownie,pastry_brownie_8,Brownie,Pastry,,,,,,,,,,,,,,,,,Brownie
BIG_BEN_PIC_LANDMARK_178,Big Ben,landmark_bigben_1,Big Ben,Landmark,Big Ben,Big Ben,Big Ben,Big Ben,บิ๊กเบน,Big Ben,Big Ben,ビッグベン,Big Ben,Big Ben,Big Ben,Биг-Бен,Big Ben,大笨鐘,Big Ben,Біг-Бен,大笨钟
SPHINX_PIC_LANDMARK_178,Sphinx,landmark_eiffeltower_6,Sphinx,Landmark,Sphinx,Sphinx,Esfinge,Esfinge,สฟิงซ์,Sphinx,Sfinx,スフィンクス,Sfinge,Sfinks,Sfenks,Сфинкс,Sfinx,人面獅身,Sfinks,Сфінкс,人面狮身
COLOSSEUM_PIC_LANDMARK_178,Colosseum,landmark_colosseum_3,Colosseum,Landmark,Colisée,Kolosseum,Coliseo,Coliseu,โคลอสเซียม,Koloseum,Colosseum,コロッセオ,Colosseo,Koloseum,Kolezyum,Колизей,Colosseum,鬥獸場,Colosseum,Колізей,斗兽场
PYRAMIDS_PIC_LANDMARK_178,Pyramids,landmark_pyramids_4,Pyramids,Landmark,Pyramides,Pyramiden,Pirámides,Pirâmides,พีระมิด,Piramida,Piramiden,ピラミッド群,Piramidi,Piramidy,Piramitler,Пирамиды,Piramide,金字塔群,Pyramider,Піраміди,金字塔群
TRUNK_PIC_ECO_179,Trunk,ecoitems_bicycle_6,Trunk,Eco,,,,,,,,,,,,,,,,,Trunk
ROOT_PIC_ECO_179,Root,ecoitems_biodegradableutensils_2,Root,Eco,,,,,,,,,,,,,,,,,Root
SPROUT_PIC_ECO_179,Sprout,ecoitems_ledlight_8,Sprout,Eco,,,,,,,,,,,,,,,,,Sprout
SEED_PIC_ECO_179,Seed,ecoitems_recyclingbin_5,Seed,Eco,,,,,,,,,,,,,,,,,Seed
FOLIAGE_PIC_ECO_179,Foliage,ecoitems_reusablebag_1,Foliage,Eco,,,,,,,,,,,,,,,,,Foliage
BRANCH_PIC_ECO_179,Branch,ecoitems_solarpanel_3,Branch,Eco,,,,,,,,,,,,,,,,,Branch
PETAL_PIC_ECO_179,Petal,ecoitems_watersavingfaucet_7,Petal,Eco,,,,,,,,,,,,,,,,,Petal
BUD_PIC_ECO_179,Bud,ecoitems_windmill_4,Bud,Eco,,,,,,,,,,,,,,,,,Bud
JACKET_PIC_CLOTHES_180,Jacket,,Jacket,Clothes,,,,,,,,,,,,,,,,,Jacket
SWEATER_PIC_CLOTHES_180,Sweater,,Sweater,Clothes,,,,,,,,,,,,,,,,,Sweater
PULLOVER_PIC_CLOTHES_180,Pullover,,Pullover,Clothes,,,,,,,,,,,,,,,,,Pullover
BLOUSE_PIC_CLOTHES_180,Blouse,,Blouse,Clothes,,,,,,,,,,,,,,,,,Blouse
JEANS_PIC_CLOTHES_180,Jeans,,Jeans,Clothes,,,,,,,,,,,,,,,,,Jeans
SKIRT_PIC_CLOTHES_180,Skirt,,Skirt,Clothes,,,,,,,,,,,,,,,,,Skirt
SUNGLASSES_PIC_GLASSES_181,Sunglasses,,Sunglasses,Glasses,,,,,,,,,,,,,,,,,Sunglasses
READING_PIC_GLASSES_181,Reading,,Reading,Glasses,,,,,,,,,,,,,,,,,Reading
MONOCLE_PIC_GLASSES_181,Monocle,,Monocle,Glasses,Monocle,Monokel,Monóculo,Monóculo,โมโนเคิล,Monokel,Monocle,モノクル,Monocolo,Monokl,Monoküler,Монокль,Monoclu,單片眼鏡,Monokel,Монокль,单片眼镜
SAFETY_PIC_GLASSES_181,Safety,,Safety,Glasses,,,,,,,,,,,,,,,,,Safety
BUGLE_PIC_WIND_182,Bugle,wind_bugle_1,Bugle,Wind,,,,,,,,,,,,,,,,,Bugle
TUBA_PIC_WIND_182,Tuba,wind_tuba_2,Tuba,Wind,,,,,,,,,,,,,,,,,Tuba
FLUTE_PIC_WIND_182,Flute,wind_flute_3,Flute,Wind,Flûte,Flöte,Flauta,Flauta,ฟลุต,Seruling,Fluit,フルート,Flauto,Flet,Flüt,Флейта,Flaut,長笛,Fløjte,Флейта,长笛
SAX_PIC_WIND_182,Sax,wind_sax_4,Sax,Wind,,,,,,,,,,,,,,,,,Sax
HARMONICA_PIC_WIND_182,Harmonica,wind_harmonica_5,Harmonica,Wind,,,,,,,,,,,,,,,,,Harmonica
BAGPIPES_PIC_WIND_182,Bagpipes,wind_bagpipes_6,Bagpipes,Wind,,,,,,,,,,,,,,,,,Bagpipes
CLARINET_PIC_WIND_182,Clarinet,wind_clarinet_7,Clarinet,Wind,Clarinette,Klarinette,Clarinete,Clarinete,คลาริเน็ต,Klarinet,Klarinet,クラリネット,Clarinetto,Klarnet,Klarnet,Кларнет,Clarinet,單簧管,Klarinet,Кларнет,单簧管
TRUMPET_PIC_WIND_182,Trumpet,wind_trumpet_8,Trumpet,Wind,,,,,,,,,,,,,,,,,Trumpet
BLUEPRINT_PIC_ENGINEER_183,Blueprint,,Blueprint,Engineer,,,,,,,,,,,,,,,,,Blueprint
EQUATIONS_PIC_ENGINEER_183,Equations,,Equations,Engineer,,,,,,,,,,,,,,,,,Equations
LIGHTBULB_PIC_ENGINEER_183,Lightbulb,,Lightbulb,Engineer,,,,,,,,,,,,,,,,,Lightbulb
PROTRACTOR_PIC_ENGINEER_183,Protractor,,Protractor,Engineer,,,,,,,,,,,,,,,,,Protractor
TUNA_PIC_SEA_FISH_184,Tuna,seafish_tuna_1,Tuna,Sea fish,Thon,Thunfisch,Atún,Atum,ทูน่า,Tuna,Tonijn,マグロ,Tonno,Tuńczyk,Ton balığı,Тунец,Ton,鮪魚,Tun,Тунець,鲔鱼
MARLIN_PIC_SEA_FISH_184,Marlin,seafish_marlin_2,Marlin,Sea fish,Marlin,Marlin,Marlín,Marlim,มาร์ลิน,Marlin,Marlijn,カジキ,Marlin,Marlin,Marlin,Марлин,Marlin,旗魚,Marlin,Марлін,旗鱼
COD_PIC_SEA_FISH_184,Cod,seafish_cod_3,Cod,Sea fish,,,,,,,,,,,,,,,,,Cod
SARDINE_PIC_SEA_FISH_184,Sardine,seafish_sardine_4,Sardine,Sea fish,Sardine,Sardine,Sardina,Sardinha,ซาร์ดีน,Sarden,Sardine,イワシ,Sardina,Sardynka,Sardalya,Сардина,Sardină,沙丁魚,Sardin,Сардина,沙丁鱼
SHARK_PIC_SEA_FISH_184,Shark,seafish_shark_5,Shark,Sea fish,,,,,,,,,,,,,,,,,Shark
SAWFISH_PIC_SEA_FISH_184,Sawfish,seafish_sawfish_6,Sawfish,Sea fish,,,,,,,,,,,,,,,,,Sawfish
BALL_PIC_ROUND_185,Ball,,Ball,Round,,,,,,,,,,,,,,,,,Ball
CLOCKS_PIC_ROUND_185,Clocks,,Clocks,Round,,,,,,,,,,,,,,,,,Clocks
PLATE_PIC_ROUND_185,Plate,,Plate,Round,Assiette,Teller,Plato,Prato,จาน,Piring,Bord,皿,Piatto,Talerz,Tabak,Тарелка,Farfurie,盤子,Tallerken,Тарілка,盘子
EARTH_PIC_ROUND_185,Earth,,Earth,Round,Terre,Erde,Tierra,Terra,โลก,Bumi,Aarde,地球,Terra,Ziemia,Dünya,Земля,Pământ,地球,Jorden,Земля,地球
DRIVEWAY_PIC_GARAGE_186,Driveway,,Driveway,Garage,,,,,,,,,,,,,,,,,Driveway
WORKSHOP_PIC_GARAGE_186,Workshop,,Workshop,Garage,,,,,,,,,,,,,,,,,Workshop
OPENER_PIC_GARAGE_186,Opener,,Opener,Garage,,,,,,,,,,,,,,,,,Opener
REMOTE_PIC_GARAGE_186,Remote,,Remote,Garage,,,,,,,,,,,,,,,,,Remote
CLASSROOM_PIC_SCHOOLS_187,Classroom,,Classroom,Schools,,,,,,,,,,,,,,,,,Classroom
LABORATORY_PIC_SCHOOLS_187,Laboratory,,Laboratory,Schools,,,,,,,,,,,,,,,,,Laboratory
LOCKER_PIC_SCHOOLS_187,Locker,,Locker,Schools,,,,,,,,,,,,,,,,,Locker
TEXTBOOK_PIC_SCHOOLS_187,Textbook,,Textbook,Schools,,,,,,,,,,,,,,,,,Textbook
CHALKBOARD_PIC_SCHOOLS_187,Chalkboard,,Chalkboard,Schools,,,,,,,,,,,,,,,,,Chalkboard
MARKER_PIC_SCHOOLS_187,Marker,,Marker,Schools,,,,,,,,,,,,,,,,,Marker
CALCULATOR_PIC_SCHOOLS_187,Calculator,,Calculator,Schools,,,,,,,,,,,,,,,,,Calculator
SCHOOL_BUILDING_PIC_SCHOOLS_187,School building,,School building,Schools,École,Schule,Escuela,Escola,อาคารเรียน,Gedung sekolah,Schoolgebouw,学校,Scuola,Budynek szkoły,Okul binası,Школа,Clădire școlară,學校,Skolebygning,Школа,学校
ELECTRIC_CAR_PIC_CHARGER_188,Electric car,charger_electriccar_1,Electric car,Charger,,,,,,,,,,,,,,,,,Electric car
SMARTWATCH_PIC_CHARGER_188,Smartwatch,charger_smartwatch_2,Smartwatch,Charger,,,,,,,,,,,,,,,,,Smartwatch
LAPTOP_PIC_CHARGER_188,Laptop,charger_laptop_3,Laptop,Charger,,,,,,,,,,,,,,,,,Laptop
DIGITAL_CAMERA_PIC_CHARGER_188,Digital camera,charger_digitalcamera_4,Digital camera,Charger,,,,,,,,,,,,,,,,,Digital camera
POWER_BANK_PIC_CHARGER_188,Power bank,charger_powerbank_5,Power bank,Charger,,,,,,,,,,,,,,,,,Power bank
ELECTRIC_TOOTHBRUSH_PIC_CHARGER_188,Electric toothbrush,charger_electrictoothbrush_6,Electric toothbrush,Charger,,,,,,,,,,,,,,,,,Electric toothbrush
LIGHTER_PIC_PASSION_189,Lighter,,Lighter,Passion,,,,,,,,,,,,,,,,,Lighter
SPARK_PIC_PASSION_189,Spark,,Spark,Passion,,,,,,,,,,,,,,,,,Spark
SCORE_PIC_PASSION_189,Score,,Score,Passion,Score,Punktzahl,Puntuación,Pontuação,คะแนน,Skor,Partituur,スコア,Punteggio,Wynik,Skor,Счёт,Partitură,得分,Score,Рахунок,得分
WEDDING_PIC_PASSION_189,Wedding,,Wedding,Passion,,,,,,,,,,,,,,,,,Wedding
BILLBOARD_PIC_ADS_190,Billboard,,Billboard,Ads,,,,,,,,,,,,,,,,,Billboard
NEWSPAPER_PIC_ADS_190,Newspaper,,Newspaper,Ads,,,,,,,,,,,,,,,,,Newspaper
TV_SCREEN_PIC_ADS_190,TV screen,,TV screen,Ads,,,,,,,,,,,,,,,,,TV screen
NECKLACE_PIC_WOMAN_191,Necklace,,Necklace,Woman,,,,,,,,,,,,,,,,,Necklace
DRESS_PIC_WOMAN_191,Dress,,Dress,Woman,,,,,,,,,,,,,,,,,Dress
HIGH_HEELS_PIC_WOMAN_191,High heels,,High heels,Woman,,,,,,,,,,,,,,,,,High heels
LIPSTICK_PIC_WOMAN_191,Lipstick,,Lipstick,Woman,,,,,,,,,,,,,,,,,Lipstick
EARRING_PIC_WOMAN_191,Earring,,Earring,Woman,,,,,,,,,,,,,,,,,Earring
HANDBAG_PIC_WOMAN_191,Handbag,,Handbag,Woman,,,,,,,,,,,,,,,,,Handbag
NAIL_POLISH_PIC_WOMAN_191,Nail polish,,Nail polish,Woman,,,,,,,,,,,,,,,,,Nail polish
PERFUME_PIC_WOMAN_191,Perfume,,Perfume,Woman,,,,,,,,,,,,,,,,,Perfume
DUNES_PIC_DESERTS_192,Dunes,desert_dunes_1,Dunes,Deserts,,,,,,,,,,,,,,,,,Dunes
CACTI_PIC_DESERTS_192,Cacti,desert_cacti_2,Cacti,Deserts,,,,,,,,,,,,,,,,,Cacti
OASIS_PIC_DESERTS_192,Oasis,desert_oasis_3,Oasis,Deserts,,,,,,,,,,,,,,,,,Oasis
CAMEL_PIC_DESERTS_192,Camel,desert_camel_4,Camel,Deserts,,,,,,,,,,,,,,,,,Camel
JUICE_PIC_ORANGE_193,juice,,juice,Orange,Jus,Saft,Zumo,Suco,น้ำผลไม้,Jus,Sap,ジュース,Succo,Sok,Meyve suyu,Сок,Suc,果汁,Juice,Сік,果汁
PUMPKIN_PIC_ORANGE_193,Pumpkin,,Pumpkin,Orange,,,,,,,,,,,,,,,,,Pumpkin
FIRE_PIC_ORANGE_193,Fire,,Fire,Orange,,,,,,,,,,,,,,,,,Fire
BOTTLE_PIC_MILK_194,Bottle,,Bottle,Milk,,,,,,,,,,,,,,,,,Bottle
CARTON_PIC_MILK_194,Carton,,Carton,Milk,,,,,,,,,,,,,,,,,Carton
GLASS_PIC_MILK_194,Glass,,Glass,Milk,Verre,Glas,Vidrio,Vidro,แก้ว,Kaca,Glas,ガラス,Vetro,Szkło,Cam,Стекло,Sticlă,玻璃,Glas,Скло,玻璃
CUP_PIC_MILK_194,Cup,,Cup,Milk,Tasse,Tasse,Taza,Xícara,ถ้วย,Cangkir,Beker,カップ,Tazza,Filiżanka,Fincan,Чашка,Ceașcă,杯子,Kop,Чашка,杯子
COCONUT_PIC_MILK_194,Coconut,,Coconut,Milk,,,,,,,,,,,,,,,,,Coconut
SOY_PIC_MILK_194,Soy,,Soy,Milk,,,,,,,,,,,,,,,,,Soy
OAT_PIC_MILK_194,Oat,,Oat,Milk,,,,,,,,,,,,,,,,,Oat
ALMOND_PIC_MILK_194,Almond,,Almond,Milk,,,,,,,,,,,,,,,,,Almond
NOTES_PIC_EXAM_195,Notes,,Notes,Exam,,,,,,,,,,,,,,,,,Notes
DIPLOMA_PIC_EXAM_195,Diploma,,Diploma,Exam,,,,,,,,,,,,,,,,,Diploma
CALCULATOR_PIC_EXAM_195,Calculator,,Calculator,Exam,,,,,,,,,,,,,,,,,Calculator
BLACKBOARD_PIC_EXAM_195,Blackboard,,Blackboard,Exam,,,,,,,,,,,,,,,,,Blackboard
BASEBALL_PIC_BALL_196,Baseball,,Baseball,Ball,,,,,,,,,,,,,,,,,Baseball
BASKETBALL_PIC_BALL_196,Basketball,,Basketball,Ball,,,,,,,,,,,,,,,,,Basketball
GOLF_BALL_PIC_BALL_196,Golf ball,,Golf ball,Ball,,,,,,,,,,,,,,,,,Golf ball
BOOKSTORE_PIC_MALL_197,Bookstore,mall_bookstore_1,Bookstore,Mall,,,,,,,,,,,,,,,,,Bookstore
PHARMACY_PIC_MALL_197,Pharmacy,mall_pharmacy_2,Pharmacy,Mall,,,,,,,,,,,,,,,,,Pharmacy
SECURITY_PIC_MALL_197,Security,mall_security_3,Security,Mall,Sécurité,Sicherheit,Seguridad,Segurança,ความปลอดภัย,Keamanan,Beveiliging,セキュリティ,Sicurezza,Ochrona,Güvenlik,Безопасность,Securitate,保全,Sikkerhed,Безпека,保全
JANITOR_PIC_MALL_197,Janitor,mall_janitor_4,Janitor,Mall,,,,,,,,,,,,,,,,,Janitor
CREDIT_CARD_PIC_MALL_197,Credit card,mall_creditcard_5,Credit card,Mall,,,,,,,,,,,,,,,,,Credit card
CASH_PIC_MALL_197,Cash,mall_cash_6,Cash,Mall,,,,,,,,,,,,,,,,,Cash
PAPER_BAG_PIC_MALL_197,Paper bag,mall_paperbag_7,Paper bag,Mall,,,,,,,,,,,,,,,,,Paper bag
FITTING_ROOM_PIC_MALL_197,Fitting room,mall_fittingroom_8,Fitting room,Mall,,,,,,,,,,,,,,,,,Fitting room
DJEMBE_PIC_TRIBE_198,Djembe,,Djembe,Tribe,Djembé,Djembe,Djembé,Djembê,เจมเบ,Djembe,Djembé,ジャンベ,Djembe,Djembe,Djembe,Джембе,Djembé,非洲鼓,Djembe,Джембе,非洲鼓
TATTOO_PIC_TRIBE_198,Tattoo,,Tattoo,Tribe,,,,,,,,,,,,,,,,,Tattoo
TOTEM_PIC_TRIBE_198,Totem,,Totem,Tribe,Totem,Totem,Tótem,Totem,เสาโทเทม,Totem,Totem,トーテム,Totem,Totem,Totem,Тотем,Totem,圖騰,Totem,Тотем,图腾
TALISMAN_PIC_TRIBE_198,Talisman,,Talisman,Tribe,,,,,,,,,,,,,,,,,Talisman